insert into public.fact_search_keyword_daily (
  date,
  brand_id,
  search_word,
  source,
  query_id,
  global_id,
  impressions,
  clicks,
  poi_clicks,
  deal_clicks,
  order_submits,
  paid_orders,
  verified_orders,
  gmv
)
values
  (
    '2026-01-31',
    'haidilao',
    'haidilao',
    'mt_search_poi',
    'demo-query-hdl-202601',
    'demo-global-hdl-202601',
    980000,
    85260,
    33800,
    12840,
    4860,
    3120,
    2589,
    1025232.00
  ),
  (
    '2026-02-28',
    'haidilao',
    '海底捞',
    'mt_search_poi',
    'demo-query-hdl-202602',
    'demo-global-hdl-202602',
    1086000,
    97900,
    40200,
    15820,
    6020,
    3875,
    3255,
    1328350.00
  ),
  (
    '2026-03-31',
    'haidilao',
    '海底捞火锅',
    'mt_search_poi',
    'demo-query-hdl-202603',
    'demo-global-hdl-202603',
    1128000,
    103220,
    42980,
    17420,
    6410,
    4122,
    3462,
    1312510.00
  ),
  (
    '2026-04-30',
    'haidilao',
    '海底捞团购',
    'mt_search_deal',
    'demo-query-hdl-202604',
    'demo-global-hdl-202604',
    1046000,
    93460,
    38610,
    18130,
    6680,
    4318,
    3660,
    1324210.60
  ),
  (
    '2026-05-31',
    'haidilao',
    '海底捞生日',
    'mt_search_poi',
    'demo-query-hdl-202605',
    'demo-global-hdl-202605',
    1215000,
    113800,
    47200,
    20980,
    7810,
    5028,
    4284,
    1579441.80
  ),
  (
    '2026-06-30',
    'haidilao',
    'haidilao',
    'mt_search_poi',
    'demo-query-hdl-202606',
    'demo-global-hdl-202606',
    1280000,
    121600,
    51200,
    23640,
    8460,
    5415,
    4620,
    1730634.00
  ),
  (
    current_date,
    'haidilao',
    'haidilao',
    'mt_search_poi',
    'demo-query-hdl',
    'demo-global-hdl',
    12800,
    1140,
    436,
    172,
    64,
    41,
    29,
    14690.30
  )
on conflict (date, brand_id, search_word, source) do update
set
  query_id = excluded.query_id,
  global_id = excluded.global_id,
  impressions = excluded.impressions,
  clicks = excluded.clicks,
  poi_clicks = excluded.poi_clicks,
  deal_clicks = excluded.deal_clicks,
  order_submits = excluded.order_submits,
  paid_orders = excluded.paid_orders,
  verified_orders = excluded.verified_orders,
  gmv = excluded.gmv;

insert into public.fact_poi_daily (
  date,
  poi_id,
  exposure,
  visits,
  search_visits,
  deal_clicks,
  favorite_count,
  navigate_clicks,
  phone_clicks,
  avg_stay_seconds
)
values
  ('2026-05-31', 'hdl-sh-jingan-001', 318000, 53200, 11800, 5240, 2180, 1260, 610, 112.0),
  ('2026-05-31', 'hdl-bj-chaoyang-001', 286000, 47600, 10640, 4680, 1960, 1115, 588, 108.0),
  ('2026-05-31', 'hdl-sz-nanshan-001', 226000, 38200, 8420, 3560, 1480, 910, 430, 101.0),
  ('2026-05-31', 'hdl-cd-jinjiang-001', 198000, 33600, 7820, 3320, 1320, 820, 398, 96.0),
  ('2026-05-31', 'hdl-hz-binjiang-001', 164000, 28400, 6120, 2760, 1090, 690, 322, 93.0),
  ('2026-06-30', 'hdl-sh-jingan-001', 342000, 57800, 12840, 5910, 2360, 1380, 655, 116.0),
  ('2026-06-30', 'hdl-bj-chaoyang-001', 306000, 51400, 11620, 5260, 2110, 1220, 618, 111.0),
  ('2026-06-30', 'hdl-sz-nanshan-001', 244000, 41800, 9340, 4210, 1640, 1010, 455, 103.0),
  ('2026-06-30', 'hdl-cd-jinjiang-001', 214000, 36800, 8540, 3740, 1460, 892, 410, 98.0),
  ('2026-06-30', 'hdl-hz-binjiang-001', 178000, 30600, 7060, 3180, 1210, 738, 350, 95.0),
  (current_date, '1287671875', 18600, 2410, 436, 172, 83, 46, 18, 89.0)
on conflict (date, poi_id) do update
set
  exposure = excluded.exposure,
  visits = excluded.visits,
  search_visits = excluded.search_visits,
  deal_clicks = excluded.deal_clicks,
  favorite_count = excluded.favorite_count,
  navigate_clicks = excluded.navigate_clicks,
  phone_clicks = excluded.phone_clicks,
  avg_stay_seconds = excluded.avg_stay_seconds;

insert into public.fact_deal_campaign_daily (
  date,
  deal_id,
  campaign_id,
  source,
  impressions,
  detail_views,
  buy_clicks,
  order_submits,
  paid_orders,
  verified_orders,
  pay_gmv,
  coupon_reduce_amount,
  refunds
)
values
  (
    '2026-05-31',
    'hdl-family-499',
    'hdl-2026h1-family',
    'mt_search_poi',
    318000,
    5240,
    3220,
    1850,
    1206,
    1025,
    601794.00,
    83120.00,
    38
  ),
  (
    '2026-05-31',
    'hdl-weekday-199',
    'hdl-2026h1-weekday',
    'mt_search_poi',
    242000,
    4680,
    2910,
    1680,
    1098,
    938,
    218502.00,
    42822.00,
    31
  ),
  (
    '2026-05-31',
    'hdl-member-299',
    'hdl-2026h1-member',
    'mt_search_poi',
    210000,
    3560,
    2240,
    1320,
    868,
    738,
    259532.00,
    33852.00,
    24
  ),
  (
    '2026-06-30',
    'hdl-family-499',
    'hdl-2026h1-family',
    'mt_search_poi',
    356000,
    5910,
    3720,
    2140,
    1394,
    1205,
    695606.00,
    96186.00,
    41
  ),
  (
    '2026-06-30',
    'hdl-weekday-199',
    'hdl-2026h1-weekday',
    'mt_search_poi',
    266000,
    5260,
    3340,
    1920,
    1258,
    1082,
    250342.00,
    49062.00,
    34
  ),
  (
    '2026-06-30',
    'hdl-member-299',
    'hdl-2026h1-member',
    'mt_search_poi',
    238000,
    4210,
    2680,
    1580,
    1032,
    884,
    308568.00,
    40248.00,
    28
  ),
  (
    current_date,
    '1651151438',
    '1151457400',
    'mt_search_poi',
    3220,
    172,
    91,
    64,
    41,
    29,
    14690.30,
    1258.70,
    2
  )
on conflict (date, deal_id, campaign_id, source) do update
set
  impressions = excluded.impressions,
  detail_views = excluded.detail_views,
  buy_clicks = excluded.buy_clicks,
  order_submits = excluded.order_submits,
  paid_orders = excluded.paid_orders,
  verified_orders = excluded.verified_orders,
  pay_gmv = excluded.pay_gmv,
  coupon_reduce_amount = excluded.coupon_reduce_amount,
  refunds = excluded.refunds;
