-- 沙盘下钻全量种子数据
-- 统计周期: 2024-01-01 至 2026-06-30
-- 粒度: 品牌 → 城市 → 商圈(business_area) → 门店

insert into public.dim_brand (brand_id, brand_name, category, brand_level, headquarter_city, store_count, ka_owner, cooperation_status)
values ('haidilao', '海底捞', '火锅', '全国 KA', '北京', 30, 'KA 城市经理', '深度合作')
on conflict (brand_id) do update set store_count = excluded.store_count;

insert into public.dim_poi (poi_id, brand_id, poi_name, city, district, business_area, category, address, poi_status)
values
('hdl-上海-静安大悦城-01', 'haidilao', '海底捞上海静安大悦城店', '上海', '静安', '静安大悦城', '火锅', 'Demo：上海静安大悦城', 'active'),
('hdl-上海-静安大悦城-02', 'haidilao', '海底捞上海南京西路店', '上海', '静安', '静安大悦城', '火锅', 'Demo：上海静安大悦城', 'active'),
('hdl-上海-陆家嘴-01', 'haidilao', '海底捞上海陆家嘴店', '上海', '浦东', '陆家嘴', '火锅', 'Demo：上海陆家嘴', 'active'),
('hdl-北京-朝阳合生汇-01', 'haidilao', '海底捞北京朝阳合生汇店', '北京', '朝阳', '朝阳合生汇', '火锅', 'Demo：北京朝阳合生汇', 'active'),
('hdl-北京-朝阳合生汇-02', 'haidilao', '海底捞北京三里屯店', '北京', '朝阳', '朝阳合生汇', '火锅', 'Demo：北京朝阳合生汇', 'active'),
('hdl-北京-西单大悦城-01', 'haidilao', '海底捞北京西单店', '北京', '西城', '西单大悦城', '火锅', 'Demo：北京西单大悦城', 'active'),
('hdl-深圳-万象天地-01', 'haidilao', '海底捞深圳南山万象天地店', '深圳', '南山', '万象天地', '火锅', 'Demo：深圳万象天地', 'active'),
('hdl-深圳-万象天地-02', 'haidilao', '海底捞深圳海岸城店', '深圳', '南山', '万象天地', '火锅', 'Demo：深圳万象天地', 'active'),
('hdl-深圳-福田coco-01', 'haidilao', '海底捞深圳福田店', '深圳', '福田', '福田COCO', '火锅', 'Demo：深圳福田COCO', 'active'),
('hdl-成都-春熙路-01', 'haidilao', '海底捞成都春熙路店', '成都', '锦江', '春熙路', '火锅', 'Demo：成都春熙路', 'active'),
('hdl-成都-春熙路-02', 'haidilao', '海底捞成都IFS店', '成都', '锦江', '春熙路', '火锅', 'Demo：成都春熙路', 'active'),
('hdl-成都-太古里-01', 'haidilao', '海底捞成都太古里店', '成都', '武侯', '太古里', '火锅', 'Demo：成都太古里', 'active'),
('hdl-杭州-滨江龙湖-01', 'haidilao', '海底捞杭州滨江龙湖店', '杭州', '滨江', '滨江龙湖', '火锅', 'Demo：杭州滨江龙湖', 'active'),
('hdl-杭州-滨江龙湖-02', 'haidilao', '海底捞杭州万象城店', '杭州', '滨江', '滨江龙湖', '火锅', 'Demo：杭州滨江龙湖', 'active'),
('hdl-杭州-湖滨银泰-01', 'haidilao', '海底捞杭州湖滨店', '杭州', '上城', '湖滨银泰', '火锅', 'Demo：杭州湖滨银泰', 'active'),
('hdl-广州-天河城-01', 'haidilao', '海底捞广州天河城店', '广州', '天河', '天河城', '火锅', 'Demo：广州天河城', 'active'),
('hdl-广州-天河城-02', 'haidilao', '海底捞广州正佳店', '广州', '天河', '天河城', '火锅', 'Demo：广州天河城', 'active'),
('hdl-广州-北京路-01', 'haidilao', '海底捞广州北京路店', '广州', '越秀', '北京路', '火锅', 'Demo：广州北京路', 'active'),
('hdl-南京-新街口-01', 'haidilao', '海底捞南京新街口店', '南京', '秦淮', '新街口', '火锅', 'Demo：南京新街口', 'active'),
('hdl-南京-新街口-02', 'haidilao', '海底捞南京德基店', '南京', '秦淮', '新街口', '火锅', 'Demo：南京新街口', 'active'),
('hdl-南京-河西万达-01', 'haidilao', '海底捞南京河西店', '南京', '建邺', '河西万达', '火锅', 'Demo：南京河西万达', 'active'),
('hdl-武汉-江汉路-01', 'haidilao', '海底捞武汉江汉路店', '武汉', '江汉', '江汉路', '火锅', 'Demo：武汉江汉路', 'active'),
('hdl-武汉-江汉路-02', 'haidilao', '海底捞武汉国际广场店', '武汉', '江汉', '江汉路', '火锅', 'Demo：武汉江汉路', 'active'),
('hdl-武汉-光谷-01', 'haidilao', '海底捞武汉光谷店', '武汉', '东湖高新', '光谷', '火锅', 'Demo：武汉光谷', 'active'),
('hdl-重庆-解放碑-01', 'haidilao', '海底捞重庆解放碑店', '重庆', '渝中', '解放碑', '火锅', 'Demo：重庆解放碑', 'active'),
('hdl-重庆-解放碑-02', 'haidilao', '海底捞重庆来福士店', '重庆', '渝中', '解放碑', '火锅', 'Demo：重庆解放碑', 'active'),
('hdl-重庆-观音桥-01', 'haidilao', '海底捞重庆观音桥店', '重庆', '江北', '观音桥', '火锅', 'Demo：重庆观音桥', 'active'),
('hdl-西安-钟楼-01', 'haidilao', '海底捞西安钟楼店', '西安', '碑林', '钟楼', '火锅', 'Demo：西安钟楼', 'active'),
('hdl-西安-钟楼-02', 'haidilao', '海底捞西安大悦城店', '西安', '碑林', '钟楼', '火锅', 'Demo：西安钟楼', 'active'),
('hdl-西安-小寨-01', 'haidilao', '海底捞西安小寨店', '西安', '雁塔', '小寨', '火锅', 'Demo：西安小寨', 'active')
on conflict (poi_id) do update set
  poi_name = excluded.poi_name, city = excluded.city, district = excluded.district, business_area = excluded.business_area;

delete from public.fact_city_brand_monthly where brand_id = 'haidilao' and month >= '2024-01-01' and month <= '2026-06-30';
insert into public.fact_city_brand_monthly (month, brand_id, city, store_count, search_impressions, poi_visits, paid_orders, verified_orders, gmv, coupon_reduce_amount, ad_spend, roi, avg_order_value)
values
('2024-01-30', 'haidilao', '上海', 3, 8254562, 1216462, 27813, 23687, 8689013, 156402, 224719, 38.67, 312.41),
('2024-02-28', 'haidilao', '上海', 3, 8361016, 1232150, 28089, 23961, 8801069, 158419, 158842, 55.41, 313.33),
('2024-03-30', 'haidilao', '上海', 3, 8446362, 1244727, 28308, 24180, 8890907, 160036, 161786, 54.95, 314.08),
('2024-04-29', 'haidilao', '上海', 3, 8552356, 1260347, 28579, 24451, 9002480, 162045, 165480, 54.4, 315),
('2024-05-30', 'haidilao', '上海', 3, 8638161, 1272992, 28798, 24670, 9092801, 163670, 168501, 53.96, 315.74),
('2024-06-29', 'haidilao', '上海', 3, 8744155, 1288612, 29066, 24940, 9204374, 165679, 172269, 53.43, 316.67),
('2024-07-30', 'haidilao', '上海', 3, 8829960, 1301257, 29282, 25158, 9294695, 167305, 175350, 53.01, 317.42),
('2024-08-30', 'haidilao', '上海', 3, 8925860, 1315390, 29522, 25402, 9395642, 169122, 178825, 52.54, 318.26),
('2024-09-29', 'haidilao', '上海', 3, 9031854, 1331010, 29786, 25670, 9507215, 171130, 182706, 52.04, 319.18),
('2024-10-30', 'haidilao', '上海', 3, 6543052, 964239, 20408, 16924, 6887423, 123974, 157573, 43.71, 337.49),
('2024-11-29', 'haidilao', '上海', 3, 6649046, 979859, 20682, 17180, 6998996, 125982, 161419, 43.36, 338.41),
('2024-12-30', 'haidilao', '上海', 3, 6734851, 992504, 20903, 17387, 7089317, 127608, 164563, 43.08, 339.15),
('2025-01-30', 'haidilao', '上海', 3, 12256120, 1806165, 40026, 33204, 12901179, 232221, 271988, 47.43, 322.32),
('2025-02-27', 'haidilao', '上海', 3, 12136379, 1788519, 39750, 33031, 12775136, 229952, 266949, 47.86, 321.39),
('2025-03-30', 'haidilao', '上海', 3, 12041305, 1774508, 39530, 32892, 12675058, 228151, 262982, 48.2, 320.64),
('2025-04-29', 'haidilao', '上海', 3, 11922591, 1757013, 39253, 32716, 12550096, 225902, 258070, 48.63, 319.72),
('2025-05-30', 'haidilao', '上海', 3, 11826490, 1742851, 39028, 32572, 12448937, 224081, 254128, 48.99, 318.97),
('2025-06-29', 'haidilao', '上海', 3, 11707776, 1725357, 38748, 32392, 12323975, 221832, 249299, 49.43, 318.05),
('2025-07-30', 'haidilao', '上海', 3, 11611674, 1711194, 38521, 32245, 12222815, 220011, 245424, 49.8, 317.3),
('2025-08-30', 'haidilao', '上海', 3, 11504267, 1695366, 38265, 32079, 12109755, 217976, 241129, 50.22, 316.47),
('2025-09-29', 'haidilao', '上海', 3, 11385553, 1677871, 37981, 31894, 11984793, 215726, 236426, 50.69, 315.55),
('2025-10-30', 'haidilao', '上海', 3, 9033892, 1331310, 28198, 24453, 9509360, 171168, 228856, 41.55, 337.24),
('2025-11-29', 'haidilao', '上海', 3, 8915178, 1313816, 27904, 24237, 9384398, 168919, 224114, 41.87, 336.31),
('2025-12-30', 'haidilao', '上海', 3, 8819077, 1299653, 27664, 24059, 9283239, 167098, 220310, 42.14, 335.57),
('2026-01-30', 'haidilao', '上海', 3, 9813059, 1446135, 30647, 25514, 10329536, 185932, 248190, 41.62, 337.05),
('2026-02-27', 'haidilao', '上海', 3, 9682627, 1426913, 30324, 25203, 10192239, 183460, 242991, 41.94, 336.11),
('2026-03-30', 'haidilao', '上海', 3, 9579065, 1411652, 30066, 24955, 10083226, 181498, 238900, 42.21, 335.37),
('2026-04-29', 'haidilao', '上海', 3, 9449752, 1392595, 29742, 24645, 9947107, 179048, 233837, 42.54, 334.45),
('2026-05-30', 'haidilao', '上海', 3, 9345069, 1377168, 29478, 24393, 9836915, 177064, 229775, 42.81, 333.7),
('2026-06-29', 'haidilao', '上海', 3, 9215756, 1358111, 29151, 24082, 9700796, 174614, 224802, 43.15, 332.78),
('2024-01-30', 'haidilao', '北京', 3, 7377241, 1087172, 23891, 19666, 7765517, 139779, 176880, 43.9, 325.04),
('2024-02-28', 'haidilao', '北京', 3, 7483694, 1102860, 24166, 19859, 7877573, 141796, 177970, 44.26, 325.98),
('2024-03-30', 'haidilao', '北京', 3, 7569040, 1115438, 24386, 20012, 7967411, 143413, 178814, 44.56, 326.72),
('2024-04-29', 'haidilao', '北京', 3, 7675035, 1131058, 24658, 21681, 8078984, 145422, 179825, 44.93, 327.64),
('2024-05-30', 'haidilao', '北京', 3, 7760840, 1143703, 24877, 21845, 8169305, 147047, 180614, 45.23, 328.39),
('2024-06-29', 'haidilao', '北京', 3, 7866834, 1159323, 25146, 22047, 8280878, 149056, 181550, 45.61, 329.31),
('2024-07-30', 'haidilao', '北京', 3, 7952639, 1171968, 25363, 22209, 8371199, 150682, 182278, 45.93, 330.06),
('2024-08-30', 'haidilao', '北京', 3, 8048539, 1186100, 25604, 22387, 8472146, 152499, 183059, 46.28, 330.89),
('2024-09-29', 'haidilao', '北京', 3, 8154533, 1201721, 25869, 22583, 8583719, 154507, 183884, 46.68, 331.81),
('2024-10-30', 'haidilao', '北京', 3, 10254231, 1511150, 34805, 29429, 10793927, 194291, 278069, 38.82, 310.13),
('2024-11-29', 'haidilao', '北京', 3, 10360225, 1526770, 35061, 29597, 10905500, 196299, 278928, 39.1, 311.04),
('2024-12-30', 'haidilao', '北京', 3, 10446030, 1539415, 35266, 29730, 10995821, 197925, 279593, 39.33, 311.8),
('2025-01-30', 'haidilao', '北京', 3, 8099600, 1193625, 27475, 23223, 8525895, 153466, 205597, 41.47, 310.31),
('2025-02-27', 'haidilao', '北京', 3, 7979858, 1175979, 26987, 22773, 8399851, 151197, 204123, 41.15, 311.26),
('2025-03-30', 'haidilao', '北京', 3, 7884784, 1161968, 26603, 22419, 8299773, 149396, 202919, 40.9, 311.99),
('2025-04-29', 'haidilao', '北京', 3, 7766071, 1144474, 26125, 21980, 8174812, 147147, 201375, 40.59, 312.91),
('2025-05-30', 'haidilao', '北京', 3, 7669969, 1130311, 25740, 21627, 8073652, 145326, 200091, 40.35, 313.66),
('2025-06-29', 'haidilao', '北京', 3, 7551256, 1112817, 25267, 21195, 7948690, 143076, 198463, 40.05, 314.59),
('2025-07-30', 'haidilao', '北京', 3, 7455154, 1098654, 24886, 20847, 7847531, 141256, 197111, 39.81, 315.34),
('2025-08-30', 'haidilao', '北京', 3, 7347747, 1082826, 24463, 20462, 7734470, 139220, 195565, 39.55, 316.17),
('2025-09-29', 'haidilao', '北京', 3, 12368153, 1822675, 41057, 34286, 13019108, 234344, 331591, 39.26, 317.1),
('2025-10-30', 'haidilao', '北京', 3, 10016492, 1476115, 31436, 27274, 10543676, 189786, 222792, 47.33, 335.4),
('2025-11-29', 'haidilao', '北京', 3, 9897778, 1458620, 30978, 26834, 10418714, 187537, 222077, 46.91, 336.33),
('2025-12-30', 'haidilao', '北京', 3, 9801676, 1444458, 30609, 26480, 10317554, 185716, 221464, 46.59, 337.08),
('2026-01-30', 'haidilao', '北京', 3, 10883391, 1603868, 35315, 30629, 11456201, 206212, 242523, 47.24, 324.4),
('2026-02-27', 'haidilao', '北京', 3, 10752959, 1584647, 34992, 30300, 11318904, 203740, 241727, 46.83, 323.47),
('2026-03-30', 'haidilao', '北京', 3, 10649396, 1569385, 34734, 30038, 11209891, 201778, 241057, 46.5, 322.74),
('2026-04-29', 'haidilao', '北京', 3, 10520083, 1550328, 34411, 29711, 11073772, 199328, 240177, 46.11, 321.81),
('2026-05-30', 'haidilao', '北京', 3, 10415401, 1534901, 34148, 29446, 10963580, 197344, 239427, 45.79, 321.06),
('2026-06-29', 'haidilao', '北京', 3, 10286088, 1515845, 33821, 29117, 10827461, 194894, 238455, 45.41, 320.14),
('2024-01-30', 'haidilao', '深圳', 3, 10442818, 1538942, 32428, 27065, 10992440, 197864, 224325, 49, 338.98),
('2024-02-28', 'haidilao', '深圳', 3, 10350250, 1525300, 32052, 26796, 10895000, 196110, 220314, 49.45, 339.92),
('2024-03-30', 'haidilao', '深圳', 3, 10276036, 1514363, 31753, 26582, 10816880, 194704, 217125, 49.82, 340.66),
('2024-04-29', 'haidilao', '深圳', 3, 10183867, 1500780, 31383, 26315, 10719860, 192957, 213197, 50.28, 341.58),
('2024-05-30', 'haidilao', '深圳', 3, 10109254, 1489785, 31085, 26100, 10641320, 191544, 210043, 50.66, 342.33),
('2024-06-29', 'haidilao', '深圳', 3, 10017085, 1476202, 30719, 25836, 10544300, 189797, 206179, 51.14, 343.25),
('2024-07-30', 'haidilao', '深圳', 3, 9942472, 1465206, 30424, 25622, 10465760, 188384, 203078, 51.54, 344),
('2024-08-30', 'haidilao', '深圳', 3, 9859081, 1452917, 30095, 25382, 10377980, 186804, 199639, 51.98, 344.84),
('2024-09-29', 'haidilao', '深圳', 3, 9766912, 1439334, 29734, 25119, 10280960, 185057, 195873, 52.49, 345.76),
('2024-10-30', 'haidilao', '深圳', 3, 7941088, 1170266, 25794, 22499, 8359040, 150463, 195528, 42.75, 324.07),
('2024-11-29', 'haidilao', '深圳', 3, 7848919, 1156683, 25423, 22210, 8262020, 148716, 191732, 43.09, 324.98),
('2024-12-30', 'haidilao', '深圳', 3, 7774306, 1145687, 25123, 21976, 8183480, 147303, 188685, 43.37, 325.74),
('2025-01-30', 'haidilao', '深圳', 3, 8872121, 1307471, 28801, 23832, 9339075, 168103, 218086, 42.82, 324.26),
('2025-02-27', 'haidilao', '深圳', 3, 8767998, 1292126, 28382, 23445, 9229472, 166130, 213806, 43.17, 325.19),
('2025-03-30', 'haidilao', '深圳', 3, 8685326, 1279943, 28050, 23140, 9142448, 164564, 210437, 43.45, 325.93),
('2025-04-29', 'haidilao', '深圳', 3, 8582097, 1264730, 27638, 22762, 9033786, 162608, 206267, 43.8, 326.86),
('2025-05-30', 'haidilao', '深圳', 3, 8498530, 1252415, 27307, 22458, 8945821, 161025, 202920, 44.09, 327.6),
('2025-06-29', 'haidilao', '深圳', 3, 8395300, 1237202, 26899, 22086, 8837158, 159069, 198822, 44.45, 328.53),
('2025-07-30', 'haidilao', '深圳', 3, 8311734, 1224887, 26571, 23381, 8749194, 157485, 195534, 44.75, 329.28),
('2025-08-30', 'haidilao', '深圳', 3, 8218336, 1211123, 26206, 23027, 8650880, 155716, 191890, 45.08, 330.11),
('2025-09-29', 'haidilao', '深圳', 3, 8115107, 1195911, 25804, 22638, 8542218, 153760, 187901, 45.46, 331.04),
('2025-10-30', 'haidilao', '深圳', 3, 10538984, 1553113, 31756, 26987, 11093667, 199686, 203413, 54.54, 349.34),
('2025-11-29', 'haidilao', '深圳', 3, 10435755, 1537901, 35405, 30039, 10985005, 197730, 199391, 55.09, 310.27),
('2025-12-30', 'haidilao', '深圳', 3, 10352188, 1525586, 35037, 29688, 10897040, 196147, 196164, 55.55, 311.02),
('2026-01-30', 'haidilao', '深圳', 3, 12725635, 1875357, 38323, 32557, 13395405, 241117, 245093, 54.65, 349.54),
('2026-02-27', 'haidilao', '深圳', 3, 7971254, 1174711, 27026, 22922, 8390794, 151034, 151961, 55.22, 310.47),
('2026-03-30', 'haidilao', '深圳', 3, 8061309, 1187982, 27267, 23096, 8485588, 152741, 220306, 38.52, 311.2),
('2026-04-29', 'haidilao', '深圳', 3, 8173754, 1204553, 27565, 23310, 8603952, 154871, 221789, 38.79, 312.13),
('2026-05-30', 'haidilao', '深圳', 3, 8264782, 1217968, 27805, 23482, 8699771, 156596, 222958, 39.02, 312.89),
('2026-06-29', 'haidilao', '深圳', 3, 8377229, 1234539, 28101, 23693, 8818136, 158726, 224362, 39.3, 313.8),
('2024-01-30', 'haidilao', '成都', 3, 7510567, 1106820, 24798, 21066, 7905860, 142305, 144608, 54.67, 318.81),
('2024-02-28', 'haidilao', '成都', 3, 7417999, 1093179, 24422, 20713, 7808420, 140552, 141376, 55.23, 319.73),
('2024-03-30', 'haidilao', '成都', 3, 7343785, 1082242, 24121, 20430, 7730300, 139145, 200654, 38.53, 320.48),
('2024-04-29', 'haidilao', '成都', 3, 7251616, 1068659, 23750, 20083, 7633280, 137399, 196725, 38.8, 321.4),
('2024-05-30', 'haidilao', '成都', 3, 7177003, 1057664, 23451, 19804, 7554740, 135985, 193571, 39.03, 322.15),
('2024-06-29', 'haidilao', '成都', 3, 7084834, 1044081, 23084, 19462, 7457720, 134239, 189706, 39.31, 323.07),
('2024-07-30', 'haidilao', '成都', 3, 7010221, 1033085, 22788, 19187, 7379180, 132825, 186605, 39.54, 323.82),
('2024-08-30', 'haidilao', '成都', 3, 6926830, 1020796, 22459, 18882, 7291400, 131245, 183166, 39.81, 324.65),
('2024-09-29', 'haidilao', '成都', 3, 6834661, 1007213, 22097, 18547, 7194380, 129499, 179399, 40.1, 325.58),
('2024-10-30', 'haidilao', '成都', 3, 8998837, 1326144, 27546, 24017, 9472460, 170504, 201528, 47, 343.88),
('2024-11-29', 'haidilao', '成都', 3, 8906668, 1312562, 27190, 23669, 9375440, 168758, 197732, 47.41, 344.81),
('2024-12-30', 'haidilao', '成都', 3, 8832055, 1301566, 26904, 23390, 9296900, 167344, 194685, 47.75, 345.56),
('2025-01-30', 'haidilao', '成都', 3, 10056801, 1482055, 30766, 26815, 10586106, 190550, 218082, 48.54, 344.08),
('2025-02-27', 'haidilao', '成都', 3, 9952677, 1466710, 30366, 26424, 10476502, 188577, 217777, 48.11, 345.01),
('2025-03-30', 'haidilao', '成都', 3, 9870004, 1454527, 30049, 26115, 10389478, 187011, 217506, 47.77, 345.75),
('2025-04-29', 'haidilao', '成都', 3, 9766775, 1439314, 29655, 25731, 10280816, 185055, 217131, 47.35, 346.68),
('2025-05-30', 'haidilao', '成都', 3, 9683208, 1426999, 29338, 25423, 10192851, 183471, 216798, 47.02, 347.43),
('2025-06-29', 'haidilao', '成都', 3, 9579980, 1411786, 28949, 25046, 10084189, 181515, 216350, 46.61, 348.34),
('2025-07-30', 'haidilao', '成都', 3, 9496413, 1399471, 28635, 24742, 9996224, 179932, 215958, 46.29, 349.09),
('2025-08-30', 'haidilao', '成都', 3, 9403015, 1385707, 28285, 24405, 9897910, 178162, 215489, 45.93, 349.93),
('2025-09-29', 'haidilao', '成都', 3, 9299786, 1370495, 31491, 27127, 9789248, 176206, 214933, 45.55, 310.86),
('2025-10-30', 'haidilao', '成都', 3, 7254863, 1069138, 23201, 19349, 7636698, 137461, 195628, 39.04, 329.15),
('2025-11-29', 'haidilao', '成都', 3, 11620433, 1712485, 37057, 30853, 12232035, 220177, 315606, 38.76, 330.09),
('2025-12-30', 'haidilao', '成都', 3, 11536867, 1700170, 36708, 30521, 12144070, 218593, 315153, 38.53, 330.83),
('2026-01-30', 'haidilao', '成都', 3, 11435180, 1685184, 36405, 30948, 12037032, 216667, 308822, 38.98, 330.64),
('2026-02-27', 'haidilao', '成都', 3, 11548601, 1701899, 36870, 31395, 12156422, 218816, 314151, 38.7, 329.71),
('2026-03-30', 'haidilao', '成都', 3, 11638655, 1715170, 37241, 31752, 12251216, 220522, 318414, 38.48, 328.97),
('2026-04-29', 'haidilao', '成都', 3, 11751101, 1731741, 37707, 32202, 12369580, 222652, 224820, 55.02, 328.04),
('2026-05-30', 'haidilao', '成都', 3, 11842129, 1745156, 38086, 32568, 12465399, 224377, 228426, 54.57, 327.3),
('2026-06-29', 'haidilao', '成都', 3, 11954575, 1761727, 38556, 33023, 12583763, 226508, 232920, 54.03, 326.38),
('2024-01-30', 'haidilao', '杭州', 3, 6850621, 1009565, 22007, 18385, 7211180, 129801, 170876, 42.2, 327.68),
('2024-02-28', 'haidilao', '杭州', 3, 6943189, 1023207, 22368, 18717, 7308620, 131555, 174542, 41.87, 326.74),
('2024-03-30', 'haidilao', '杭州', 3, 7017403, 1034144, 22658, 18985, 7386740, 132961, 177506, 41.61, 326.01),
('2024-04-29', 'haidilao', '杭州', 3, 7109572, 1047726, 23021, 19321, 7483760, 134708, 181221, 41.3, 325.08),
('2024-05-30', 'haidilao', '杭州', 3, 7184185, 1058722, 23317, 19596, 7562300, 136121, 184254, 41.04, 324.33),
('2024-06-29', 'haidilao', '杭州', 3, 7276354, 1072305, 23683, 19936, 7659320, 137868, 188033, 40.73, 323.41),
('2024-07-30', 'haidilao', '杭州', 3, 7350967, 1083300, 23981, 20214, 7737860, 139281, 191119, 40.49, 322.67),
('2024-08-30', 'haidilao', '杭州', 3, 7434358, 1095590, 24317, 20528, 7825640, 140862, 194595, 40.22, 321.82),
('2024-09-29', 'haidilao', '杭州', 3, 7526527, 1109172, 24689, 20876, 7922660, 142608, 198472, 39.92, 320.9),
('2024-10-30', 'haidilao', '杭州', 3, 9352351, 1378241, 28735, 25086, 9844580, 177202, 203901, 48.28, 342.6),
('2024-11-29', 'haidilao', '杭州', 3, 9444520, 1391824, 29097, 25443, 9941600, 178949, 207748, 47.85, 341.67),
('2024-12-30', 'haidilao', '杭州', 3, 9519133, 1402820, 29391, 25733, 10020140, 180363, 210888, 47.51, 340.93),
('2025-01-30', 'haidilao', '杭州', 3, 8442670, 1244183, 25955, 22667, 8887021, 159966, 184416, 48.19, 342.4),
('2025-02-27', 'haidilao', '杭州', 3, 8338547, 1228839, 25705, 22485, 8777418, 157994, 183778, 47.76, 341.47),
('2025-03-30', 'haidilao', '杭州', 3, 8255874, 1216655, 25505, 22338, 8690394, 156427, 183242, 47.43, 340.73),
('2025-04-29', 'haidilao', '杭州', 3, 8152644, 1201442, 25255, 22154, 8581731, 154471, 182537, 47.01, 339.8),
('2025-05-30', 'haidilao', '杭州', 3, 8069078, 1189127, 25051, 22003, 8493766, 152888, 181936, 46.69, 339.06),
('2025-06-29', 'haidilao', '杭州', 3, 7965849, 1173915, 24798, 21815, 8385104, 150932, 181158, 46.29, 338.14),
('2025-07-30', 'haidilao', '杭州', 3, 7882282, 1161599, 24593, 20187, 8297139, 149349, 180499, 45.97, 337.38),
('2025-08-30', 'haidilao', '杭州', 3, 7788885, 1147836, 24362, 20028, 8198826, 147579, 179731, 45.62, 336.54),
('2025-09-29', 'haidilao', '杭州', 3, 7685655, 1132623, 24105, 19850, 8090163, 145623, 178844, 45.24, 335.62),
('2025-10-30', 'haidilao', '杭州', 3, 10109532, 1489826, 33536, 28537, 10641613, 191549, 274205, 38.81, 317.32),
('2025-11-29', 'haidilao', '杭州', 3, 10006303, 1474613, 33290, 28374, 10532950, 189593, 273351, 38.53, 316.4),
('2025-12-30', 'haidilao', '杭州', 3, 9922737, 1462298, 33091, 28241, 10444986, 188010, 189071, 55.24, 315.64),
('2026-01-30', 'haidilao', '杭州', 3, 10988317, 1619331, 34833, 29651, 11566649, 208200, 210439, 54.96, 332.06),
('2026-02-27', 'haidilao', '杭州', 3, 10874897, 1602616, 34377, 29311, 11447260, 206051, 206133, 55.53, 332.99),
('2026-03-30', 'haidilao', '杭州', 3, 10784843, 1589345, 34017, 29042, 11352466, 204344, 293566, 38.67, 333.73),
('2026-04-29', 'haidilao', '杭州', 3, 10672397, 1572774, 33569, 28706, 11234102, 202214, 288429, 38.95, 334.66),
('2026-05-30', 'haidilao', '杭州', 3, 10581369, 1559360, 33209, 28435, 11138283, 200489, 284302, 39.18, 335.4),
('2026-06-29', 'haidilao', '杭州', 3, 10468922, 1542789, 32765, 28100, 11019918, 198359, 279245, 39.46, 336.33),
('2024-01-30', 'haidilao', '广州', 3, 9177589, 1352487, 27740, 24152, 9660620, 173891, 197030, 49.03, 348.26),
('2024-02-28', 'haidilao', '广州', 3, 9085021, 1338845, 27388, 23883, 9563180, 172137, 196818, 48.59, 349.17),
('2024-03-30', 'haidilao', '广州', 3, 9010807, 1327908, 27106, 23668, 9485060, 170731, 196621, 48.24, 349.92),
('2024-04-29', 'haidilao', '广州', 3, 8918638, 1314326, 30201, 26412, 9388040, 168985, 196345, 47.81, 310.85),
('2024-05-30', 'haidilao', '广州', 3, 8844025, 1303330, 29877, 26162, 9309500, 167571, 196095, 47.47, 311.59),
('2024-06-29', 'haidilao', '广州', 3, 8751856, 1289747, 29478, 25854, 9212480, 165825, 195754, 47.06, 312.52),
('2024-07-30', 'haidilao', '广州', 3, 8677243, 1278752, 29157, 25605, 9133940, 164411, 195452, 46.73, 313.27),
('2024-08-30', 'haidilao', '广州', 3, 8593852, 1266462, 28800, 25327, 9046160, 162831, 195086, 46.37, 314.1),
('2024-09-29', 'haidilao', '广州', 3, 8501683, 1252880, 28407, 23317, 8949140, 161085, 194647, 45.98, 315.03),
('2024-10-30', 'haidilao', '广州', 3, 6675859, 983811, 21082, 17883, 7027220, 126490, 178570, 39.35, 333.33),
('2024-11-29', 'haidilao', '广州', 3, 6583690, 970228, 20733, 17616, 6930200, 124744, 177385, 39.07, 334.26),
('2024-12-30', 'haidilao', '广州', 3, 6509077, 959232, 20452, 17400, 6851660, 123330, 176400, 38.84, 335.01),
('2025-01-30', 'haidilao', '广州', 3, 7455065, 1098641, 23529, 19966, 7847437, 141254, 145567, 53.91, 333.52),
('2025-02-27', 'haidilao', '广州', 3, 7350942, 1083297, 23135, 19664, 7737834, 139281, 142091, 54.46, 334.46),
('2025-03-30', 'haidilao', '广州', 3, 7268270, 1071113, 22825, 19426, 7650810, 137715, 139361, 54.9, 335.19),
('2025-04-29', 'haidilao', '广州', 3, 11633840, 1714461, 36433, 31057, 12246147, 220431, 220803, 55.46, 336.13),
('2025-05-30', 'haidilao', '广州', 3, 11550273, 1702145, 36091, 30806, 12158182, 218847, 314663, 38.64, 336.88),
('2025-06-29', 'haidilao', '广州', 3, 11447044, 1686933, 35671, 30497, 12049520, 216891, 309624, 38.92, 337.8),
('2025-07-30', 'haidilao', '广州', 3, 11363477, 1674618, 35332, 30247, 11961555, 215308, 305575, 39.14, 338.55),
('2025-08-30', 'haidilao', '广州', 3, 11270080, 1660854, 34956, 29969, 11863242, 213538, 301080, 39.4, 339.38),
('2025-09-29', 'haidilao', '广州', 3, 11166850, 1645641, 34541, 29661, 11754579, 211582, 296150, 39.69, 340.31),
('2025-10-30', 'haidilao', '广州', 3, 9121928, 1344284, 30137, 24899, 9602029, 172837, 206766, 46.44, 318.61),
('2025-11-29', 'haidilao', '广州', 3, 9018698, 1329071, 29710, 24587, 9493366, 170881, 202672, 46.84, 319.53),
('2025-12-30', 'haidilao', '广州', 3, 8935132, 1316756, 29366, 24335, 9405402, 169297, 199387, 47.17, 320.28),
('2026-01-30', 'haidilao', '广州', 3, 9401414, 1385472, 29005, 25337, 9896225, 178132, 212713, 46.52, 341.19),
('2026-02-27', 'haidilao', '广州', 3, 9514833, 1402186, 29435, 25671, 10015614, 180281, 213413, 46.93, 340.26),
('2026-03-30', 'haidilao', '广州', 3, 9604888, 1415457, 29778, 25937, 10110408, 181987, 213936, 47.26, 339.53),
('2026-04-29', 'haidilao', '广州', 3, 9717334, 1432028, 30209, 26271, 10228773, 184118, 214551, 47.68, 338.6),
('2026-05-30', 'haidilao', '广州', 3, 9808362, 1445443, 30560, 26542, 10324592, 185843, 215016, 48.02, 337.85),
('2026-06-29', 'haidilao', '广州', 3, 9920808, 1462014, 30995, 26877, 10442956, 187973, 215551, 48.45, 336.92),
('2024-01-30', 'haidilao', '南京', 3, 7487425, 1103410, 24941, 20512, 7881500, 141867, 173116, 45.53, 316.01),
('2024-02-28', 'haidilao', '南京', 3, 7579993, 1117052, 25323, 20861, 7978940, 143621, 176737, 45.15, 315.09),
('2024-03-30', 'haidilao', '南京', 3, 7654207, 1127988, 25632, 21145, 8057060, 145027, 179666, 44.84, 314.34),
('2024-04-29', 'haidilao', '南京', 3, 7746376, 1141571, 26017, 21498, 8154080, 146773, 183336, 44.48, 313.41),
('2024-05-30', 'haidilao', '南京', 3, 7820989, 1152567, 26330, 21786, 8232620, 148187, 186334, 44.18, 312.67),
('2024-06-29', 'haidilao', '南京', 3, 7913158, 1166150, 26719, 22145, 8329640, 149934, 190069, 43.82, 311.75),
('2024-07-30', 'haidilao', '南京', 3, 7987771, 1177145, 27036, 22438, 8408180, 151347, 193119, 43.54, 311),
('2024-08-30', 'haidilao', '南京', 3, 8071162, 1189434, 27392, 22768, 8495960, 152927, 196556, 43.22, 310.16),
('2024-09-29', 'haidilao', '南京', 3, 8163331, 1203017, 24605, 20486, 8592980, 154674, 200388, 42.88, 349.24),
('2024-10-30', 'haidilao', '南京', 3, 9989155, 1472086, 31774, 27327, 10514900, 189268, 199581, 52.68, 330.93),
('2024-11-29', 'haidilao', '南京', 3, 10081324, 1485669, 32157, 27701, 10611920, 191015, 203384, 52.18, 330),
('2024-12-30', 'haidilao', '南京', 3, 10155937, 1496664, 32468, 28005, 10690460, 192428, 206488, 51.77, 329.26),
('2025-01-30', 'haidilao', '南京', 3, 11209751, 1651963, 35677, 30694, 11799738, 212395, 224431, 52.58, 330.74),
('2025-02-27', 'haidilao', '南京', 3, 11313874, 1667308, 36110, 31117, 11909341, 214368, 228736, 52.07, 329.81),
('2025-03-30', 'haidilao', '南京', 3, 11396547, 1679491, 36456, 31456, 11996365, 215935, 232182, 51.67, 329.06),
('2025-04-29', 'haidilao', '南京', 3, 11499776, 1694704, 36890, 31881, 12105027, 217890, 236523, 51.18, 328.14),
('2025-05-30', 'haidilao', '南京', 3, 11583342, 1707019, 37243, 32228, 12192992, 219474, 240065, 50.79, 327.39),
('2025-06-29', 'haidilao', '南京', 3, 11686571, 1722232, 37681, 32659, 12301654, 221430, 244478, 50.32, 326.47),
('2025-07-30', 'haidilao', '南京', 3, 7301338, 1075987, 23596, 20478, 7685619, 138341, 153891, 49.94, 325.72),
('2025-08-30', 'haidilao', '南京', 3, 7394736, 1089751, 23959, 20823, 7783933, 140111, 157161, 49.53, 324.89),
('2025-09-29', 'haidilao', '南京', 3, 7497965, 1104963, 24363, 21208, 7892595, 142067, 160813, 49.08, 323.96),
('2025-10-30', 'haidilao', '南京', 3, 9542889, 1406320, 29061, 24352, 10045146, 180813, 241445, 41.6, 345.66),
('2025-11-29', 'haidilao', '南京', 3, 9646118, 1421533, 29454, 24722, 10153808, 182769, 245933, 41.29, 344.73),
('2025-12-30', 'haidilao', '南京', 3, 9729684, 1433848, 29774, 25024, 10241773, 184352, 249596, 41.03, 343.98),
('2026-01-30', 'haidilao', '南京', 3, 10211416, 1504840, 31272, 26214, 10748859, 193479, 214169, 50.19, 343.72),
('2026-02-27', 'haidilao', '南京', 3, 10097997, 1488126, 30841, 25895, 10629470, 191330, 209809, 50.66, 344.65),
('2026-03-30', 'haidilao', '南京', 3, 10007942, 1474855, 30500, 25643, 10534676, 189624, 206379, 51.05, 345.4),
('2026-04-29', 'haidilao', '南京', 3, 9895495, 1458284, 30077, 25329, 10416311, 187494, 202135, 51.53, 346.32),
('2026-05-30', 'haidilao', '南京', 3, 9804467, 1444869, 29736, 25075, 10320492, 185769, 198731, 51.93, 347.07),
('2026-06-29', 'haidilao', '南京', 3, 9692022, 1428298, 29317, 24763, 10202128, 183638, 194567, 52.44, 347.99),
('2024-01-30', 'haidilao', '武汉', 3, 8183281, 1205957, 24922, 21769, 8613980, 155052, 178964, 48.13, 345.64),
('2024-02-28', 'haidilao', '武汉', 3, 8090713, 1192316, 24574, 21500, 8516540, 153298, 178520, 47.71, 346.57),
('2024-03-30', 'haidilao', '武汉', 3, 8016499, 1181379, 24296, 21284, 8438420, 151892, 178138, 47.37, 347.32),
('2024-04-29', 'haidilao', '武汉', 3, 7924330, 1167796, 23953, 21016, 8341400, 150145, 177632, 46.96, 348.24),
('2024-05-30', 'haidilao', '武汉', 3, 7849717, 1156800, 23677, 20801, 8262860, 148731, 177195, 46.63, 348.98),
('2024-06-29', 'haidilao', '武汉', 3, 7757548, 1143218, 23337, 20534, 8165840, 146985, 176624, 46.23, 349.91),
('2024-07-30', 'haidilao', '武汉', 3, 7682935, 1132222, 26033, 21374, 8087300, 145571, 176135, 45.92, 310.66),
('2024-08-30', 'haidilao', '武汉', 3, 7599544, 1119933, 25681, 21117, 7999520, 143991, 175561, 45.57, 311.5),
('2024-09-29', 'haidilao', '武汉', 3, 7507375, 1106350, 25294, 20834, 7902500, 142245, 174892, 45.19, 312.43),
('2024-10-30', 'haidilao', '武汉', 3, 9671551, 1425281, 30783, 26200, 10180580, 183250, 262578, 38.77, 330.72),
('2024-11-29', 'haidilao', '武汉', 3, 9579382, 1411698, 30404, 25920, 10083560, 181504, 261939, 38.5, 331.65),
('2024-12-30', 'haidilao', '武汉', 3, 9504769, 1400703, 30100, 25694, 10005020, 180090, 181355, 55.17, 332.39),
('2025-01-30', 'haidilao', '武汉', 3, 10810240, 1593088, 34387, 29278, 11379200, 204826, 206746, 55.04, 330.92),
('2025-02-27', 'haidilao', '武汉', 3, 10706117, 1577744, 33960, 28962, 11269597, 202853, 292811, 38.49, 331.85),
('2025-03-30', 'haidilao', '武汉', 3, 10623444, 1565560, 33622, 28711, 11182573, 201286, 288895, 38.71, 332.6),
('2025-04-29', 'haidilao', '武汉', 3, 10520215, 1550347, 33204, 28400, 11073910, 199330, 284041, 38.99, 333.51),
('2025-05-30', 'haidilao', '武汉', 3, 10436649, 1538032, 32866, 28147, 10985946, 197747, 280142, 39.22, 334.26),
('2025-06-29', 'haidilao', '武汉', 3, 10333419, 1522820, 32451, 27837, 10877283, 195791, 275361, 39.5, 335.19),
('2025-07-30', 'haidilao', '武汉', 3, 10249852, 1510505, 32117, 27587, 10789318, 194208, 271520, 39.74, 335.94),
('2025-08-30', 'haidilao', '武汉', 3, 10156455, 1496741, 31746, 27308, 10691005, 192438, 267258, 40, 336.77),
('2025-09-29', 'haidilao', '武汉', 3, 10053225, 1481528, 31337, 26999, 10582342, 190482, 262586, 40.3, 337.69),
('2025-10-30', 'haidilao', '武汉', 3, 8008302, 1180171, 26677, 22116, 8429792, 151736, 178314, 47.27, 315.99),
('2025-11-29', 'haidilao', '武汉', 3, 7905074, 1164958, 26256, 21804, 8321130, 149780, 174477, 47.69, 316.92),
('2025-12-30', 'haidilao', '武汉', 3, 7821507, 1152643, 25917, 21551, 8233165, 148197, 171401, 48.03, 317.67),
('2026-01-30', 'haidilao', '武汉', 3, 10614470, 1564238, 32499, 28296, 11173126, 201116, 235905, 47.36, 343.8),
('2026-02-27', 'haidilao', '武汉', 3, 10727889, 1580952, 32935, 28629, 11292515, 203265, 236321, 47.78, 342.87),
('2026-03-30', 'haidilao', '武汉', 3, 10817944, 1594223, 33283, 28895, 11387309, 204972, 236619, 48.13, 342.14),
('2026-04-29', 'haidilao', '武汉', 3, 10930390, 1610794, 33720, 29228, 11505674, 207102, 236952, 48.56, 341.21),
('2026-05-30', 'haidilao', '武汉', 3, 11021417, 1624209, 34076, 29498, 11601492, 208827, 237190, 48.91, 340.46),
('2026-06-29', 'haidilao', '武汉', 3, 11133864, 1640780, 34517, 29832, 11719857, 210957, 237444, 49.36, 339.54),
('2024-01-30', 'haidilao', '重庆', 3, 7000645, 1031674, 23114, 19342, 7369100, 132644, 181268, 40.65, 318.82),
('2024-02-28', 'haidilao', '重庆', 3, 7093213, 1045316, 23488, 19622, 7466540, 134398, 182279, 40.96, 317.89),
('2024-03-30', 'haidilao', '重庆', 3, 7167427, 1056252, 23790, 19848, 7544660, 135804, 183064, 41.21, 317.14),
('2024-04-29', 'haidilao', '重庆', 3, 7259596, 1069835, 24166, 20128, 7641680, 137550, 184006, 41.53, 316.22),
('2024-05-30', 'haidilao', '重庆', 3, 7334209, 1080831, 24472, 20356, 7720220, 138964, 184742, 41.79, 315.47),
('2024-06-29', 'haidilao', '重庆', 3, 7426378, 1094414, 24853, 20638, 7817240, 140710, 185619, 42.11, 314.54),
('2024-07-30', 'haidilao', '重庆', 3, 7500991, 1105409, 25162, 20866, 7895780, 142124, 186303, 42.38, 313.8),
('2024-08-30', 'haidilao', '重庆', 3, 7584382, 1117698, 25510, 21123, 7983560, 143704, 187039, 42.68, 312.96),
('2024-09-29', 'haidilao', '重庆', 3, 7676551, 1131281, 25896, 21407, 8080580, 145450, 187819, 43.02, 312.04),
('2024-10-30', 'haidilao', '重庆', 3, 9502375, 1400350, 29972, 25752, 10002500, 180045, 195873, 51.07, 333.73),
('2024-11-29', 'haidilao', '重庆', 3, 9594544, 1413933, 30346, 26031, 10099520, 181791, 195906, 51.55, 332.81),
('2024-12-30', 'haidilao', '重庆', 3, 9669157, 1424928, 30651, 26258, 10178060, 183205, 195907, 51.95, 332.06),
('2025-01-30', 'haidilao', '重庆', 3, 10664558, 1571619, 33657, 28908, 11225850, 202065, 250265, 44.86, 333.54),
('2025-02-27', 'haidilao', '重庆', 3, 10768680, 1586963, 34081, 29224, 11335453, 204038, 254821, 44.48, 332.6),
('2025-03-30', 'haidilao', '重庆', 3, 10851353, 1599147, 34419, 29476, 11422477, 205605, 258468, 44.19, 331.87),
('2025-04-29', 'haidilao', '重庆', 3, 10954582, 1614359, 34844, 29792, 11531139, 207561, 263058, 43.83, 330.94),
('2025-05-30', 'haidilao', '重庆', 3, 11038149, 1626675, 35189, 30047, 11619104, 209144, 266803, 43.55, 330.19),
('2025-06-29', 'haidilao', '重庆', 3, 11141378, 1641887, 35618, 30364, 11727766, 211100, 271465, 43.2, 329.27),
('2025-07-30', 'haidilao', '重庆', 3, 11224944, 1654202, 35967, 30621, 11815731, 212683, 275269, 42.92, 328.52),
('2025-08-30', 'haidilao', '重庆', 3, 11318343, 1667966, 36358, 30908, 11914045, 214453, 279551, 42.62, 327.69),
('2025-09-29', 'haidilao', '重庆', 3, 11421572, 1683179, 36794, 31228, 12022707, 216409, 284323, 42.29, 326.76),
('2025-10-30', 'haidilao', '重庆', 3, 8997695, 1325976, 27181, 22323, 9471258, 170483, 182886, 51.79, 348.45),
('2025-11-29', 'haidilao', '重庆', 3, 9100924, 1341189, 27566, 24255, 9579920, 172439, 186755, 51.3, 347.53),
('2025-12-30', 'haidilao', '重庆', 3, 9184491, 1353504, 27879, 24499, 9667885, 174022, 189916, 50.91, 346.78),
('2026-01-30', 'haidilao', '重庆', 3, 9824912, 1447882, 30335, 26173, 10342013, 186156, 200106, 51.68, 340.93),
('2026-02-27', 'haidilao', '重庆', 3, 9938332, 1464596, 30602, 26446, 10461402, 188305, 204366, 51.19, 341.85),
('2026-03-30', 'haidilao', '重庆', 3, 10028386, 1477867, 30812, 26662, 10556196, 190012, 207780, 50.8, 342.6),
('2026-04-29', 'haidilao', '重庆', 3, 10140833, 1494439, 31074, 26932, 10674561, 192142, 212082, 50.33, 343.52),
('2026-05-30', 'haidilao', '重庆', 3, 10231861, 1507853, 31285, 27150, 10770380, 193867, 215597, 49.96, 344.27),
('2026-06-29', 'haidilao', '重庆', 3, 10344307, 1524424, 31544, 27418, 10888744, 195997, 219979, 49.5, 345.19),
('2024-01-30', 'haidilao', '西安', 3, 6495910, 957292, 19665, 16218, 6837800, 123080, 152264, 44.91, 347.71),
('2024-02-28', 'haidilao', '西安', 3, 6588478, 970934, 19892, 16432, 6935240, 124834, 155721, 44.54, 348.64),
('2024-03-30', 'haidilao', '西安', 3, 6662692, 981870, 20073, 16604, 7013360, 126240, 158519, 44.24, 349.39),
('2024-04-29', 'haidilao', '西安', 3, 6754861, 995453, 22913, 18985, 7110380, 127987, 162026, 43.88, 310.32),
('2024-05-30', 'haidilao', '西安', 3, 6829474, 1006449, 23111, 19175, 7188920, 129401, 164891, 43.6, 311.06),
('2024-06-29', 'haidilao', '西安', 3, 6921643, 1020032, 23353, 19409, 7285940, 131147, 168463, 43.25, 311.99),
('2024-07-30', 'haidilao', '西安', 3, 6996256, 1031027, 23549, 19598, 7364480, 132561, 171380, 42.97, 312.73),
('2024-08-30', 'haidilao', '西安', 3, 7079647, 1043316, 23766, 19808, 7452260, 134141, 174669, 42.67, 313.57),
('2024-09-29', 'haidilao', '西安', 3, 7171816, 1056899, 24004, 20040, 7549280, 135887, 178338, 42.33, 314.5),
('2024-10-30', 'haidilao', '西安', 3, 8997640, 1325968, 28459, 24541, 9471200, 170482, 182643, 51.86, 332.8),
('2024-11-29', 'haidilao', '西安', 3, 9089809, 1339551, 28671, 24763, 9568220, 172228, 186282, 51.36, 333.72),
('2024-12-30', 'haidilao', '西安', 3, 9164422, 1350546, 28842, 24943, 9646760, 173642, 189254, 50.97, 334.47),
('2025-01-30', 'haidilao', '西安', 3, 10099254, 1488311, 32510, 28043, 10630794, 191354, 262334, 40.52, 327),
('2025-02-27', 'haidilao', '西安', 3, 10203377, 1503656, 32939, 28459, 10740397, 193327, 263037, 40.83, 326.07),
('2025-03-30', 'haidilao', '西安', 3, 10286050, 1515839, 33281, 28792, 10827421, 194894, 263565, 41.08, 325.33),
('2025-04-29', 'haidilao', '西安', 3, 10389279, 1531052, 33711, 29211, 10936083, 196849, 264190, 41.39, 324.41),
('2025-05-30', 'haidilao', '西安', 3, 10472846, 1543367, 34061, 29552, 11024048, 198433, 264665, 41.65, 323.66),
('2025-06-29', 'haidilao', '西安', 3, 10576075, 1558579, 34495, 29976, 11132710, 200389, 265217, 41.98, 322.73),
('2025-07-30', 'haidilao', '西安', 3, 10659641, 1570895, 34848, 30322, 11220675, 201972, 265634, 42.24, 321.99),
('2025-08-30', 'haidilao', '西安', 3, 10753040, 1584658, 35245, 30712, 11318989, 203742, 266069, 42.54, 321.15),
('2025-09-29', 'haidilao', '西安', 3, 10856268, 1599871, 35686, 31146, 11427651, 205698, 266511, 42.88, 320.23),
('2025-10-30', 'haidilao', '西安', 3, 8432392, 1242668, 25960, 21812, 8876202, 159772, 174513, 50.86, 341.92),
('2025-11-29', 'haidilao', '西安', 3, 8535621, 1257881, 26349, 22176, 8984864, 161728, 174989, 51.35, 340.99),
('2025-12-30', 'haidilao', '西安', 3, 8619188, 1270196, 26665, 22472, 9072829, 163311, 175345, 51.74, 340.25),
('2026-01-30', 'haidilao', '西安', 3, 11421064, 1683104, 35181, 30237, 12022173, 216399, 235894, 50.96, 341.72),
('2026-02-27', 'haidilao', '西安', 3, 11307645, 1666390, 34926, 29969, 11902784, 214250, 231333, 51.45, 340.8),
('2026-03-30', 'haidilao', '西安', 3, 11217591, 1653119, 34724, 29757, 11807990, 212544, 227743, 51.85, 340.05),
('2026-04-29', 'haidilao', '西安', 3, 11105144, 1636548, 34469, 29491, 11689625, 210413, 223300, 52.35, 339.13),
('2026-05-30', 'haidilao', '西安', 3, 11014116, 1623133, 34262, 29276, 11593806, 208689, 219735, 52.76, 338.39),
('2026-06-29', 'haidilao', '西安', 3, 10901670, 1606562, 34005, 29009, 11475442, 206558, 215371, 53.28, 337.46)
on conflict (month, brand_id, city) do update set gmv = excluded.gmv, paid_orders = excluded.paid_orders, verified_orders = excluded.verified_orders;

delete from public.fact_brand_monthly where brand_id = 'haidilao' and month >= '2024-01-01' and month <= '2026-06-30';
insert into public.fact_brand_monthly (month, brand_id, active_users, purchase_frequency, avg_order_value, gtv, paid_orders, verified_orders, repeat_purchase_rate, commission_revenue, ad_revenue, merchant_revenue, subsidy_amount, operating_cost, ad_merchant_penetration, take_rate, subsidy_rate, data_confidence)
values
('2024-01-30', 'haidilao', 135760, 1.36, 329.97, 713172286, 251319, 211862, 0.2739, 25674202, 12837101, 37084959, 9984412, 8558067, 0.1607, 0.052, 0.014, 'demo_model'),
('2024-02-28', 'haidilao', 136688, 1.4, 330.28, 715099649, 251762, 212344, 0.2976, 25743587, 12871794, 37185182, 10011395, 8581196, 0.1728, 0.052, 0.014, 'demo_model'),
('2024-03-30', 'haidilao', 137432, 1.38, 330.52, 716644863, 252123, 212738, 0.2875, 25799215, 12899608, 37265533, 10033028, 8599738, 0.2182, 0.052, 0.014, 'demo_model'),
('2024-04-29', 'haidilao', 138356, 1.29, 323.05, 718563918, 258641, 219890, 0.2234, 25868301, 12934151, 37365324, 10059895, 8622767, 0.2045, 0.052, 0.014, 'demo_model'),
('2024-05-30', 'haidilao', 139104, 1.28, 323.31, 720117440, 258995, 220295, 0.2211, 25924228, 12962114, 37446107, 10081644, 8641409, 0.1812, 0.052, 0.014, 'demo_model'),
('2024-06-29', 'haidilao', 140028, 1.31, 323.61, 722036495, 259438, 220801, 0.237, 25993314, 12996657, 37545898, 10108511, 8664438, 0.195, 0.052, 0.014, 'demo_model'),
('2024-07-30', 'haidilao', 140776, 1.3, 320.19, 723590016, 262775, 222271, 0.2347, 26049241, 13024620, 37626681, 10130260, 8683080, 0.2023, 0.052, 0.014, 'demo_model'),
('2024-08-30', 'haidilao', 141612, 1.31, 320.51, 725326305, 263146, 222724, 0.2415, 26111747, 13055873, 37716968, 10154568, 8703916, 0.2271, 0.052, 0.014, 'demo_model'),
('2024-09-29', 'haidilao', 142536, 1.34, 324.77, 727245360, 260381, 218879, 0.2574, 26180833, 13090416, 37816759, 10181435, 8726944, 0.2133, 0.052, 0.014, 'demo_model'),
('2024-10-30', 'haidilao', 160840, 1.31, 331.31, 795962938, 279358, 239658, 0.2377, 28654666, 14327333, 41390073, 11143481, 9551555, 0.1874, 0.052, 0.014, 'demo_model'),
('2024-11-29', 'haidilao', 161764, 1.33, 331.63, 797881994, 279764, 240130, 0.2536, 28723752, 14361876, 41489864, 11170348, 9574584, 0.1988, 0.052, 0.014, 'demo_model'),
('2024-12-30', 'haidilao', 162512, 1.33, 331.87, 799435515, 280100, 240516, 0.2513, 28779679, 14389839, 41570647, 11192097, 9593226, 0.1915, 0.052, 0.014, 'demo_model'),
('2025-01-30', 'haidilao', 166964, 1.35, 329.69, 886851737, 312783, 266630, 0.2687, 31926663, 15963331, 46116290, 12415924, 10642221, 0.1887, 0.052, 0.014, 'demo_model'),
('2025-02-27', 'haidilao', 166032, 1.31, 329.63, 882798609, 311415, 265584, 0.2374, 31780750, 15890375, 45905528, 12359181, 10593583, 0.1991, 0.052, 0.014, 'demo_model'),
('2025-03-30', 'haidilao', 165292, 1.33, 329.56, 879580454, 310340, 264765, 0.2551, 31664896, 15832448, 45738184, 12314126, 10554965, 0.1902, 0.052, 0.014, 'demo_model'),
('2025-04-29', 'haidilao', 164368, 1.31, 329.76, 916016504, 323008, 275684, 0.2392, 32976594, 16488297, 47632858, 12824231, 10992198, 0.1764, 0.052, 0.014, 'demo_model'),
('2025-05-30', 'haidilao', 163620, 1.31, 329.7, 912763571, 321914, 274863, 0.2416, 32859489, 16429744, 47463706, 12778690, 10953163, 0.1691, 0.052, 0.014, 'demo_model'),
('2025-06-29', 'haidilao', 162696, 1.29, 329.62, 908745221, 320577, 273867, 0.2256, 32714828, 16357414, 47254751, 12722433, 10904943, 0.223, 0.052, 0.014, 'demo_model'),
('2025-07-30', 'haidilao', 161948, 1.29, 329.72, 865037889, 305066, 260657, 0.228, 31141364, 15570682, 44981970, 12110530, 10380455, 0.2304, 0.052, 0.014, 'demo_model'),
('2025-08-30', 'haidilao', 161112, 1.28, 329.65, 861402273, 303845, 259721, 0.2212, 31010482, 15505241, 44792918, 12059632, 10336827, 0.1991, 0.052, 0.014, 'demo_model'),
('2025-09-29', 'haidilao', 160188, 1.38, 325.24, 903906474, 323159, 276037, 0.2853, 32540633, 16270317, 47003137, 12654691, 10846878, 0.1853, 0.052, 0.014, 'demo_model'),
('2025-10-30', 'haidilao', 181884, 1.36, 333.8, 824305193, 287143, 242102, 0.2734, 29674987, 14837493, 42863870, 11540273, 9891662, 0.2155, 0.052, 0.014, 'demo_model'),
('2025-11-29', 'haidilao', 180960, 1.38, 329.26, 860741234, 303969, 257881, 0.2893, 30986684, 15493342, 44758544, 12050377, 10328895, 0.1708, 0.052, 0.014, 'demo_model'),
('2025-12-30', 'haidilao', 180212, 1.38, 329.38, 857488310, 302710, 256870, 0.287, 30869579, 15434790, 44589392, 12004836, 10289860, 0.1634, 0.052, 0.014, 'demo_model'),
('2026-01-30', 'haidilao', 203288, 1.38, 338.41, 971518083, 333815, 285556, 0.287, 34974651, 17487325, 50518940, 13601253, 11658217, 0.2167, 0.052, 0.014, 'demo_model'),
('2026-02-27', 'haidilao', 202356, 1.31, 334.46, 927143674, 322328, 275741, 0.2383, 33377172, 16688586, 48211471, 12980011, 11125724, 0.2272, 0.052, 0.014, 'demo_model'),
('2026-03-30', 'haidilao', 201616, 1.28, 334.28, 926899108, 322422, 275777, 0.2206, 33368368, 16684184, 48198754, 12976588, 11122789, 0.1622, 0.052, 0.014, 'demo_model'),
('2026-04-29', 'haidilao', 200692, 1.31, 334.04, 926593730, 322543, 275825, 0.2365, 33357374, 16678687, 48182874, 12972312, 11119125, 0.2284, 0.052, 0.014, 'demo_model'),
('2026-05-30', 'haidilao', 199944, 1.3, 333.85, 926346506, 322645, 275865, 0.2341, 33348474, 16674237, 48170018, 12968851, 11116158, 0.221, 0.052, 0.014, 'demo_model'),
('2026-06-29', 'haidilao', 199020, 1.33, 333.61, 926041129, 322772, 275914, 0.2501, 33337481, 16668740, 48154139, 12964576, 11112494, 0.1711, 0.052, 0.014, 'demo_model')
on conflict (month, brand_id) do update set gtv = excluded.gtv, paid_orders = excluded.paid_orders;

delete from public.fact_poi_daily where date >= '2024-01-01' and date <= '2026-06-30' and poi_id like 'hdl-%';
insert into public.fact_poi_daily (date, poi_id, exposure, visits, search_visits, deal_clicks, favorite_count, navigate_clicks, phone_clicks, avg_stay_seconds)
values
('2024-01-30', 'hdl-上海-静安大悦城-01', 104924, 14958, 3291, 1493, 598, 359, 165, 96),
('2024-02-28', 'hdl-上海-静安大悦城-01', 103950, 14723, 3239, 1480, 589, 353, 162, 127),
('2024-03-30', 'hdl-上海-静安大悦城-01', 103169, 14535, 3198, 1469, 581, 349, 160, 119),
('2024-04-29', 'hdl-上海-静安大悦城-01', 102199, 18392, 4046, 1871, 736, 441, 202, 116),
('2024-05-30', 'hdl-上海-静安大悦城-01', 101413, 18175, 3999, 1859, 727, 436, 200, 107),
('2024-06-29', 'hdl-上海-静安大悦城-01', 100443, 17908, 3940, 1845, 716, 430, 197, 97),
('2024-07-30', 'hdl-上海-静安大悦城-01', 99658, 17694, 3893, 1832, 708, 425, 195, 120),
('2024-08-30', 'hdl-上海-静安大悦城-01', 98780, 17455, 3840, 1819, 698, 419, 192, 129),
('2024-09-29', 'hdl-上海-静安大悦城-01', 97810, 17193, 3782, 1803, 688, 413, 189, 106),
('2024-10-30', 'hdl-上海-静安大悦城-01', 78590, 12376, 2723, 1468, 495, 297, 136, 103),
('2024-11-29', 'hdl-上海-静安大悦城-01', 77620, 12152, 2673, 1450, 486, 292, 134, 102),
('2024-12-30', 'hdl-上海-静安大悦城-01', 76835, 11972, 2634, 1435, 479, 287, 132, 110),
('2025-01-30', 'hdl-上海-静安大悦城-01', 100618, 15826, 3482, 1879, 633, 380, 174, 100),
('2025-02-27', 'hdl-上海-静安大悦城-01', 101876, 15929, 3504, 1903, 637, 382, 175, 115),
('2025-03-30', 'hdl-上海-静安大悦城-01', 102875, 16009, 3522, 1441, 640, 384, 176, 127),
('2025-04-29', 'hdl-上海-静安大悦城-01', 104123, 16107, 3544, 1461, 644, 387, 177, 114),
('2025-05-30', 'hdl-上海-静安大悦城-01', 105133, 16184, 3560, 1477, 647, 388, 178, 104),
('2025-06-29', 'hdl-上海-静安大悦城-01', 106380, 16278, 3581, 1497, 651, 391, 179, 102),
('2025-07-30', 'hdl-上海-静安大悦城-01', 107390, 16352, 3597, 1513, 654, 392, 180, 109),
('2025-08-30', 'hdl-上海-静安大悦城-01', 108518, 16433, 3615, 1531, 657, 394, 181, 117),
('2025-09-29', 'hdl-上海-静安大悦城-01', 109766, 16521, 3635, 1550, 661, 397, 182, 124),
('2025-10-30', 'hdl-上海-静安大悦城-01', 134476, 23157, 5095, 2491, 926, 556, 255, 127),
('2025-11-29', 'hdl-上海-静安大悦城-01', 81724, 13998, 3080, 1515, 560, 336, 154, 108),
('2025-12-30', 'hdl-上海-静安大悦城-01', 82733, 14109, 3104, 1535, 564, 339, 155, 115),
('2026-01-30', 'hdl-上海-静安大悦城-01', 149712, 25752, 5665, 2634, 1030, 618, 283, 110),
('2026-02-27', 'hdl-上海-静安大悦城-01', 91110, 15587, 3429, 1583, 623, 374, 171, 120),
('2026-03-30', 'hdl-上海-静安大悦城-01', 92220, 15708, 3456, 1587, 628, 377, 173, 103),
('2026-04-29', 'hdl-上海-静安大悦城-01', 93606, 15858, 3489, 1591, 634, 381, 174, 97),
('2026-05-30', 'hdl-上海-静安大悦城-01', 94728, 15977, 3515, 1594, 639, 383, 176, 126),
('2026-06-29', 'hdl-上海-静安大悦城-01', 96114, 16122, 3547, 1597, 645, 387, 177, 109),
('2024-01-30', 'hdl-上海-静安大悦城-02', 68783, 10554, 2322, 967, 422, 253, 116, 101),
('2024-02-28', 'hdl-上海-静安大悦城-02', 69758, 10639, 2341, 982, 426, 255, 117, 117),
('2024-03-30', 'hdl-上海-静安大悦城-02', 70539, 10705, 2355, 994, 428, 257, 118, 112),
('2024-04-29', 'hdl-上海-静安大悦城-02', 71509, 10786, 2373, 1009, 431, 259, 119, 128),
('2024-05-30', 'hdl-上海-静安大悦城-02', 72295, 10851, 2387, 1022, 434, 260, 119, 101),
('2024-06-29', 'hdl-上海-静安大悦城-02', 73265, 10929, 2404, 1037, 437, 262, 120, 99),
('2024-07-30', 'hdl-上海-静安大悦城-02', 74050, 10991, 2418, 1049, 440, 264, 121, 124),
('2024-08-30', 'hdl-上海-静安大悦城-02', 74928, 11058, 2433, 1062, 442, 265, 122, 102),
('2024-09-29', 'hdl-上海-静安大悦城-02', 75898, 11131, 2449, 1077, 445, 267, 122, 103),
('2024-10-30', 'hdl-上海-静安大悦城-02', 95117, 16014, 3523, 1769, 641, 384, 176, 109),
('2024-11-29', 'hdl-上海-静安大悦城-02', 96088, 16088, 3539, 1788, 644, 386, 177, 96),
('2024-12-30', 'hdl-上海-静安大悦城-02', 96873, 16147, 3552, 1804, 646, 388, 178, 121),
('2025-01-30', 'hdl-上海-静安大悦城-02', 93442, 15713, 3457, 1738, 629, 377, 173, 129),
('2025-02-27', 'hdl-上海-静安大悦城-02', 92183, 15416, 3392, 1716, 617, 370, 170, 116),
('2025-03-30', 'hdl-上海-静安大悦城-02', 91184, 15181, 3340, 1698, 607, 364, 167, 117),
('2025-04-29', 'hdl-上海-静安大悦城-02', 89937, 14890, 3276, 1676, 596, 357, 164, 118),
('2025-05-30', 'hdl-上海-静安大悦城-02', 88927, 14657, 3225, 1658, 586, 352, 161, 110),
('2025-06-29', 'hdl-上海-静安大悦城-02', 87680, 14370, 3161, 1635, 575, 345, 158, 95),
('2025-07-30', 'hdl-上海-静安大悦城-02', 86670, 14140, 3111, 1617, 566, 339, 156, 122),
('2025-08-30', 'hdl-上海-静安大悦城-02', 85541, 13884, 3054, 1596, 555, 333, 153, 128),
('2025-09-29', 'hdl-上海-静安大悦城-02', 84294, 13604, 2993, 1574, 544, 326, 150, 108),
('2025-10-30', 'hdl-上海-静安大悦城-02', 113584, 16252, 3575, 1616, 650, 390, 179, 105),
('2025-11-29', 'hdl-上海-静安大悦城-02', 112336, 15969, 3513, 1599, 639, 383, 176, 115),
('2025-12-30', 'hdl-上海-静安大悦城-02', 111326, 15742, 3463, 1585, 630, 378, 173, 109),
('2026-01-30', 'hdl-上海-静安大悦城-02', 125910, 20939, 4607, 2313, 838, 503, 230, 117),
('2026-02-27', 'hdl-上海-静安大悦城-02', 124512, 20822, 4581, 2285, 833, 500, 229, 113),
('2026-03-30', 'hdl-上海-静安大悦城-02', 123402, 20728, 4560, 2263, 829, 497, 228, 128),
('2026-04-29', 'hdl-上海-静安大悦城-02', 122016, 20608, 4534, 2236, 824, 495, 227, 112),
('2026-05-30', 'hdl-上海-静安大悦城-02', 120894, 20509, 4512, 2214, 820, 492, 226, 105),
('2026-06-29', 'hdl-上海-静安大悦城-02', 119508, 20384, 4484, 2186, 815, 489, 224, 115),
('2024-01-30', 'hdl-上海-陆家嘴-01', 150671, 23646, 5202, 2778, 946, 568, 260, 105),
('2024-02-28', 'hdl-上海-陆家嘴-01', 148722, 23478, 5165, 2742, 939, 563, 258, 113),
('2024-03-30', 'hdl-上海-陆家嘴-01', 147160, 23341, 5135, 2712, 934, 560, 257, 108),
('2024-04-29', 'hdl-上海-陆家嘴-01', 145219, 23168, 5097, 2676, 927, 556, 255, 127),
('2024-05-30', 'hdl-上海-陆家嘴-01', 143648, 23024, 5065, 2647, 921, 553, 253, 97),
('2024-06-29', 'hdl-上海-陆家嘴-01', 141708, 22844, 5026, 2610, 914, 548, 251, 103),
('2024-07-30', 'hdl-上海-陆家嘴-01', 140137, 22696, 4993, 2581, 908, 545, 250, 120),
('2024-08-30', 'hdl-上海-陆家嘴-01', 138382, 22527, 4956, 2547, 901, 541, 248, 106),
('2024-09-29', 'hdl-上海-陆家嘴-01', 136441, 22338, 4914, 2510, 894, 536, 246, 116),
('2024-10-30', 'hdl-上海-陆家嘴-01', 182003, 25848, 5687, 2550, 1034, 620, 284, 113),
('2024-11-29', 'hdl-上海-陆家嘴-01', 180062, 25739, 5663, 2521, 1030, 618, 283, 127),
('2024-12-30', 'hdl-上海-陆家嘴-01', 178492, 25648, 5643, 2498, 1026, 616, 282, 125),
('2025-01-30', 'hdl-上海-陆家嘴-01', 169322, 24080, 5298, 2372, 963, 578, 265, 125),
('2025-02-27', 'hdl-上海-陆家嘴-01', 171839, 24598, 5412, 2406, 984, 590, 271, 120),
('2025-03-30', 'hdl-上海-陆家嘴-01', 173837, 25013, 5503, 2433, 1001, 600, 275, 113),
('2025-04-29', 'hdl-上海-陆家嘴-01', 176332, 25535, 5618, 2466, 1021, 613, 281, 103),
('2025-05-30', 'hdl-上海-陆家嘴-01', 178351, 25961, 5711, 2492, 1038, 623, 286, 114),
('2025-06-29', 'hdl-上海-陆家嘴-01', 180846, 26491, 5828, 2525, 1060, 636, 291, 126),
('2025-07-30', 'hdl-上海-陆家嘴-01', 182866, 26924, 5923, 2551, 1077, 646, 296, 126),
('2025-08-30', 'hdl-上海-陆家嘴-01', 185123, 27411, 6030, 2580, 1096, 658, 302, 123),
('2025-09-29', 'hdl-上海-陆家嘴-01', 187618, 27954, 6150, 2612, 1118, 671, 307, 112),
('2025-10-30', 'hdl-上海-陆家嘴-01', 237038, 39656, 8724, 4350, 1586, 952, 436, 116),
('2025-11-29', 'hdl-上海-陆家嘴-01', 239533, 40294, 8865, 4392, 1612, 967, 443, 119),
('2025-12-30', 'hdl-上海-陆家嘴-01', 241553, 40815, 8979, 4426, 1633, 980, 449, 105),
('2026-01-30', 'hdl-上海-陆家嘴-01', 263964, 44212, 9727, 4843, 1768, 1061, 486, 121),
('2026-02-27', 'hdl-上海-陆家嘴-01', 266760, 44929, 9884, 4891, 1797, 1078, 494, 109),
('2026-03-30', 'hdl-上海-陆家嘴-01', 268980, 45502, 10010, 4928, 1820, 1092, 501, 98),
('2026-04-29', 'hdl-上海-陆家嘴-01', 271752, 46222, 10169, 4974, 1849, 1109, 508, 108),
('2026-05-30', 'hdl-上海-陆家嘴-01', 273996, 46808, 10298, 5010, 1872, 1123, 515, 116),
('2026-06-29', 'hdl-上海-陆家嘴-01', 276768, 47538, 10458, 5056, 1902, 1141, 523, 119),
('2024-01-30', 'hdl-北京-朝阳合生汇-01', 100006, 14857, 3269, 1393, 594, 357, 163, 102),
('2024-02-28', 'hdl-北京-朝阳合生汇-01', 99032, 14804, 3257, 1378, 592, 355, 163, 120),
('2024-03-30', 'hdl-北京-朝阳合生汇-01', 98251, 14761, 3247, 1365, 590, 354, 162, 125),
('2024-04-29', 'hdl-北京-朝阳合生汇-01', 97280, 14705, 3235, 1350, 588, 353, 162, 116),
('2024-05-30', 'hdl-北京-朝阳合生汇-01', 96495, 14658, 3225, 1337, 586, 352, 161, 102),
('2024-06-29', 'hdl-北京-朝阳合生汇-01', 95525, 14599, 3212, 1322, 584, 350, 161, 104),
('2024-07-30', 'hdl-北京-朝阳合生汇-01', 94739, 14550, 3201, 1746, 582, 349, 160, 114),
('2024-08-30', 'hdl-北京-朝阳合生汇-01', 93862, 14494, 3189, 1730, 580, 348, 159, 115),
('2024-09-29', 'hdl-北京-朝阳合生汇-01', 92891, 14430, 3175, 1712, 577, 346, 159, 126),
('2024-10-30', 'hdl-北京-朝阳合生汇-01', 73672, 12793, 2814, 1342, 512, 307, 141, 129),
('2024-11-29', 'hdl-北京-朝阳合生汇-01', 72702, 12691, 2792, 1323, 508, 305, 140, 106),
('2024-12-30', 'hdl-北京-朝阳合生汇-01', 71917, 12608, 2774, 1307, 504, 303, 139, 117),
('2025-01-30', 'hdl-北京-朝阳合生汇-01', 106942, 18591, 4090, 1948, 744, 446, 205, 108),
('2025-02-27', 'hdl-北京-朝阳合生汇-01', 108200, 18910, 4160, 1968, 756, 454, 208, 122),
('2025-03-30', 'hdl-北京-朝阳合生汇-01', 109199, 19166, 4217, 1984, 767, 460, 211, 120),
('2025-04-29', 'hdl-北京-朝阳合生汇-01', 110446, 19487, 4287, 2004, 779, 468, 214, 95),
('2025-05-30', 'hdl-北京-朝阳合生汇-01', 111456, 19748, 4345, 2020, 790, 474, 217, 128),
('2025-06-29', 'hdl-北京-朝阳合生汇-01', 112703, 20073, 4416, 2039, 803, 482, 221, 107),
('2025-07-30', 'hdl-北京-朝阳合生汇-01', 113713, 20338, 4474, 2055, 814, 488, 224, 116),
('2025-08-30', 'hdl-北京-朝阳合生汇-01', 114842, 20636, 4540, 2072, 825, 495, 227, 110),
('2025-09-29', 'hdl-北京-朝阳合生汇-01', 116089, 16324, 3591, 1628, 653, 392, 180, 120),
('2025-10-30', 'hdl-北京-朝阳合生汇-01', 86800, 13794, 3035, 1600, 552, 331, 152, 117),
('2025-11-29', 'hdl-北京-朝阳合生汇-01', 88047, 14074, 3096, 1623, 563, 338, 155, 123),
('2025-12-30', 'hdl-北京-朝阳合生汇-01', 89057, 14302, 3146, 1641, 572, 343, 157, 129),
('2026-01-30', 'hdl-北京-朝阳合生汇-01', 96738, 15393, 3386, 1786, 616, 369, 169, 121),
('2026-02-27', 'hdl-北京-朝阳合生汇-01', 98136, 15706, 3455, 1834, 628, 377, 173, 124),
('2026-03-30', 'hdl-北京-朝阳合生汇-01', 99246, 15958, 3511, 1872, 638, 383, 176, 110),
('2026-04-29', 'hdl-北京-朝阳合生汇-01', 100632, 16273, 3580, 1920, 651, 391, 179, 99),
('2026-05-30', 'hdl-北京-朝阳合生汇-01', 101754, 16531, 3637, 1960, 661, 397, 182, 118),
('2026-06-29', 'hdl-北京-朝阳合生汇-01', 103140, 16851, 3707, 2010, 674, 404, 185, 123),
('2024-01-30', 'hdl-北京-朝阳合生汇-02', 94298, 16756, 3686, 1708, 670, 402, 184, 96),
('2024-02-28', 'hdl-北京-朝阳合生汇-02', 93324, 16669, 3667, 1687, 667, 400, 183, 127),
('2024-03-30', 'hdl-北京-朝阳合生汇-02', 92543, 16599, 3652, 1671, 664, 398, 183, 119),
('2024-04-29', 'hdl-北京-朝阳合生汇-02', 91573, 12846, 2826, 1284, 514, 308, 141, 116),
('2024-05-30', 'hdl-北京-朝阳合生汇-02', 90787, 12804, 2817, 1273, 512, 307, 141, 107),
('2024-06-29', 'hdl-北京-朝阳合生汇-02', 89817, 12750, 2805, 1258, 510, 306, 140, 97),
('2024-07-30', 'hdl-北京-朝阳合生汇-02', 89032, 12705, 2795, 1247, 508, 305, 140, 120),
('2024-08-30', 'hdl-北京-朝阳合生汇-02', 88154, 12654, 2784, 1234, 506, 304, 139, 129),
('2024-09-29', 'hdl-北京-朝阳合生汇-02', 87184, 12595, 2771, 1219, 504, 302, 139, 106),
('2024-10-30', 'hdl-北京-朝阳合生汇-02', 67964, 11062, 2434, 1251, 442, 265, 122, 103),
('2024-11-29', 'hdl-北京-朝阳合生汇-02', 66994, 10966, 2413, 1233, 439, 263, 121, 103),
('2024-12-30', 'hdl-北京-朝阳合生汇-02', 66209, 10887, 2395, 1218, 435, 261, 120, 110),
('2025-01-30', 'hdl-北京-朝阳合生汇-02', 87118, 14197, 3123, 1604, 568, 341, 156, 101),
('2025-02-27', 'hdl-北京-朝阳合生汇-02', 85860, 14072, 3096, 1580, 563, 338, 155, 115),
('2025-03-30', 'hdl-北京-朝阳合生汇-02', 84861, 13971, 3074, 1560, 559, 335, 154, 127),
('2025-04-29', 'hdl-北京-朝阳合生汇-02', 83614, 13843, 3045, 1537, 554, 332, 152, 114),
('2025-05-30', 'hdl-北京-朝阳合生汇-02', 82604, 13738, 3022, 1517, 550, 330, 151, 103),
('2025-06-29', 'hdl-北京-朝阳合生汇-02', 81356, 13605, 2993, 1493, 544, 327, 150, 102),
('2025-07-30', 'hdl-北京-朝阳合生汇-02', 134347, 22568, 4965, 2464, 903, 542, 248, 110),
('2025-08-30', 'hdl-北京-朝阳合生汇-02', 133218, 22489, 4948, 2441, 900, 540, 247, 116),
('2025-09-29', 'hdl-北京-朝阳合生汇-02', 131971, 22401, 4928, 2416, 896, 538, 246, 124),
('2025-10-30', 'hdl-北京-朝阳合生汇-02', 107260, 15879, 3493, 1495, 635, 381, 175, 127),
('2025-11-29', 'hdl-北京-朝阳合生汇-02', 106013, 15793, 3474, 1476, 632, 379, 174, 108),
('2025-12-30', 'hdl-北京-朝阳合生汇-02', 105003, 15721, 3459, 1460, 629, 377, 173, 115),
('2026-01-30', 'hdl-北京-朝阳合生汇-02', 118884, 20420, 4492, 2203, 817, 490, 225, 110),
('2026-02-27', 'hdl-北京-朝阳合生汇-02', 117486, 20070, 4415, 2180, 803, 482, 221, 120),
('2026-03-30', 'hdl-北京-朝阳合生汇-02', 116376, 19794, 4355, 2161, 792, 475, 218, 103),
('2026-04-29', 'hdl-北京-朝阳合生汇-02', 114990, 19452, 4279, 2137, 778, 467, 214, 97),
('2026-05-30', 'hdl-北京-朝阳合生汇-02', 113868, 19177, 4219, 2117, 767, 460, 211, 126),
('2026-06-29', 'hdl-北京-朝阳合生汇-02', 112482, 18840, 4145, 2093, 754, 452, 207, 109),
('2024-01-30', 'hdl-北京-西单大悦城-01', 165413, 24800, 5456, 2338, 992, 595, 273, 99),
('2024-02-28', 'hdl-北京-西单大悦城-01', 167362, 24937, 5486, 2368, 997, 598, 274, 124),
('2024-03-30', 'hdl-北京-西单大悦城-01', 168924, 25044, 5510, 2392, 1002, 601, 275, 122),
('2024-04-29', 'hdl-北京-西单大悦城-01', 170864, 25174, 5538, 2422, 1007, 604, 277, 113),
('2024-05-30', 'hdl-北京-西单大悦城-01', 172435, 25276, 5561, 2446, 1011, 607, 278, 110),
('2024-06-29', 'hdl-北京-西单大悦城-01', 174376, 25400, 5588, 2476, 1016, 610, 279, 100),
('2024-07-30', 'hdl-北京-西单大悦城-01', 175946, 25497, 5609, 2500, 1020, 612, 280, 117),
('2024-08-30', 'hdl-北京-西单大悦城-01', 177702, 25603, 5633, 2526, 1024, 614, 282, 97),
('2024-09-29', 'hdl-北京-西单大悦城-01', 179642, 25716, 5658, 2555, 1029, 617, 283, 103),
('2024-10-30', 'hdl-北京-西单大悦城-01', 134081, 22103, 4863, 2499, 884, 530, 243, 100),
('2024-11-29', 'hdl-北京-西单大悦城-01', 136021, 22297, 4905, 2537, 892, 535, 245, 110),
('2024-12-30', 'hdl-北京-西单大悦城-01', 137592, 22452, 4939, 2567, 898, 539, 247, 113),
('2025-01-30', 'hdl-北京-西单大悦城-01', 259081, 37445, 8238, 3624, 1498, 899, 412, 112),
('2025-02-27', 'hdl-北京-西单大悦城-01', 256565, 37321, 8211, 3586, 1493, 896, 411, 118),
('2025-03-30', 'hdl-北京-西单大悦城-01', 254567, 37219, 8188, 3555, 1489, 893, 409, 124),
('2025-04-29', 'hdl-北京-西单大悦城-01', 252072, 37087, 8159, 3517, 1483, 890, 408, 117),
('2025-05-30', 'hdl-北京-西单大悦城-01', 250052, 36977, 8135, 3486, 1479, 887, 407, 101),
('2025-06-29', 'hdl-北京-西单大悦城-01', 247558, 36837, 8104, 3447, 1473, 884, 405, 111),
('2025-07-30', 'hdl-北京-西单大悦城-01', 245538, 36720, 8078, 3415, 1469, 881, 404, 113),
('2025-08-30', 'hdl-北京-西单大悦城-01', 243281, 36586, 8049, 3380, 1463, 878, 402, 114),
('2025-09-29', 'hdl-北京-西单大悦城-01', 240786, 36433, 8015, 3341, 1457, 874, 401, 127),
('2025-10-30', 'hdl-北京-西单大悦城-01', 191365, 32458, 7141, 3504, 1298, 779, 357, 130),
('2025-11-29', 'hdl-北京-西单大悦城-01', 188870, 32209, 7086, 3455, 1288, 773, 354, 105),
('2025-12-30', 'hdl-北京-西单大悦城-01', 186851, 32005, 7041, 3415, 1280, 768, 352, 97),
('2026-01-30', 'hdl-北京-西单大悦城-01', 212040, 36006, 7921, 3882, 1440, 864, 396, 107),
('2026-02-27', 'hdl-北京-西单大悦城-01', 209244, 35726, 7860, 3827, 1429, 857, 393, 128),
('2026-03-30', 'hdl-北京-西单大悦城-01', 207024, 35500, 7810, 3783, 1420, 852, 391, 106),
('2026-04-29', 'hdl-北京-西单大悦城-01', 204252, 35214, 7747, 3728, 1409, 845, 387, 129),
('2026-05-30', 'hdl-北京-西单大悦城-01', 202008, 34978, 7695, 3683, 1399, 839, 385, 129),
('2026-06-29', 'hdl-北京-西单大悦城-01', 199236, 34682, 7630, 3628, 1387, 832, 382, 106),
('2024-01-30', 'hdl-深圳-万象天地-01', 92278, 14013, 3083, 1301, 561, 336, 154, 128),
('2024-02-28', 'hdl-深圳-万象天地-01', 91304, 13780, 3032, 1289, 551, 331, 152, 130),
('2024-03-30', 'hdl-深圳-万象天地-01', 90523, 13595, 2991, 1279, 544, 326, 150, 116),
('2024-04-29', 'hdl-深圳-万象天地-01', 89552, 13366, 2941, 1267, 535, 321, 147, 106),
('2024-05-30', 'hdl-深圳-万象天地-01', 88767, 13183, 2900, 1257, 527, 316, 145, 111),
('2024-06-29', 'hdl-深圳-万象天地-01', 87797, 12957, 2851, 1244, 518, 311, 143, 129),
('2024-07-30', 'hdl-深圳-万象天地-01', 87011, 12776, 2811, 1234, 511, 307, 141, 123),
('2024-08-30', 'hdl-深圳-万象天地-01', 86134, 12576, 2767, 1223, 503, 302, 138, 126),
('2024-09-29', 'hdl-深圳-万象天地-01', 85163, 12355, 2718, 1210, 494, 297, 136, 109),
('2024-10-30', 'hdl-深圳-万象天地-01', 65944, 10998, 2420, 1228, 440, 264, 121, 119),
('2024-11-29', 'hdl-深圳-万象天地-01', 64974, 10776, 2371, 1210, 431, 259, 119, 116),
('2024-12-30', 'hdl-深圳-万象天地-01', 64189, 10598, 2332, 1196, 424, 254, 117, 107),
('2025-01-30', 'hdl-深圳-万象天地-01', 84521, 14079, 3097, 1383, 563, 338, 155, 118),
('2025-02-27', 'hdl-深圳-万象天地-01', 83263, 13792, 3034, 1345, 552, 331, 152, 112),
('2025-03-30', 'hdl-深圳-万象天地-01', 82264, 13566, 2985, 1315, 543, 326, 149, 130),
('2025-04-29', 'hdl-深圳-万象天地-01', 81016, 13285, 2923, 1279, 531, 319, 146, 111),
('2025-05-30', 'hdl-深圳-万象天地-01', 134006, 21874, 4812, 2093, 875, 525, 241, 118),
('2025-06-29', 'hdl-深圳-万象天地-01', 132759, 21548, 4741, 2047, 862, 517, 237, 117),
('2025-07-30', 'hdl-深圳-万象天地-01', 131749, 21285, 4683, 2010, 851, 511, 234, 107),
('2025-08-30', 'hdl-深圳-万象天地-01', 130621, 20994, 4619, 1970, 840, 504, 231, 120),
('2025-09-29', 'hdl-深圳-万象天地-01', 129373, 20674, 4548, 1925, 827, 496, 227, 121),
('2025-10-30', 'hdl-深圳-万象天地-01', 104663, 17551, 3861, 1920, 702, 421, 193, 124),
('2025-11-29', 'hdl-深圳-万象天地-01', 103415, 17437, 3836, 1896, 697, 418, 192, 114),
('2025-12-30', 'hdl-深圳-万象天地-01', 102406, 17343, 3815, 1876, 694, 416, 191, 104),
('2026-01-30', 'hdl-深圳-万象天地-01', 115998, 19474, 4284, 2128, 779, 467, 214, 112),
('2026-02-27', 'hdl-深圳-万象天地-01', 114600, 19346, 4256, 2100, 774, 464, 213, 99),
('2026-03-30', 'hdl-深圳-万象天地-01', 113490, 19243, 4233, 2078, 770, 462, 212, 100),
('2026-04-29', 'hdl-深圳-万象天地-01', 112104, 19111, 4204, 2051, 764, 459, 210, 100),
('2026-05-30', 'hdl-深圳-万象天地-01', 110982, 19003, 4181, 2029, 760, 456, 209, 123),
('2026-06-29', 'hdl-深圳-万象天地-01', 109596, 18867, 4151, 2001, 755, 453, 208, 113),
('2024-01-30', 'hdl-深圳-万象天地-02', 81430, 13251, 2915, 1520, 530, 318, 146, 104),
('2024-02-28', 'hdl-深圳-万象天地-02', 82404, 13333, 2933, 1538, 533, 320, 147, 114),
('2024-03-30', 'hdl-深圳-万象天地-02', 83185, 13397, 2947, 1553, 536, 322, 147, 110),
('2024-04-29', 'hdl-深圳-万象天地-02', 84155, 13476, 2965, 1572, 539, 323, 148, 125),
('2024-05-30', 'hdl-深圳-万象天地-02', 84941, 13538, 2978, 1586, 542, 325, 149, 98),
('2024-06-29', 'hdl-深圳-万象天地-02', 85911, 13613, 2995, 1605, 545, 327, 150, 102),
('2024-07-30', 'hdl-深圳-万象天地-02', 86696, 13673, 3008, 1619, 547, 328, 150, 121),
('2024-08-30', 'hdl-深圳-万象天地-02', 87574, 13738, 3022, 1636, 550, 330, 151, 120),
('2024-09-29', 'hdl-深圳-万象天地-02', 88544, 13809, 3038, 1654, 552, 331, 152, 115),
('2024-10-30', 'hdl-深圳-万象天地-02', 65764, 11683, 2570, 1209, 467, 280, 129, 112),
('2024-11-29', 'hdl-深圳-万象天地-02', 66734, 11793, 2594, 1229, 472, 283, 130, 128),
('2024-12-30', 'hdl-深圳-万象天地-02', 67519, 11882, 2614, 1244, 475, 285, 131, 124),
('2025-01-30', 'hdl-深圳-万象天地-02', 84818, 14566, 3205, 1549, 583, 350, 160, 126),
('2025-02-27', 'hdl-深圳-万象天地-02', 86076, 14862, 3270, 1570, 594, 357, 163, 119),
('2025-03-30', 'hdl-深圳-万象天地-02', 87075, 15099, 3322, 1587, 604, 362, 166, 114),
('2025-04-29', 'hdl-深圳-万象天地-02', 88322, 15397, 3387, 1608, 616, 370, 169, 104),
('2025-05-30', 'hdl-深圳-万象天地-02', 89332, 15640, 3441, 1624, 626, 375, 172, 113),
('2025-06-29', 'hdl-深圳-万象天地-02', 90580, 15942, 3507, 1645, 638, 383, 175, 128),
('2025-07-30', 'hdl-深圳-万象天地-02', 91589, 16188, 3561, 1661, 648, 389, 178, 125),
('2025-08-30', 'hdl-深圳-万象天地-02', 92718, 16465, 3622, 1679, 659, 395, 181, 125),
('2025-09-29', 'hdl-深圳-万象天地-02', 93965, 16774, 3690, 1699, 671, 403, 185, 115),
('2025-10-30', 'hdl-深圳-万象天地-02', 118676, 18610, 4094, 2188, 744, 447, 205, 117),
('2025-11-29', 'hdl-深圳-万象天地-02', 119923, 18916, 4162, 2211, 757, 454, 208, 118),
('2025-12-30', 'hdl-深圳-万象天地-02', 120933, 19166, 4217, 2229, 767, 460, 211, 106),
('2026-01-30', 'hdl-深圳-万象天地-02', 107844, 16932, 3725, 1988, 677, 406, 186, 120),
('2026-02-27', 'hdl-深圳-万象天地-02', 106446, 16812, 3699, 1962, 672, 403, 185, 111),
('2026-03-30', 'hdl-深圳-万象天地-02', 105336, 16715, 3677, 1942, 669, 401, 184, 96),
('2026-04-29', 'hdl-深圳-万象天地-02', 103950, 16591, 3650, 1916, 664, 398, 183, 109),
('2026-05-30', 'hdl-深圳-万象天地-02', 102828, 16489, 3628, 1895, 660, 396, 181, 117),
('2026-06-29', 'hdl-深圳-万象天地-02', 101442, 16360, 3599, 1869, 654, 393, 180, 118),
('2024-01-30', 'hdl-深圳-福田coco-01', 170058, 24316, 5350, 2419, 973, 584, 267, 113),
('2024-02-28', 'hdl-深圳-福田coco-01', 172007, 24435, 5376, 2448, 977, 586, 269, 105),
('2024-03-30', 'hdl-深圳-福田coco-01', 173569, 24528, 5396, 2471, 981, 589, 270, 124),
('2024-04-29', 'hdl-深圳-福田coco-01', 175510, 24640, 5421, 2499, 986, 591, 271, 99),
('2024-05-30', 'hdl-深圳-福田coco-01', 177080, 31811, 6998, 3244, 1272, 763, 350, 124),
('2024-06-29', 'hdl-深圳-福田coco-01', 179021, 31995, 7039, 3285, 1280, 768, 352, 111),
('2024-07-30', 'hdl-深圳-福田coco-01', 180592, 32140, 7071, 3318, 1286, 771, 354, 112),
('2024-08-30', 'hdl-深圳-福田coco-01', 182347, 32300, 7106, 3355, 1292, 775, 355, 114),
('2024-09-29', 'hdl-深圳-福田coco-01', 184288, 32474, 7144, 3395, 1299, 779, 357, 124),
('2024-10-30', 'hdl-深圳-福田coco-01', 138726, 21906, 4819, 2591, 876, 526, 241, 121),
('2024-11-29', 'hdl-深圳-福田coco-01', 140666, 22082, 4858, 2627, 883, 530, 243, 119),
('2024-12-30', 'hdl-深圳-福田coco-01', 142237, 22223, 4889, 2657, 889, 533, 244, 98),
('2025-01-30', 'hdl-深圳-福田coco-01', 253109, 38339, 8435, 3511, 1534, 920, 422, 117),
('2025-02-27', 'hdl-深圳-福田coco-01', 250592, 38191, 8402, 3470, 1528, 917, 420, 128),
('2025-03-30', 'hdl-深圳-福田coco-01', 248594, 38071, 8376, 3438, 1523, 914, 419, 105),
('2025-04-29', 'hdl-深圳-福田coco-01', 246100, 37916, 8342, 4535, 1517, 910, 417, 130),
('2025-05-30', 'hdl-深圳-福田coco-01', 244080, 37787, 8313, 4499, 1511, 907, 416, 122),
('2025-06-29', 'hdl-深圳-福田coco-01', 241585, 37624, 8277, 4453, 1505, 903, 414, 118),
('2025-07-30', 'hdl-深圳-福田coco-01', 239566, 37489, 8248, 4416, 1500, 900, 412, 99),
('2025-08-30', 'hdl-深圳-福田coco-01', 237308, 37334, 8213, 4375, 1493, 896, 411, 116),
('2025-09-29', 'hdl-深圳-福田coco-01', 234814, 37159, 8175, 4328, 1486, 892, 409, 120),
('2025-10-30', 'hdl-深圳-福田coco-01', 185393, 32732, 7201, 3363, 1309, 786, 360, 108),
('2025-11-29', 'hdl-深圳-福田coco-01', 182898, 32460, 7141, 3313, 1298, 779, 357, 127),
('2025-12-30', 'hdl-深圳-福田coco-01', 180878, 32237, 7092, 3272, 1289, 774, 355, 97),
('2026-01-30', 'hdl-深圳-福田coco-01', 205404, 36305, 7987, 3725, 1452, 871, 399, 129),
('2026-02-27', 'hdl-深圳-福田coco-01', 202608, 35999, 7920, 3669, 1440, 864, 396, 101),
('2026-03-30', 'hdl-深圳-福田coco-01', 200388, 35753, 7866, 3624, 1430, 858, 393, 105),
('2026-04-29', 'hdl-深圳-福田coco-01', 197616, 35441, 7797, 3568, 1418, 851, 390, 100),
('2026-05-30', 'hdl-深圳-福田coco-01', 195372, 27370, 6021, 2740, 1095, 657, 301, 117),
('2026-06-29', 'hdl-深圳-福田coco-01', 192600, 27160, 5975, 2700, 1086, 652, 299, 127),
('2024-01-30', 'hdl-成都-春熙路-01', 85722, 15056, 3312, 1581, 602, 361, 166, 96),
('2024-02-28', 'hdl-成都-春熙路-01', 84748, 14806, 3257, 1565, 592, 355, 163, 98),
('2024-03-30', 'hdl-成都-春熙路-01', 83966, 14607, 3214, 1552, 584, 351, 161, 96),
('2024-04-29', 'hdl-成都-春熙路-01', 82996, 14361, 3159, 1536, 574, 345, 158, 109),
('2024-05-30', 'hdl-成都-春熙路-01', 82211, 14164, 3116, 1523, 567, 340, 156, 108),
('2024-06-29', 'hdl-成都-春熙路-01', 81241, 13922, 3063, 1506, 557, 334, 153, 97),
('2024-07-30', 'hdl-成都-春熙路-01', 80455, 13727, 3020, 1493, 549, 329, 151, 105),
('2024-08-30', 'hdl-成都-春熙路-01', 79577, 13511, 2972, 1478, 540, 324, 149, 121),
('2024-09-29', 'hdl-成都-春熙路-01', 78607, 13273, 2920, 1461, 531, 319, 146, 119),
('2024-10-30', 'hdl-成都-春熙路-01', 101388, 15264, 3358, 1432, 611, 366, 168, 122),
('2024-11-29', 'hdl-成都-春熙路-01', 100418, 15025, 3306, 1420, 601, 361, 165, 113),
('2024-12-30', 'hdl-成都-春熙路-01', 99632, 14833, 3263, 1410, 593, 356, 163, 111),
('2025-01-30', 'hdl-成都-春熙路-01', 125307, 18841, 4145, 1770, 754, 452, 207, 115),
('2025-02-27', 'hdl-成都-春熙路-01', 126565, 18912, 4161, 1790, 756, 454, 208, 115),
('2025-03-30', 'hdl-成都-春熙路-01', 127564, 18967, 4173, 1806, 759, 455, 209, 98),
('2025-04-29', 'hdl-成都-春熙路-01', 128812, 19033, 4187, 1825, 761, 457, 209, 102),
('2025-05-30', 'hdl-成都-春熙路-01', 129821, 19085, 4199, 1841, 763, 458, 210, 122),
('2025-06-29', 'hdl-成都-春熙路-01', 131069, 19148, 4213, 1860, 766, 460, 211, 113),
('2025-07-30', 'hdl-成都-春熙路-01', 132079, 19196, 4223, 1876, 768, 461, 211, 110),
('2025-08-30', 'hdl-成都-春熙路-01', 133207, 19249, 4235, 1893, 770, 462, 212, 109),
('2025-09-29', 'hdl-成都-春熙路-01', 134455, 19305, 4247, 1912, 772, 463, 212, 126),
('2025-10-30', 'hdl-成都-春熙路-01', 105165, 17381, 3824, 1960, 695, 417, 191, 123),
('2025-11-29', 'hdl-成都-春熙路-01', 106412, 17489, 3848, 1984, 700, 420, 192, 117),
('2025-12-30', 'hdl-成都-春熙路-01', 107422, 17575, 3867, 2004, 703, 422, 193, 100),
('2026-01-30', 'hdl-成都-春熙路-01', 117144, 19338, 4254, 1878, 774, 464, 213, 115),
('2026-02-27', 'hdl-成都-春熙路-01', 118542, 19458, 4281, 1876, 778, 467, 214, 95),
('2026-03-30', 'hdl-成都-春熙路-01', 119652, 19552, 4301, 1874, 782, 469, 215, 103),
('2026-04-29', 'hdl-成都-春熙路-01', 121038, 19667, 4327, 1871, 787, 472, 216, 128),
('2026-05-30', 'hdl-成都-春熙路-01', 122160, 19758, 4347, 1869, 790, 474, 217, 124),
('2026-06-29', 'hdl-成都-春熙路-01', 123546, 19868, 4371, 1865, 795, 477, 219, 116),
('2024-01-30', 'hdl-成都-春熙路-02', 87986, 12891, 2836, 1248, 516, 309, 142, 125),
('2024-02-28', 'hdl-成都-春熙路-02', 88960, 12951, 2849, 1263, 518, 311, 142, 98),
('2024-03-30', 'hdl-成都-春熙路-02', 89741, 12998, 2860, 1275, 520, 312, 143, 113),
('2024-04-29', 'hdl-成都-春熙路-02', 90712, 13055, 2872, 1290, 522, 313, 144, 122),
('2024-05-30', 'hdl-成都-春熙路-02', 91497, 13099, 2882, 1301, 524, 314, 144, 101),
('2024-06-29', 'hdl-成都-春熙路-02', 92467, 13153, 2894, 1316, 526, 316, 145, 126),
('2024-07-30', 'hdl-成都-春熙路-02', 93253, 13195, 2903, 1327, 528, 317, 145, 126),
('2024-08-30', 'hdl-成都-春熙路-02', 94130, 13240, 2913, 1340, 530, 318, 146, 123),
('2024-09-29', 'hdl-成都-春熙路-02', 95101, 17093, 3760, 1742, 684, 410, 188, 112),
('2024-10-30', 'hdl-成都-春熙路-02', 72320, 11674, 2568, 1350, 467, 280, 128, 109),
('2024-11-29', 'hdl-成都-春熙路-02', 73290, 11763, 2588, 1369, 471, 282, 129, 119),
('2024-12-30', 'hdl-成都-春熙路-02', 74075, 11834, 2603, 1383, 473, 284, 130, 104),
('2025-01-30', 'hdl-成都-春熙路-02', 122753, 19792, 4354, 2292, 792, 475, 218, 121),
('2025-02-27', 'hdl-成都-春熙路-02', 121495, 19476, 4285, 2269, 779, 467, 214, 109),
('2025-03-30', 'hdl-成都-春熙路-02', 120496, 19226, 4230, 2250, 769, 461, 211, 98),
('2025-04-29', 'hdl-成都-春熙路-02', 119248, 18917, 4162, 2227, 757, 454, 208, 108),
('2025-05-30', 'hdl-成都-春熙路-02', 118238, 18668, 4107, 2208, 747, 448, 205, 110),
('2025-06-29', 'hdl-成都-春熙路-02', 116991, 18363, 4040, 2185, 735, 441, 202, 96),
('2025-07-30', 'hdl-成都-春熙路-02', 115981, 18118, 3986, 2166, 725, 435, 199, 104),
('2025-08-30', 'hdl-成都-春熙路-02', 114853, 17846, 3926, 1609, 714, 428, 196, 123),
('2025-09-29', 'hdl-成都-春熙路-02', 113605, 17547, 3860, 1595, 702, 421, 193, 118),
('2025-10-30', 'hdl-成都-春熙路-02', 88895, 15659, 3445, 1638, 626, 376, 172, 121),
('2025-11-29', 'hdl-成都-春熙路-02', 87647, 15358, 3379, 1617, 614, 369, 169, 114),
('2025-12-30', 'hdl-成都-春熙路-02', 86638, 15117, 3326, 1600, 605, 363, 166, 107),
('2026-01-30', 'hdl-成都-春熙路-02', 98478, 17059, 3753, 1795, 682, 409, 188, 116),
('2026-02-27', 'hdl-成都-春熙路-02', 97080, 16907, 3720, 1768, 676, 406, 186, 102),
('2026-03-30', 'hdl-成都-春熙路-02', 95970, 16785, 3693, 1746, 671, 403, 185, 97),
('2026-04-29', 'hdl-成都-春熙路-02', 94584, 16630, 3659, 1718, 665, 399, 183, 103),
('2026-05-30', 'hdl-成都-春熙路-02', 93462, 16503, 3631, 1696, 660, 396, 182, 120),
('2026-06-29', 'hdl-成都-春熙路-02', 92076, 16343, 3595, 1668, 654, 392, 180, 115),
('2024-01-30', 'hdl-成都-太古里-01', 164212, 24684, 5430, 2320, 987, 592, 272, 99),
('2024-02-28', 'hdl-成都-太古里-01', 166160, 24822, 5461, 2350, 993, 596, 273, 101),
('2024-03-30', 'hdl-成都-太古里-01', 167723, 24931, 5485, 2374, 997, 598, 274, 129),
('2024-04-29', 'hdl-成都-太古里-01', 169663, 25063, 5514, 2404, 1003, 602, 276, 112),
('2024-05-30', 'hdl-成都-太古里-01', 171234, 25167, 5537, 2428, 1007, 604, 277, 105),
('2024-06-29', 'hdl-成都-太古里-01', 173174, 25292, 5564, 2458, 1012, 607, 278, 100),
('2024-07-30', 'hdl-成都-太古里-01', 174745, 25390, 5586, 2482, 1016, 609, 279, 108),
('2024-08-30', 'hdl-成都-太古里-01', 176501, 25498, 5610, 2508, 1020, 612, 280, 118),
('2024-09-29', 'hdl-成都-太古里-01', 178441, 25613, 5635, 2537, 1025, 615, 282, 122),
('2024-10-30', 'hdl-成都-太古里-01', 132880, 21957, 4831, 2477, 878, 527, 242, 125),
('2024-11-29', 'hdl-成都-太古里-01', 134820, 22153, 4874, 2514, 886, 532, 244, 110),
('2024-12-30', 'hdl-成都-太古里-01', 136391, 22309, 4908, 2544, 892, 535, 245, 113),
('2025-01-30', 'hdl-成都-太古里-01', 171374, 28284, 6222, 3194, 1131, 679, 311, 112),
('2025-02-27', 'hdl-成都-太古里-01', 173891, 28537, 6278, 3243, 1141, 685, 314, 118),
('2025-03-30', 'hdl-成都-太古里-01', 175889, 28735, 6322, 3281, 1149, 690, 316, 101),
('2025-04-29', 'hdl-成都-太古里-01', 178384, 28977, 6375, 3329, 1159, 695, 319, 99),
('2025-05-30', 'hdl-成都-太古里-01', 180403, 29170, 6417, 3368, 1167, 700, 321, 124),
('2025-06-29', 'hdl-成都-太古里-01', 182898, 29405, 6469, 3415, 1176, 706, 323, 111),
('2025-07-30', 'hdl-成都-太古里-01', 184918, 29591, 6510, 3453, 1184, 710, 326, 113),
('2025-08-30', 'hdl-成都-太古里-01', 187175, 29796, 6555, 3496, 1192, 715, 328, 111),
('2025-09-29', 'hdl-成都-太古里-01', 189670, 30018, 6604, 3543, 1201, 720, 330, 124),
('2025-10-30', 'hdl-成都-太古里-01', 239090, 43027, 9466, 4378, 1721, 1033, 473, 121),
('2025-11-29', 'hdl-成都-太古里-01', 241585, 43252, 9515, 4431, 1730, 1038, 476, 120),
('2025-12-30', 'hdl-成都-太古里-01', 243605, 43432, 9555, 4474, 1737, 1042, 478, 98),
('2026-01-30', 'hdl-成都-太古里-01', 266244, 45107, 9924, 4876, 1804, 1083, 496, 118),
('2026-02-27', 'hdl-成都-太古里-01', 269040, 45832, 10083, 4923, 1833, 1100, 504, 128),
('2026-03-30', 'hdl-成都-太古里-01', 271260, 46410, 10210, 4959, 1856, 1114, 511, 106),
('2026-04-29', 'hdl-成都-太古里-01', 274032, 47138, 10370, 5004, 1886, 1131, 519, 96),
('2026-05-30', 'hdl-成都-太古里-01', 276276, 47731, 10501, 5040, 1909, 1146, 525, 121),
('2026-06-29', 'hdl-成都-太古里-01', 279048, 48467, 10663, 5084, 1939, 1163, 533, 119),
('2024-01-30', 'hdl-杭州-滨江龙湖-01', 103417, 17738, 3902, 1808, 710, 426, 195, 104),
('2024-02-28', 'hdl-杭州-滨江龙湖-01', 102442, 17475, 3845, 1769, 699, 419, 192, 107),
('2024-03-30', 'hdl-杭州-滨江龙湖-01', 101661, 17267, 3799, 1738, 691, 414, 190, 123),
('2024-04-29', 'hdl-杭州-滨江龙湖-01', 100691, 17009, 3742, 1700, 680, 408, 187, 118),
('2024-05-30', 'hdl-杭州-滨江龙湖-01', 99905, 16801, 3696, 1670, 672, 403, 185, 100),
('2024-06-29', 'hdl-杭州-滨江龙湖-01', 98935, 16547, 3640, 1633, 662, 397, 182, 106),
('2024-07-30', 'hdl-杭州-滨江龙湖-01', 98150, 16342, 3595, 1604, 654, 392, 180, 114),
('2024-08-30', 'hdl-杭州-滨江龙湖-01', 97272, 16114, 3545, 1572, 645, 387, 177, 113),
('2024-09-29', 'hdl-杭州-滨江龙湖-01', 96302, 15865, 3490, 1536, 635, 381, 175, 128),
('2024-10-30', 'hdl-杭州-滨江龙湖-01', 77083, 11288, 2483, 1277, 452, 271, 124, 96),
('2024-11-29', 'hdl-杭州-滨江龙湖-01', 76112, 11075, 2437, 1245, 443, 266, 122, 104),
('2024-12-30', 'hdl-杭州-滨江龙湖-01', 75327, 10905, 2399, 1220, 436, 262, 120, 119),
('2025-01-30', 'hdl-杭州-滨江龙湖-01', 98842, 16106, 3543, 1819, 644, 387, 177, 106),
('2025-02-27', 'hdl-杭州-滨江龙湖-01', 97583, 15992, 3518, 1795, 640, 384, 176, 124),
('2025-03-30', 'hdl-杭州-滨江龙湖-01', 96584, 15899, 3498, 1776, 636, 382, 175, 107),
('2025-04-29', 'hdl-杭州-滨江龙湖-01', 95337, 15782, 3472, 1752, 631, 379, 174, 128),
('2025-05-30', 'hdl-杭州-滨江龙湖-01', 94327, 15685, 3451, 1732, 627, 376, 173, 95),
('2025-06-29', 'hdl-杭州-滨江龙湖-01', 93080, 15564, 3424, 1708, 623, 374, 171, 105),
('2025-07-30', 'hdl-杭州-滨江龙湖-01', 92070, 15464, 3402, 1689, 619, 371, 170, 118),
('2025-08-30', 'hdl-杭州-滨江龙湖-01', 90941, 15350, 3377, 1667, 614, 368, 169, 117),
('2025-09-29', 'hdl-杭州-滨江龙湖-01', 89694, 15223, 3349, 1642, 609, 365, 167, 118),
('2025-10-30', 'hdl-杭州-滨江龙湖-01', 118984, 17612, 3875, 1658, 704, 423, 194, 115),
('2025-11-29', 'hdl-杭州-滨江龙湖-01', 117736, 17537, 3858, 1639, 701, 421, 193, 125),
('2025-12-30', 'hdl-杭州-滨江龙湖-01', 116726, 17473, 3844, 1623, 699, 419, 192, 127),
('2026-01-30', 'hdl-杭州-滨江龙湖-01', 131910, 19552, 4301, 1838, 782, 469, 215, 123),
('2026-02-27', 'hdl-杭州-滨江龙湖-01', 130512, 19466, 4283, 1816, 779, 467, 214, 122),
('2026-03-30', 'hdl-杭州-滨江龙湖-01', 129402, 19396, 4267, 1799, 776, 466, 213, 112),
('2026-04-29', 'hdl-杭州-滨江龙湖-01', 128016, 19307, 4248, 1777, 772, 463, 212, 102),
('2026-05-30', 'hdl-杭州-滨江龙湖-01', 126894, 19233, 4231, 1760, 769, 462, 212, 116),
('2026-06-29', 'hdl-杭州-滨江龙湖-01', 125508, 19138, 4210, 1738, 766, 459, 211, 125),
('2024-01-30', 'hdl-杭州-滨江龙湖-02', 70291, 11724, 2579, 1291, 469, 281, 129, 98),
('2024-02-28', 'hdl-杭州-滨江龙湖-02', 71266, 11953, 2630, 1307, 478, 287, 131, 125),
('2024-03-30', 'hdl-杭州-滨江龙湖-02', 72047, 12137, 2670, 1321, 485, 291, 134, 121),
('2024-04-29', 'hdl-杭州-滨江龙湖-02', 73017, 12368, 2721, 1337, 495, 297, 136, 114),
('2024-05-30', 'hdl-杭州-滨江龙湖-02', 73802, 12556, 2762, 1351, 502, 301, 138, 110),
('2024-06-29', 'hdl-杭州-滨江龙湖-02', 74773, 12791, 2814, 1367, 512, 307, 141, 99),
('2024-07-30', 'hdl-杭州-滨江龙湖-02', 75558, 12981, 2856, 1380, 519, 312, 143, 118),
('2024-08-30', 'hdl-杭州-滨江龙湖-02', 76436, 13196, 2903, 1395, 528, 317, 145, 97),
('2024-09-29', 'hdl-杭州-滨江龙湖-02', 77406, 13435, 2956, 1411, 537, 322, 148, 104),
('2024-10-30', 'hdl-杭州-滨江龙湖-02', 96625, 14675, 3229, 1339, 587, 352, 161, 101),
('2024-11-29', 'hdl-杭州-滨江龙湖-02', 97595, 14912, 3281, 1351, 596, 358, 164, 111),
('2024-12-30', 'hdl-杭州-滨江龙湖-02', 98381, 15106, 3323, 1360, 604, 363, 166, 113),
('2025-01-30', 'hdl-杭州-滨江龙湖-02', 124497, 18932, 4165, 1725, 757, 454, 208, 113),
('2025-02-27', 'hdl-杭州-滨江龙湖-02', 125755, 19241, 4233, 1740, 770, 462, 212, 117),
('2025-03-30', 'hdl-杭州-滨江龙湖-02', 126754, 19487, 4287, 2336, 779, 468, 214, 124),
('2025-04-29', 'hdl-杭州-滨江龙湖-02', 128002, 19797, 4355, 2359, 792, 475, 218, 116),
('2025-05-30', 'hdl-杭州-滨江龙湖-02', 129011, 20050, 4411, 2378, 802, 481, 221, 101),
('2025-06-29', 'hdl-杭州-滨江龙湖-02', 130259, 20364, 4480, 2401, 815, 489, 224, 111),
('2025-07-30', 'hdl-杭州-滨江龙湖-02', 131269, 20620, 4536, 2420, 825, 495, 227, 112),
('2025-08-30', 'hdl-杭州-滨江龙湖-02', 132397, 20908, 4600, 2441, 836, 502, 230, 114),
('2025-09-29', 'hdl-杭州-滨江龙湖-02', 133645, 21229, 4670, 2463, 849, 509, 234, 126),
('2025-10-30', 'hdl-杭州-滨江龙湖-02', 104355, 18486, 4067, 1891, 739, 444, 203, 129),
('2025-11-29', 'hdl-杭州-滨江龙湖-02', 105602, 18805, 4137, 1911, 752, 451, 207, 106),
('2025-12-30', 'hdl-杭州-滨江龙湖-02', 106612, 19064, 4194, 1927, 763, 458, 210, 98),
('2026-01-30', 'hdl-杭州-滨江龙湖-02', 123756, 21947, 4828, 2242, 878, 527, 241, 108),
('2026-02-27', 'hdl-杭州-滨江龙湖-02', 122358, 21813, 4799, 2213, 873, 524, 240, 128),
('2026-03-30', 'hdl-杭州-滨江龙湖-02', 121248, 21705, 4775, 2190, 868, 521, 239, 105),
('2026-04-29', 'hdl-杭州-滨江龙湖-02', 119862, 21568, 4745, 2161, 863, 518, 237, 130),
('2026-05-30', 'hdl-杭州-滨江龙湖-02', 118740, 16705, 3675, 1665, 668, 401, 184, 128),
('2026-06-29', 'hdl-杭州-滨江龙湖-02', 117354, 16619, 3656, 1645, 665, 399, 183, 107),
('2024-01-30', 'hdl-杭州-湖滨银泰-01', 132577, 22396, 4927, 2429, 896, 538, 246, 108),
('2024-02-28', 'hdl-杭州-湖滨银泰-01', 130628, 22188, 4881, 2391, 888, 533, 244, 105),
('2024-03-30', 'hdl-杭州-湖滨银泰-01', 129066, 22019, 4844, 2361, 881, 528, 242, 106),
('2024-04-29', 'hdl-杭州-湖滨银泰-01', 127126, 21806, 4797, 2323, 872, 523, 240, 129),
('2024-05-30', 'hdl-杭州-湖滨银泰-01', 209555, 36101, 7942, 3825, 1444, 866, 397, 129),
('2024-06-29', 'hdl-杭州-湖滨银泰-01', 207614, 35959, 7911, 3785, 1438, 863, 396, 106),
('2024-07-30', 'hdl-杭州-湖滨银泰-01', 206044, 35841, 7885, 3753, 1434, 860, 394, 117),
('2024-08-30', 'hdl-杭州-湖滨银泰-01', 204288, 35706, 7855, 3716, 1428, 857, 393, 116),
('2024-09-29', 'hdl-杭州-湖滨银泰-01', 202348, 35554, 7822, 3676, 1422, 853, 391, 119),
('2024-10-30', 'hdl-杭州-湖滨银泰-01', 163909, 25244, 5554, 3021, 1010, 606, 278, 116),
('2024-11-29', 'hdl-杭州-湖滨银泰-01', 161969, 25095, 5521, 2986, 1004, 602, 276, 124),
('2024-12-30', 'hdl-杭州-湖滨银泰-01', 160398, 24971, 5494, 2957, 999, 599, 275, 128),
('2025-01-30', 'hdl-杭州-湖滨银泰-01', 210211, 34851, 7667, 3916, 1394, 836, 383, 122),
('2025-02-27', 'hdl-杭州-湖滨银泰-01', 207695, 34241, 7533, 3872, 1370, 822, 377, 123),
('2025-03-30', 'hdl-杭州-湖滨银泰-01', 205697, 33759, 7427, 3836, 1350, 810, 371, 105),
('2025-04-29', 'hdl-杭州-湖滨银泰-01', 203202, 33162, 7296, 3791, 1326, 796, 365, 100),
('2025-05-30', 'hdl-杭州-湖滨银泰-01', 201182, 32682, 7190, 3755, 1307, 784, 360, 117),
('2025-06-29', 'hdl-杭州-湖滨银泰-01', 198688, 32093, 7060, 3709, 1284, 770, 353, 124),
('2025-07-30', 'hdl-杭州-湖滨银泰-01', 196668, 31619, 6956, 3672, 1265, 759, 348, 129),
('2025-08-30', 'hdl-杭州-湖滨银泰-01', 194411, 31094, 6841, 3631, 1244, 746, 342, 130),
('2025-09-29', 'hdl-杭州-湖滨银泰-01', 191916, 30518, 6714, 3585, 1221, 732, 336, 111),
('2025-10-30', 'hdl-杭州-湖滨银泰-01', 250495, 35248, 7755, 3567, 1410, 846, 388, 113),
('2025-11-29', 'hdl-杭州-湖滨银泰-01', 248000, 44587, 9809, 4542, 1783, 1070, 490, 122),
('2025-12-30', 'hdl-杭州-湖滨银泰-01', 245981, 44040, 9689, 4511, 1762, 1057, 484, 102),
('2026-01-30', 'hdl-杭州-湖滨银泰-01', 289812, 40723, 8959, 4127, 1629, 977, 448, 124),
('2026-02-27', 'hdl-杭州-湖滨银泰-01', 292608, 52548, 11561, 5361, 2102, 1261, 578, 107),
('2026-03-30', 'hdl-杭州-湖滨银泰-01', 294828, 52728, 11600, 5409, 2109, 1265, 580, 100),
('2026-04-29', 'hdl-杭州-湖滨银泰-01', 297600, 52949, 11649, 5468, 2118, 1271, 582, 110),
('2026-05-30', 'hdl-杭州-湖滨银泰-01', 299844, 53124, 11687, 5516, 2125, 1275, 584, 113),
('2026-06-29', 'hdl-杭州-湖滨银泰-01', 182616, 32186, 7081, 3364, 1287, 772, 354, 122),
('2024-01-30', 'hdl-广州-天河城-01', 104357, 17900, 3938, 1907, 716, 430, 197, 113),
('2024-02-28', 'hdl-广州-天河城-01', 103383, 17829, 3922, 1887, 713, 428, 196, 109),
('2024-03-30', 'hdl-广州-天河城-01', 102602, 17770, 3909, 1871, 711, 426, 195, 102),
('2024-04-29', 'hdl-广州-天河城-01', 101632, 17696, 3893, 1851, 708, 425, 195, 98),
('2024-05-30', 'hdl-广州-天河城-01', 100846, 17635, 3880, 1834, 705, 423, 194, 126),
('2024-06-29', 'hdl-广州-天河城-01', 99876, 17557, 3863, 1814, 702, 421, 193, 115),
('2024-07-30', 'hdl-广州-天河城-01', 99091, 17494, 3849, 1798, 700, 420, 192, 103),
('2024-08-30', 'hdl-广州-天河城-01', 98213, 17421, 3833, 1779, 697, 418, 192, 112),
('2024-09-29', 'hdl-广州-天河城-01', 97243, 17338, 3814, 1759, 694, 416, 191, 123),
('2024-10-30', 'hdl-广州-天河城-01', 78023, 12219, 2688, 1438, 489, 293, 134, 120),
('2024-11-29', 'hdl-广州-天河城-01', 77053, 12138, 2670, 1420, 486, 291, 134, 95),
('2024-12-30', 'hdl-广州-天河城-01', 76268, 12071, 2656, 1406, 483, 290, 133, 128),
('2025-01-30', 'hdl-广州-天河城-01', 100051, 16328, 3592, 1867, 653, 392, 180, 97),
('2025-02-27', 'hdl-广州-天河城-01', 98793, 16031, 3527, 1844, 641, 385, 176, 98),
('2025-03-30', 'hdl-广州-天河城-01', 97794, 15796, 3475, 1826, 632, 379, 174, 109),
('2025-04-29', 'hdl-广州-天河城-01', 96547, 15506, 3411, 1803, 620, 372, 171, 96),
('2025-05-30', 'hdl-广州-天河城-01', 95537, 15272, 3360, 1784, 611, 367, 168, 121),
('2025-06-29', 'hdl-广州-天河城-01', 94289, 14986, 3297, 1761, 599, 360, 165, 96),
('2025-07-30', 'hdl-广州-天河城-01', 93280, 14755, 3246, 1742, 590, 354, 162, 127),
('2025-08-30', 'hdl-广州-天河城-01', 92151, 14500, 3190, 1721, 580, 348, 160, 99),
('2025-09-29', 'hdl-广州-天河城-01', 90904, 14220, 3128, 1698, 569, 341, 156, 107),
('2025-10-30', 'hdl-广州-天河城-01', 120193, 21409, 4710, 2208, 856, 514, 235, 109),
('2025-11-29', 'hdl-广州-天河城-01', 118946, 21077, 4637, 2188, 843, 506, 232, 126),
('2025-12-30', 'hdl-广州-天河城-01', 117936, 20810, 4578, 2172, 832, 499, 229, 118),
('2026-01-30', 'hdl-广州-天河城-01', 133254, 23709, 5216, 2449, 948, 569, 261, 128),
('2026-02-27', 'hdl-广州-天河城-01', 131856, 23337, 5134, 2426, 933, 560, 257, 113),
('2026-03-30', 'hdl-广州-天河城-01', 130746, 23044, 5070, 2409, 922, 553, 253, 121),
('2026-04-29', 'hdl-广州-天河城-01', 129360, 22680, 4990, 2386, 907, 544, 249, 114),
('2026-05-30', 'hdl-广州-天河城-01', 128238, 22388, 4925, 2368, 896, 537, 246, 109),
('2026-06-29', 'hdl-广州-天河城-01', 126852, 22029, 4846, 2346, 881, 529, 242, 126),
('2024-01-30', 'hdl-广州-天河城-02', 69350, 11141, 2451, 1306, 446, 267, 123, 118),
('2024-02-28', 'hdl-广州-天河城-02', 70325, 11363, 2500, 1340, 455, 273, 125, 100),
('2024-03-30', 'hdl-广州-天河城-02', 71106, 11542, 2539, 1367, 462, 277, 127, 130),
('2024-04-29', 'hdl-广州-天河城-02', 72076, 11766, 2589, 1402, 471, 282, 129, 105),
('2024-05-30', 'hdl-广州-天河城-02', 72862, 11949, 2629, 1430, 478, 287, 131, 118),
('2024-06-29', 'hdl-广州-天河城-02', 73832, 12176, 2679, 1101, 487, 292, 134, 117),
('2024-07-30', 'hdl-广州-天河城-02', 74617, 12361, 2719, 1124, 494, 297, 136, 107),
('2024-08-30', 'hdl-广州-天河城-02', 75495, 12570, 2765, 1151, 503, 302, 138, 120),
('2024-09-29', 'hdl-广州-天河城-02', 76465, 12802, 2816, 1181, 512, 307, 141, 130),
('2024-10-30', 'hdl-广州-天河城-02', 95684, 13944, 3068, 1478, 558, 335, 153, 127),
('2024-11-29', 'hdl-广州-天河城-02', 96655, 14175, 3119, 1513, 567, 340, 156, 114),
('2024-12-30', 'hdl-广州-天河城-02', 97440, 14363, 3160, 1541, 575, 345, 158, 103),
('2025-01-30', 'hdl-广州-天河城-02', 123287, 21461, 4721, 2278, 858, 515, 236, 112),
('2025-02-27', 'hdl-广州-天河城-02', 124546, 21564, 4744, 2304, 863, 518, 237, 99),
('2025-03-30', 'hdl-广州-天河城-02', 125545, 21644, 4762, 2325, 866, 519, 238, 100),
('2025-04-29', 'hdl-广州-天河城-02', 126792, 21742, 4783, 2350, 870, 522, 239, 100),
('2025-05-30', 'hdl-广州-天河城-02', 127802, 21820, 4800, 2371, 873, 524, 240, 127),
('2025-06-29', 'hdl-广州-天河城-02', 129049, 21914, 4821, 2397, 877, 526, 241, 113),
('2025-07-30', 'hdl-广州-天河城-02', 130059, 21988, 4837, 2417, 880, 528, 242, 104),
('2025-08-30', 'hdl-广州-天河城-02', 131188, 22069, 4855, 2440, 883, 530, 243, 110),
('2025-09-29', 'hdl-广州-天河城-02', 132435, 22156, 4874, 2465, 886, 532, 244, 125),
('2025-10-30', 'hdl-广州-天河城-02', 103145, 15368, 3381, 1460, 615, 369, 169, 103),
('2025-11-29', 'hdl-广州-天河城-02', 104393, 15458, 3401, 1479, 618, 371, 170, 97),
('2025-12-30', 'hdl-广州-天河城-02', 105403, 15528, 3416, 1494, 621, 373, 171, 126),
('2026-01-30', 'hdl-广州-天河城-02', 125100, 18615, 4095, 1771, 745, 447, 205, 99),
('2026-02-27', 'hdl-广州-天河城-02', 123702, 18292, 4024, 1753, 732, 439, 201, 96),
('2026-03-30', 'hdl-广州-天河城-02', 122592, 18037, 3968, 1738, 721, 433, 198, 111),
('2026-04-29', 'hdl-广州-天河城-02', 121206, 17721, 3899, 1720, 709, 425, 195, 130),
('2026-05-30', 'hdl-广州-天河城-02', 120084, 17467, 3843, 1705, 699, 419, 192, 123),
('2026-06-29', 'hdl-广州-天河城-02', 118698, 17156, 3774, 1687, 686, 412, 189, 98),
('2024-01-30', 'hdl-广州-北京路-01', 129503, 19350, 4257, 1802, 774, 464, 213, 110),
('2024-02-28', 'hdl-广州-北京路-01', 127554, 19177, 4219, 1772, 767, 460, 211, 107),
('2024-03-30', 'hdl-广州-北京路-01', 209992, 31728, 6980, 2914, 1269, 761, 349, 122),
('2024-04-29', 'hdl-广州-北京路-01', 208051, 31627, 6958, 2883, 1265, 759, 348, 118),
('2024-05-30', 'hdl-广州-北京路-01', 206480, 31543, 6939, 2858, 1262, 757, 347, 126),
('2024-06-29', 'hdl-广州-北京路-01', 204540, 31435, 6916, 3769, 1257, 754, 346, 109),
('2024-07-30', 'hdl-广州-北京路-01', 202969, 31346, 6896, 3741, 1254, 752, 345, 114),
('2024-08-30', 'hdl-广州-北京路-01', 201214, 31243, 6873, 3709, 1250, 750, 344, 112),
('2024-09-29', 'hdl-广州-北京路-01', 199273, 31126, 6848, 3674, 1245, 747, 342, 128),
('2024-10-30', 'hdl-广州-北京路-01', 160835, 28066, 6175, 2927, 1123, 674, 309, 119),
('2024-11-29', 'hdl-广州-北京路-01', 158894, 27874, 6132, 2888, 1115, 669, 307, 121),
('2024-12-30', 'hdl-广州-北京路-01', 157324, 27716, 6098, 2856, 1109, 665, 305, 96),
('2025-01-30', 'hdl-广州-北京路-01', 196538, 28558, 6283, 2791, 1142, 685, 314, 119),
('2025-02-27', 'hdl-广州-北京路-01', 199055, 28738, 6322, 2829, 1150, 690, 316, 126),
('2025-03-30', 'hdl-广州-北京路-01', 201053, 28878, 6353, 2859, 1155, 693, 318, 108),
('2025-04-29', 'hdl-广州-北京路-01', 203548, 29048, 6391, 2896, 1162, 697, 320, 128),
('2025-05-30', 'hdl-广州-北京路-01', 205567, 29182, 6420, 2925, 1167, 700, 321, 96),
('2025-06-29', 'hdl-广州-北京路-01', 208062, 29344, 6456, 2962, 1174, 704, 323, 121),
('2025-07-30', 'hdl-广州-北京路-01', 210082, 29472, 6484, 2991, 1179, 707, 324, 97),
('2025-08-30', 'hdl-广州-北京路-01', 212339, 38105, 8383, 3892, 1524, 915, 419, 118),
('2025-09-29', 'hdl-广州-北京路-01', 214834, 38354, 8438, 3944, 1534, 920, 422, 117),
('2025-10-30', 'hdl-广州-北京路-01', 264254, 42340, 9315, 4935, 1694, 1016, 466, 114),
('2025-11-29', 'hdl-广州-北京路-01', 266749, 42493, 9348, 4982, 1700, 1020, 467, 124),
('2025-12-30', 'hdl-广州-北京路-01', 268769, 42614, 9375, 5020, 1705, 1023, 469, 99),
('2026-01-30', 'hdl-广州-北京路-01', 294204, 47081, 10358, 5494, 1883, 1130, 518, 126),
('2026-02-27', 'hdl-广州-北京路-01', 297000, 47252, 10395, 5547, 1890, 1134, 520, 104),
('2026-03-30', 'hdl-广州-北京路-01', 299220, 47383, 10424, 5589, 1895, 1137, 521, 103),
('2026-04-29', 'hdl-广州-北京路-01', 181992, 28651, 6303, 3399, 1146, 688, 315, 102),
('2026-05-30', 'hdl-广州-北京路-01', 184236, 28867, 6351, 3441, 1155, 693, 318, 115),
('2026-06-29', 'hdl-广州-北京路-01', 187008, 29128, 6408, 3492, 1165, 699, 320, 125),
('2024-01-30', 'hdl-南京-新街口-01', 90523, 15018, 3304, 1369, 601, 360, 165, 118),
('2024-02-28', 'hdl-南京-新街口-01', 89548, 14939, 3287, 1372, 598, 359, 164, 100),
('2024-03-30', 'hdl-南京-新街口-01', 88767, 14875, 3273, 1374, 595, 357, 164, 130),
('2024-04-29', 'hdl-南京-新街口-01', 87797, 14793, 3254, 1377, 592, 355, 163, 111),
('2024-05-30', 'hdl-南京-新街口-01', 87011, 14726, 3240, 1379, 589, 353, 162, 119),
('2024-06-29', 'hdl-南京-新街口-01', 86041, 14641, 3221, 1381, 586, 351, 161, 116),
('2024-07-30', 'hdl-南京-新街口-01', 85256, 14572, 3206, 1383, 583, 350, 160, 107),
('2024-08-30', 'hdl-南京-新街口-01', 84378, 14492, 3188, 1384, 580, 348, 159, 119),
('2024-09-29', 'hdl-南京-新街口-01', 83408, 14403, 3169, 1386, 576, 346, 158, 121),
('2024-10-30', 'hdl-南京-新街口-01', 64189, 9691, 2132, 1066, 388, 233, 107, 124),
('2024-11-29', 'hdl-南京-新街口-01', 63218, 9603, 2113, 1063, 384, 230, 106, 114),
('2024-12-30', 'hdl-南京-新街口-01', 104433, 15942, 3507, 1773, 638, 383, 175, 103),
('2025-01-30', 'hdl-南京-新街口-01', 82264, 13888, 3055, 1529, 556, 333, 153, 112),
('2025-02-27', 'hdl-南京-新街口-01', 81005, 13600, 2992, 1507, 544, 326, 150, 98),
('2025-03-30', 'hdl-南京-新街口-01', 134006, 22399, 4928, 2494, 896, 538, 246, 100),
('2025-04-29', 'hdl-南京-新街口-01', 132759, 22068, 4855, 2473, 883, 530, 243, 100),
('2025-05-30', 'hdl-南京-新街口-01', 131749, 21802, 4796, 2455, 872, 523, 240, 123),
('2025-06-29', 'hdl-南京-新街口-01', 130502, 21475, 4725, 2433, 859, 515, 236, 113),
('2025-07-30', 'hdl-南京-新街口-01', 129492, 21212, 4667, 2415, 848, 509, 233, 104),
('2025-08-30', 'hdl-南京-新街口-01', 128363, 20920, 4602, 2395, 837, 502, 230, 110),
('2025-09-29', 'hdl-南京-新街口-01', 127116, 20599, 4532, 2373, 824, 494, 227, 125),
('2025-10-30', 'hdl-南京-新街口-01', 102406, 14720, 3238, 1456, 589, 353, 162, 122),
('2025-11-29', 'hdl-南京-新街口-01', 101158, 14447, 3178, 1439, 578, 347, 159, 119),
('2025-12-30', 'hdl-南京-新街口-01', 100148, 14228, 3130, 1425, 569, 341, 157, 126),
('2026-01-30', 'hdl-南京-新街口-01', 110286, 15831, 3483, 1568, 633, 380, 174, 117),
('2026-02-27', 'hdl-南京-新街口-01', 111684, 15928, 3504, 1589, 637, 382, 175, 96),
('2026-03-30', 'hdl-南京-新街口-01', 112794, 16003, 3521, 1605, 640, 384, 176, 111),
('2026-04-29', 'hdl-南京-新街口-01', 114180, 16094, 3541, 1626, 644, 386, 177, 130),
('2026-05-30', 'hdl-南京-新街口-01', 115302, 16166, 3557, 1642, 647, 388, 178, 122),
('2026-06-29', 'hdl-南京-新街口-01', 116688, 20920, 4602, 2139, 837, 502, 230, 118),
('2024-01-30', 'hdl-南京-新街口-02', 83185, 13724, 3019, 1551, 549, 329, 151, 126),
('2024-02-28', 'hdl-南京-新街口-02', 84160, 13806, 3037, 1569, 552, 331, 152, 96),
('2024-03-30', 'hdl-南京-新街口-02', 84941, 13871, 3052, 1585, 555, 333, 153, 115),
('2024-04-29', 'hdl-南京-新街口-02', 85911, 13950, 3069, 1603, 558, 335, 153, 105),
('2024-05-30', 'hdl-南京-新街口-02', 86696, 14013, 3083, 1618, 561, 336, 154, 113),
('2024-06-29', 'hdl-南京-新街口-02', 87667, 14089, 3100, 1637, 564, 338, 155, 128),
('2024-07-30', 'hdl-南京-新街口-02', 88452, 14149, 3113, 1652, 566, 340, 156, 125),
('2024-08-30', 'hdl-南京-新街口-02', 89330, 14215, 3127, 1668, 569, 341, 156, 125),
('2024-09-29', 'hdl-南京-新街口-02', 90300, 14285, 3143, 1687, 571, 343, 157, 115),
('2024-10-30', 'hdl-南京-新街口-02', 67519, 12146, 2672, 1236, 486, 292, 134, 118),
('2024-11-29', 'hdl-南京-新街口-02', 68489, 12258, 2697, 1256, 490, 294, 135, 117),
('2024-12-30', 'hdl-南京-新街口-02', 69275, 12346, 2716, 1272, 494, 296, 136, 106),
('2025-01-30', 'hdl-南京-新街口-02', 87075, 15647, 3442, 1595, 626, 376, 172, 119),
('2025-02-27', 'hdl-南京-新街口-02', 88333, 15791, 3474, 1621, 632, 379, 174, 111),
('2025-03-30', 'hdl-南京-新街口-02', 89332, 15904, 3499, 1641, 636, 382, 175, 96),
('2025-04-29', 'hdl-南京-新街口-02', 90580, 16042, 3529, 1667, 642, 385, 176, 106),
('2025-05-30', 'hdl-南京-新街口-02', 91589, 16152, 3553, 1687, 646, 388, 178, 117),
('2025-06-29', 'hdl-南京-新街口-02', 92837, 16287, 3583, 1712, 651, 391, 179, 118),
('2025-07-30', 'hdl-南京-新街口-02', 93847, 16394, 3607, 1733, 656, 393, 180, 105),
('2025-08-30', 'hdl-南京-新街口-02', 94975, 16511, 3632, 1756, 660, 396, 182, 121),
('2025-09-29', 'hdl-南京-新街口-02', 96223, 16639, 3661, 1781, 666, 399, 183, 120),
('2025-10-30', 'hdl-南京-新街口-02', 120933, 18699, 4114, 1697, 748, 449, 206, 128),
('2025-11-29', 'hdl-南京-新街口-02', 122180, 18779, 4131, 1717, 751, 451, 207, 112),
('2025-12-30', 'hdl-南京-新街口-02', 123190, 18842, 4145, 1734, 754, 452, 207, 105),
('2026-01-30', 'hdl-南京-新街口-02', 105336, 16266, 3579, 1479, 651, 390, 179, 110),
('2026-02-27', 'hdl-南京-新街口-02', 103938, 15954, 3510, 1461, 638, 383, 175, 100),
('2026-03-30', 'hdl-南京-新街口-02', 102828, 15707, 3456, 1447, 628, 377, 173, 99),
('2026-04-29', 'hdl-南京-新街口-02', 101442, 15402, 3388, 1430, 616, 370, 169, 101),
('2026-05-30', 'hdl-南京-新街口-02', 100320, 15156, 3334, 1416, 606, 364, 167, 129),
('2026-06-29', 'hdl-南京-新街口-02', 98934, 14856, 3268, 1398, 594, 357, 163, 112),
('2024-01-30', 'hdl-南京-河西万达-01', 151838, 25612, 5635, 2823, 1024, 615, 282, 116),
('2024-02-28', 'hdl-南京-河西万达-01', 153787, 25798, 5676, 2861, 1032, 619, 284, 102),
('2024-03-30', 'hdl-南京-河西万达-01', 155350, 25945, 5708, 2892, 1038, 623, 285, 127),
('2024-04-29', 'hdl-南京-河西万达-01', 157290, 26123, 5747, 2930, 1045, 627, 287, 113),
('2024-05-30', 'hdl-南京-河西万达-01', 158861, 26265, 5778, 2960, 1051, 630, 289, 121),
('2024-06-29', 'hdl-南京-河西万达-01', 160801, 26438, 5816, 2998, 1058, 635, 291, 114),
('2024-07-30', 'hdl-南京-河西万达-01', 162372, 26574, 5846, 3029, 1063, 638, 292, 109),
('2024-08-30', 'hdl-南京-河西万达-01', 164128, 26725, 5880, 3063, 1069, 641, 294, 117),
('2024-09-29', 'hdl-南京-河西万达-01', 166068, 26887, 5915, 3100, 1075, 645, 296, 123),
('2024-10-30', 'hdl-南京-河西万达-01', 204506, 29367, 6461, 2908, 1175, 705, 323, 124),
('2024-11-29', 'hdl-南京-河西万达-01', 206447, 29455, 6480, 2937, 1178, 707, 324, 116),
('2024-12-30', 'hdl-南京-河西万达-01', 208018, 29524, 6495, 2960, 1181, 709, 325, 101),
('2025-01-30', 'hdl-南京-河西万达-01', 263466, 37782, 8312, 3747, 1511, 907, 416, 114),
('2025-02-27', 'hdl-南京-河西万达-01', 265982, 37895, 8337, 3784, 1516, 909, 417, 96),
('2025-03-30', 'hdl-南京-河西万达-01', 267980, 37981, 8356, 3814, 1519, 912, 418, 102),
('2025-04-29', 'hdl-南京-河西万达-01', 162475, 22878, 5033, 2313, 915, 549, 252, 98),
('2025-05-30', 'hdl-南京-河西万达-01', 164495, 23039, 5069, 2342, 922, 553, 253, 126),
('2025-06-29', 'hdl-南京-河西万达-01', 166990, 29914, 6581, 3062, 1197, 718, 329, 115),
('2025-07-30', 'hdl-南京-河西万达-01', 169009, 30149, 6633, 3103, 1206, 724, 332, 102),
('2025-08-30', 'hdl-南京-河西万达-01', 171266, 30409, 6690, 3149, 1216, 730, 334, 113),
('2025-09-29', 'hdl-南京-河西万达-01', 173761, 30691, 6752, 3199, 1228, 737, 338, 123),
('2025-10-30', 'hdl-南京-河西万达-01', 223182, 35335, 7774, 4169, 1413, 848, 389, 120),
('2025-11-29', 'hdl-南京-河西万达-01', 225677, 35522, 7815, 4215, 1421, 853, 391, 130),
('2025-12-30', 'hdl-南京-河西万达-01', 227696, 35669, 7847, 4253, 1427, 856, 392, 129),
('2026-01-30', 'hdl-南京-河西万达-01', 231432, 34959, 7691, 3212, 1398, 839, 385, 97),
('2026-02-27', 'hdl-南京-河西万达-01', 228636, 34750, 7645, 3168, 1390, 834, 382, 98),
('2026-03-30', 'hdl-南京-河西万达-01', 226416, 34580, 7608, 3134, 1383, 830, 380, 108),
('2026-04-29', 'hdl-南京-河西万达-01', 223644, 34363, 7560, 4121, 1375, 825, 378, 97),
('2026-05-30', 'hdl-南京-河西万达-01', 221400, 34184, 7520, 4081, 1367, 820, 376, 120),
('2026-06-29', 'hdl-南京-河西万达-01', 218628, 33958, 7471, 4030, 1358, 815, 374, 95),
('2024-01-30', 'hdl-武汉-江汉路-01', 63798, 10272, 2260, 1175, 411, 247, 113, 121),
('2024-02-28', 'hdl-武汉-江汉路-01', 64772, 10489, 2308, 1193, 420, 252, 115, 123),
('2024-03-30', 'hdl-武汉-江汉路-01', 65554, 10664, 2346, 1207, 427, 256, 117, 106),
('2024-04-29', 'hdl-武汉-江汉路-01', 66524, 10884, 2394, 1224, 435, 261, 120, 99),
('2024-05-30', 'hdl-武汉-江汉路-01', 67309, 11062, 2434, 1238, 442, 265, 122, 118),
('2024-06-29', 'hdl-武汉-江汉路-01', 68279, 11285, 2483, 1255, 451, 271, 124, 122),
('2024-07-30', 'hdl-武汉-江汉路-01', 69065, 11466, 2523, 1269, 459, 275, 126, 130),
('2024-08-30', 'hdl-武汉-江汉路-01', 69943, 11671, 2568, 1284, 467, 280, 128, 96),
('2024-09-29', 'hdl-武汉-江汉路-01', 70913, 11898, 2618, 1301, 476, 286, 131, 109),
('2024-10-30', 'hdl-武汉-江汉路-01', 90132, 13167, 2897, 1259, 527, 316, 145, 112),
('2024-11-29', 'hdl-武汉-江汉路-01', 91102, 13393, 2946, 1271, 536, 321, 147, 123),
('2024-12-30', 'hdl-武汉-江汉路-01', 91888, 13577, 2987, 1281, 543, 326, 149, 115),
('2025-01-30', 'hdl-武汉-江汉路-01', 99851, 17346, 3816, 1846, 694, 416, 191, 125),
('2025-02-27', 'hdl-武汉-江汉路-01', 98593, 17035, 3748, 1825, 681, 409, 187, 110),
('2025-03-30', 'hdl-武汉-江汉路-01', 97594, 16790, 3694, 1808, 672, 403, 185, 123),
('2025-04-29', 'hdl-武汉-江汉路-01', 96347, 16487, 3627, 1787, 659, 396, 181, 112),
('2025-05-30', 'hdl-武汉-江汉路-01', 95337, 16243, 3573, 1769, 650, 390, 179, 111),
('2025-06-29', 'hdl-武汉-江汉路-01', 94090, 15943, 3507, 1748, 638, 383, 175, 124),
('2025-07-30', 'hdl-武汉-江汉路-01', 93080, 15703, 3455, 1730, 628, 377, 173, 100),
('2025-08-30', 'hdl-武汉-江汉路-01', 91951, 15435, 3396, 1711, 617, 370, 170, 99),
('2025-09-29', 'hdl-武汉-江汉路-01', 90704, 15142, 3331, 1689, 606, 363, 167, 102),
('2025-10-30', 'hdl-武汉-江汉路-01', 119993, 17835, 3924, 1699, 713, 428, 196, 99),
('2025-11-29', 'hdl-武汉-江汉路-01', 118746, 17540, 3859, 1683, 702, 421, 193, 107),
('2025-12-30', 'hdl-武汉-江汉路-01', 117736, 17303, 3807, 1670, 692, 415, 190, 110),
('2026-01-30', 'hdl-武汉-江汉路-01', 133032, 19747, 4344, 1884, 790, 474, 217, 105),
('2026-02-27', 'hdl-武汉-江汉路-01', 131634, 19417, 4272, 1866, 777, 466, 214, 106),
('2026-03-30', 'hdl-武汉-江汉路-01', 130524, 19157, 4215, 1851, 766, 460, 211, 122),
('2026-04-29', 'hdl-武汉-江汉路-01', 129138, 18834, 4143, 1833, 753, 452, 207, 118),
('2026-05-30', 'hdl-武汉-江汉路-01', 128016, 18575, 4087, 1818, 743, 446, 204, 99),
('2026-06-29', 'hdl-武汉-江汉路-01', 126630, 18257, 4017, 1800, 730, 438, 201, 106),
('2024-01-30', 'hdl-武汉-江汉路-02', 87137, 13082, 2878, 1211, 523, 314, 144, 115),
('2024-02-28', 'hdl-武汉-江汉路-02', 86163, 13016, 2864, 1196, 521, 312, 143, 108),
('2024-03-30', 'hdl-武汉-江汉路-02', 85382, 12961, 2851, 1184, 518, 311, 143, 103),
('2024-04-29', 'hdl-武汉-江汉路-02', 84412, 12892, 2836, 1168, 516, 309, 142, 97),
('2024-05-30', 'hdl-武汉-江汉路-02', 83626, 12835, 2824, 1156, 513, 308, 141, 125),
('2024-06-29', 'hdl-武汉-江汉路-02', 82656, 12762, 2808, 1523, 510, 306, 140, 116),
('2024-07-30', 'hdl-武汉-江汉路-02', 81871, 12702, 2794, 1509, 508, 305, 140, 101),
('2024-08-30', 'hdl-武汉-江汉路-02', 80993, 12634, 2779, 1493, 505, 303, 139, 113),
('2024-09-29', 'hdl-武汉-江汉路-02', 80023, 12556, 2762, 1475, 502, 301, 138, 122),
('2024-10-30', 'hdl-武汉-江汉路-02', 102803, 18012, 3963, 1869, 720, 432, 198, 119),
('2024-11-29', 'hdl-武汉-江汉路-02', 101833, 17936, 3946, 1849, 717, 430, 197, 129),
('2024-12-30', 'hdl-武汉-江汉路-02', 101048, 17874, 3932, 1832, 715, 429, 197, 129),
('2025-01-30', 'hdl-武汉-江汉路-02', 123487, 17855, 3928, 1755, 714, 429, 196, 96),
('2025-02-27', 'hdl-武汉-江汉路-02', 124745, 17921, 3943, 1774, 717, 430, 197, 99),
('2025-03-30', 'hdl-武汉-江汉路-02', 125744, 17971, 3954, 1789, 719, 431, 198, 108),
('2025-04-29', 'hdl-武汉-江汉路-02', 126992, 18032, 3967, 1807, 721, 433, 198, 97),
('2025-05-30', 'hdl-武汉-江汉路-02', 128002, 18080, 3978, 1822, 723, 434, 199, 120),
('2025-06-29', 'hdl-武汉-江汉路-02', 129249, 18137, 3990, 1840, 725, 435, 200, 130),
('2025-07-30', 'hdl-武汉-江汉路-02', 130259, 23391, 5146, 2387, 936, 561, 257, 128),
('2025-08-30', 'hdl-武汉-江汉路-02', 131387, 23484, 5166, 2411, 939, 564, 258, 98),
('2025-09-29', 'hdl-武汉-江汉路-02', 132635, 23585, 5189, 2438, 943, 566, 259, 108),
('2025-10-30', 'hdl-武汉-江汉路-02', 103345, 16485, 3627, 1930, 659, 396, 181, 111),
('2025-11-29', 'hdl-武汉-江汉路-02', 104593, 16587, 3649, 1954, 663, 398, 182, 124),
('2025-12-30', 'hdl-武汉-江汉路-02', 105602, 16668, 3667, 1972, 667, 400, 183, 117),
('2026-01-30', 'hdl-武汉-江汉路-02', 115122, 18341, 4035, 2150, 734, 440, 202, 126),
('2026-02-27', 'hdl-武汉-江汉路-02', 116520, 18455, 4060, 2176, 738, 443, 203, 112),
('2026-03-30', 'hdl-武汉-江汉路-02', 117630, 18544, 4080, 2197, 742, 445, 204, 122),
('2026-04-29', 'hdl-武汉-江汉路-02', 119016, 18652, 4103, 2223, 746, 448, 205, 113),
('2026-05-30', 'hdl-武汉-江汉路-02', 120138, 18738, 4122, 2244, 750, 450, 206, 110),
('2026-06-29', 'hdl-武汉-江汉路-02', 121524, 18842, 4145, 1704, 754, 452, 207, 125),
('2024-01-30', 'hdl-武汉-光谷-01', 197644, 35564, 7824, 3564, 1423, 854, 391, 123),
('2024-02-28', 'hdl-武汉-光谷-01', 199592, 28116, 6186, 2798, 1125, 675, 309, 130),
('2024-03-30', 'hdl-武汉-光谷-01', 201155, 28486, 6267, 2819, 1139, 684, 313, 125),
('2024-04-29', 'hdl-武汉-光谷-01', 203095, 28948, 6369, 2845, 1158, 695, 318, 110),
('2024-05-30', 'hdl-武汉-光谷-01', 204666, 29325, 6452, 2865, 1173, 704, 323, 113),
('2024-06-29', 'hdl-武汉-光谷-01', 206606, 29794, 6555, 2890, 1192, 715, 328, 122),
('2024-07-30', 'hdl-武汉-光谷-01', 208177, 30177, 6639, 2911, 1207, 724, 332, 102),
('2024-08-30', 'hdl-武汉-光谷-01', 209933, 30607, 6734, 2933, 1224, 735, 337, 125),
('2024-09-29', 'hdl-武汉-光谷-01', 127873, 18761, 4127, 1785, 750, 450, 206, 100),
('2024-10-30', 'hdl-武汉-光谷-01', 166312, 27445, 6038, 3058, 1098, 659, 302, 97),
('2024-11-29', 'hdl-武汉-光谷-01', 168252, 27920, 6142, 3091, 1117, 670, 307, 109),
('2024-12-30', 'hdl-武汉-光谷-01', 169823, 28308, 6228, 3118, 1132, 679, 311, 108),
('2025-01-30', 'hdl-武汉-光谷-01', 214358, 33179, 7299, 3007, 1327, 796, 365, 107),
('2025-02-27', 'hdl-武汉-光谷-01', 216875, 33367, 7341, 3047, 1335, 801, 367, 104),
('2025-03-30', 'hdl-武汉-光谷-01', 218873, 33512, 7373, 3079, 1340, 804, 369, 95),
('2025-04-29', 'hdl-武汉-光谷-01', 221368, 33690, 7412, 3119, 1348, 809, 371, 120),
('2025-05-30', 'hdl-武汉-光谷-01', 223387, 33830, 7443, 3151, 1353, 812, 372, 97),
('2025-06-29', 'hdl-武汉-光谷-01', 225882, 33999, 7480, 3190, 1360, 816, 374, 108),
('2025-07-30', 'hdl-武汉-光谷-01', 227902, 34132, 7509, 3222, 1365, 819, 375, 109),
('2025-08-30', 'hdl-武汉-光谷-01', 230159, 34278, 7541, 3257, 1371, 823, 377, 105),
('2025-09-29', 'hdl-武汉-光谷-01', 232654, 34435, 7576, 3296, 1377, 826, 379, 95),
('2025-10-30', 'hdl-武汉-光谷-01', 174074, 29541, 6499, 3233, 1182, 709, 325, 98),
('2025-11-29', 'hdl-武汉-光谷-01', 176569, 29801, 6556, 3282, 1192, 715, 328, 102),
('2025-12-30', 'hdl-武汉-光谷-01', 178589, 30009, 6602, 3322, 1200, 720, 330, 121),
('2026-01-30', 'hdl-武汉-光谷-01', 285996, 48479, 10665, 5313, 1939, 1163, 533, 104),
('2026-02-27', 'hdl-武汉-光谷-01', 283200, 47741, 10503, 5265, 1910, 1146, 525, 126),
('2026-03-30', 'hdl-武汉-光谷-01', 280980, 47159, 10375, 5227, 1886, 1132, 519, 116),
('2026-04-29', 'hdl-武汉-光谷-01', 278208, 46436, 10216, 5179, 1857, 1114, 511, 125),
('2026-05-30', 'hdl-武汉-光谷-01', 275964, 45855, 10088, 5140, 1834, 1101, 504, 97),
('2026-06-29', 'hdl-武汉-光谷-01', 273192, 45142, 9931, 5091, 1806, 1083, 497, 103),
('2024-01-30', 'hdl-重庆-解放碑-01', 71690, 11509, 2532, 1348, 460, 276, 127, 117),
('2024-02-28', 'hdl-重庆-解放碑-01', 72664, 11732, 2581, 1382, 469, 282, 129, 120),
('2024-03-30', 'hdl-重庆-解放碑-01', 73445, 11913, 2621, 1410, 477, 286, 131, 110),
('2024-04-29', 'hdl-重庆-解放碑-01', 74416, 12139, 2671, 1445, 486, 291, 134, 96),
('2024-05-30', 'hdl-重庆-解放碑-01', 75201, 12324, 2711, 1474, 493, 296, 136, 122),
('2024-06-29', 'hdl-重庆-解放碑-01', 76171, 12553, 2762, 1134, 502, 301, 138, 119),
('2024-07-30', 'hdl-重庆-解放碑-01', 76957, 12740, 2803, 1158, 510, 306, 140, 99),
('2024-08-30', 'hdl-重庆-解放碑-01', 77834, 12950, 2849, 1185, 518, 311, 142, 100),
('2024-09-29', 'hdl-重庆-解放碑-01', 78805, 13185, 2901, 1216, 527, 316, 145, 106),
('2024-10-30', 'hdl-重庆-解放碑-01', 98024, 14273, 3140, 1512, 571, 343, 157, 109),
('2024-11-29', 'hdl-重庆-解放碑-01', 98994, 14506, 3191, 1547, 580, 348, 160, 126),
('2024-12-30', 'hdl-重庆-解放碑-01', 99779, 14696, 3233, 1575, 588, 353, 162, 97),
('2025-01-30', 'hdl-重庆-解放碑-01', 126295, 22000, 4840, 2334, 880, 528, 242, 128),
('2025-02-27', 'hdl-重庆-解放碑-01', 127553, 22100, 4862, 2360, 884, 530, 243, 102),
('2025-03-30', 'hdl-重庆-解放碑-01', 128552, 22178, 4879, 2380, 887, 532, 244, 120),
('2025-04-29', 'hdl-重庆-解放碑-01', 129800, 22273, 4900, 2406, 891, 535, 245, 115),
('2025-05-30', 'hdl-重庆-解放碑-01', 130810, 22349, 4917, 2427, 894, 536, 246, 108),
('2025-06-29', 'hdl-重庆-解放碑-01', 132057, 22440, 4937, 2452, 898, 539, 247, 127),
('2025-07-30', 'hdl-重庆-解放碑-01', 133067, 22512, 4953, 2473, 900, 540, 248, 96),
('2025-08-30', 'hdl-重庆-解放碑-01', 134195, 22590, 4970, 2495, 904, 542, 248, 130),
('2025-09-29', 'hdl-重庆-解放碑-01', 81443, 13635, 3000, 1516, 545, 327, 150, 105),
('2025-10-30', 'hdl-重庆-解放碑-01', 106153, 15829, 3482, 1502, 633, 380, 174, 102),
('2025-11-29', 'hdl-重庆-解放碑-01', 107401, 15916, 3502, 1521, 637, 382, 175, 103),
('2025-12-30', 'hdl-重庆-解放碑-01', 108410, 15984, 3516, 1537, 639, 384, 176, 114),
('2026-01-30', 'hdl-重庆-解放碑-01', 118242, 17608, 3874, 1673, 704, 423, 194, 101),
('2026-02-27', 'hdl-重庆-解放碑-01', 119640, 17705, 3895, 1695, 708, 425, 195, 109),
('2026-03-30', 'hdl-重庆-解放碑-01', 120750, 17780, 3912, 1712, 711, 427, 196, 125),
('2026-04-29', 'hdl-重庆-解放碑-01', 122136, 17871, 3932, 1733, 715, 429, 197, 115),
('2026-05-30', 'hdl-重庆-解放碑-01', 123258, 17943, 3947, 1750, 718, 431, 197, 103),
('2026-06-29', 'hdl-重庆-解放碑-01', 124644, 18030, 3967, 1771, 721, 433, 198, 103),
('2024-01-30', 'hdl-重庆-解放碑-02', 79246, 13499, 2970, 1471, 540, 324, 148, 111),
('2024-02-28', 'hdl-重庆-解放碑-02', 78271, 13260, 2917, 1454, 530, 318, 146, 112),
('2024-03-30', 'hdl-重庆-解放碑-02', 77490, 13070, 2875, 1440, 523, 314, 144, 99),
('2024-04-29', 'hdl-重庆-解放碑-02', 76520, 12836, 2824, 1424, 513, 308, 141, 101),
('2024-05-30', 'hdl-重庆-解放碑-02', 75734, 12648, 2783, 1410, 506, 304, 139, 122),
('2024-06-29', 'hdl-重庆-解放碑-02', 74764, 12417, 2732, 1393, 497, 298, 137, 112),
('2024-07-30', 'hdl-重庆-解放碑-02', 73979, 12231, 2691, 1379, 489, 294, 135, 105),
('2024-08-30', 'hdl-重庆-解放碑-02', 73101, 12025, 2646, 1363, 481, 289, 132, 110),
('2024-09-29', 'hdl-重庆-解放碑-02', 72131, 11798, 2596, 1345, 472, 283, 130, 126),
('2024-10-30', 'hdl-重庆-解放碑-02', 94912, 13787, 3033, 1348, 551, 331, 152, 123),
('2024-11-29', 'hdl-重庆-解放碑-02', 93941, 13559, 2983, 1335, 542, 325, 149, 118),
('2024-12-30', 'hdl-重庆-解放碑-02', 93156, 13376, 2943, 1325, 535, 321, 147, 126),
('2025-01-30', 'hdl-重庆-解放碑-02', 121765, 17664, 3886, 1730, 707, 424, 194, 116),
('2025-02-27', 'hdl-重庆-解放碑-02', 120506, 17369, 3821, 1713, 695, 417, 191, 95),
('2025-03-30', 'hdl-重庆-解放碑-02', 119507, 17137, 3770, 1699, 685, 411, 189, 111),
('2025-04-29', 'hdl-重庆-解放碑-02', 118260, 16849, 3707, 1683, 674, 404, 185, 129),
('2025-05-30', 'hdl-重庆-解放碑-02', 117250, 16617, 3656, 1669, 665, 399, 183, 123),
('2025-06-29', 'hdl-重庆-解放碑-02', 116003, 16333, 3593, 1652, 653, 392, 180, 117),
('2025-07-30', 'hdl-重庆-解放碑-02', 114993, 16105, 3543, 1638, 644, 387, 177, 125),
('2025-08-30', 'hdl-重庆-解放碑-02', 113864, 20406, 4489, 2088, 816, 490, 224, 101),
('2025-09-29', 'hdl-重庆-解放碑-02', 112617, 20079, 4417, 2068, 803, 482, 221, 104),
('2025-10-30', 'hdl-重庆-解放碑-02', 87907, 14064, 3094, 1642, 563, 338, 155, 107),
('2025-11-29', 'hdl-重庆-解放碑-02', 86659, 13784, 3032, 1619, 551, 331, 152, 128),
('2025-12-30', 'hdl-重庆-解放碑-02', 85649, 13560, 2983, 1600, 542, 325, 149, 95),
('2026-01-30', 'hdl-重庆-解放碑-02', 126396, 20197, 4443, 2361, 808, 485, 222, 130),
('2026-02-27', 'hdl-重庆-解放碑-02', 127794, 20301, 4466, 2387, 812, 487, 223, 100),
('2026-03-30', 'hdl-重庆-解放碑-02', 128904, 20382, 4484, 2408, 815, 489, 224, 118),
('2026-04-29', 'hdl-重庆-解放碑-02', 130290, 20481, 4506, 2434, 819, 492, 225, 117),
('2026-05-30', 'hdl-重庆-解放碑-02', 131412, 20559, 4523, 2454, 822, 493, 226, 106),
('2026-06-29', 'hdl-重庆-解放碑-02', 132798, 20653, 4544, 1860, 826, 496, 227, 129),
('2024-01-30', 'hdl-重庆-观音桥-01', 151108, 22993, 5058, 2129, 920, 552, 253, 119),
('2024-02-28', 'hdl-重庆-观音桥-01', 149159, 22558, 4963, 2104, 902, 541, 248, 122),
('2024-03-30', 'hdl-重庆-观音桥-01', 147596, 22212, 4887, 2085, 888, 533, 244, 108),
('2024-04-29', 'hdl-重庆-观音桥-01', 145656, 21785, 4793, 2060, 871, 523, 240, 98),
('2024-05-30', 'hdl-重庆-观音桥-01', 144085, 21443, 4717, 2039, 858, 515, 236, 120),
('2024-06-29', 'hdl-重庆-观音桥-01', 142145, 21023, 4625, 2014, 841, 505, 231, 121),
('2024-07-30', 'hdl-重庆-观音桥-01', 140574, 20685, 4551, 1993, 827, 496, 228, 128),
('2024-08-30', 'hdl-重庆-观音桥-01', 138818, 20311, 4468, 1970, 812, 487, 223, 98),
('2024-09-29', 'hdl-重庆-观音桥-01', 136878, 19900, 4378, 1944, 796, 478, 219, 108),
('2024-10-30', 'hdl-重庆-观音桥-01', 182440, 30483, 6706, 3396, 1219, 732, 335, 111),
('2024-11-29', 'hdl-重庆-观音桥-01', 180499, 29992, 6598, 3362, 1200, 720, 330, 124),
('2024-12-30', 'hdl-重庆-观音桥-01', 178928, 29597, 6511, 3334, 1184, 710, 326, 99),
('2025-01-30', 'hdl-重庆-观音桥-01', 234036, 33302, 7326, 3279, 1332, 799, 366, 126),
('2025-02-27', 'hdl-重庆-观音桥-01', 231520, 33160, 7295, 3241, 1326, 796, 365, 104),
('2025-03-30', 'hdl-重庆-观音桥-01', 229522, 33044, 7270, 3212, 1322, 793, 363, 122),
('2025-04-29', 'hdl-重庆-观音桥-01', 227027, 32894, 7237, 3174, 1316, 789, 362, 113),
('2025-05-30', 'hdl-重庆-观音桥-01', 225007, 32770, 7209, 3144, 1311, 786, 360, 110),
('2025-06-29', 'hdl-重庆-观音桥-01', 222512, 32612, 7175, 3106, 1304, 783, 359, 125),
('2025-07-30', 'hdl-重庆-观音桥-01', 220493, 32481, 7146, 3075, 1299, 780, 357, 98),
('2025-08-30', 'hdl-重庆-观音桥-01', 218236, 32331, 7113, 3041, 1293, 776, 356, 97),
('2025-09-29', 'hdl-重庆-观音桥-01', 215741, 32161, 7075, 3003, 1286, 772, 354, 103),
('2025-10-30', 'hdl-重庆-观音桥-01', 166320, 27838, 6124, 3052, 1114, 668, 306, 100),
('2025-11-29', 'hdl-重庆-观音桥-01', 163825, 27572, 6066, 3004, 1103, 662, 303, 105),
('2025-12-30', 'hdl-重庆-观音桥-01', 269806, 45610, 10034, 4943, 1824, 1095, 502, 112),
('2026-01-30', 'hdl-重庆-观音桥-01', 263340, 44128, 9708, 4832, 1765, 1059, 485, 103),
('2026-02-27', 'hdl-重庆-观音桥-01', 266136, 44845, 9866, 4879, 1794, 1076, 493, 107),
('2026-03-30', 'hdl-重庆-观音桥-01', 268356, 45418, 9992, 4916, 1817, 1090, 500, 124),
('2026-04-29', 'hdl-重庆-观音桥-01', 271128, 46137, 10150, 4962, 1845, 1107, 508, 117),
('2026-05-30', 'hdl-重庆-观音桥-01', 273372, 46724, 10279, 4999, 1869, 1121, 514, 101),
('2026-06-29', 'hdl-重庆-观音桥-01', 276144, 47453, 10440, 5044, 1898, 1139, 522, 105),
('2024-01-30', 'hdl-西安-钟楼-01', 67137, 9646, 2122, 1071, 386, 232, 106, 111),
('2024-02-28', 'hdl-西安-钟楼-01', 68111, 9723, 2139, 1073, 389, 233, 107, 111),
('2024-03-30', 'hdl-西安-钟楼-01', 68893, 9783, 2152, 1074, 391, 235, 108, 99),
('2024-04-29', 'hdl-西安-钟楼-01', 69863, 9856, 2168, 1075, 394, 237, 108, 124),
('2024-05-30', 'hdl-西安-钟楼-01', 70648, 9914, 2181, 1076, 397, 238, 109, 128),
('2024-06-29', 'hdl-西安-钟楼-01', 71618, 12849, 2827, 1386, 514, 308, 141, 113),
('2024-07-30', 'hdl-西安-钟楼-01', 72404, 12936, 2846, 1388, 517, 310, 142, 105),
('2024-08-30', 'hdl-西安-钟楼-01', 73282, 13031, 2867, 1390, 521, 313, 143, 110),
('2024-09-29', 'hdl-西安-钟楼-01', 74252, 13135, 2890, 1392, 525, 315, 144, 100),
('2024-10-30', 'hdl-西安-钟楼-01', 93471, 14824, 3261, 1367, 593, 356, 163, 103),
('2024-11-29', 'hdl-西安-钟楼-01', 94441, 14891, 3276, 1363, 596, 357, 164, 98),
('2024-12-30', 'hdl-西安-钟楼-01', 95227, 14943, 3287, 1359, 598, 359, 164, 126),
('2025-01-30', 'hdl-西安-钟楼-01', 95558, 14409, 3170, 1327, 576, 346, 158, 99),
('2025-02-27', 'hdl-西安-钟楼-01', 94300, 14307, 3148, 1307, 572, 343, 157, 96),
('2025-03-30', 'hdl-西安-钟楼-01', 93301, 14224, 3129, 1292, 569, 341, 156, 111),
('2025-04-29', 'hdl-西安-钟楼-01', 92054, 14119, 3106, 1273, 565, 339, 155, 121),
('2025-05-30', 'hdl-西安-钟楼-01', 91044, 14032, 3087, 1678, 561, 337, 154, 102),
('2025-06-29', 'hdl-西安-钟楼-01', 89797, 13923, 3063, 1655, 557, 334, 153, 98),
('2025-07-30', 'hdl-西安-钟楼-01', 88787, 13833, 3043, 1637, 553, 332, 152, 125),
('2025-08-30', 'hdl-西安-钟楼-01', 87658, 13730, 3021, 1616, 549, 330, 151, 101),
('2025-09-29', 'hdl-西安-钟楼-01', 86411, 13615, 2995, 1593, 545, 327, 150, 104),
('2025-10-30', 'hdl-西安-钟楼-01', 115700, 20347, 4476, 2101, 814, 488, 224, 108),
('2025-11-29', 'hdl-西安-钟楼-01', 114453, 20234, 4451, 2076, 809, 486, 223, 97),
('2025-12-30', 'hdl-西安-钟楼-01', 113443, 20140, 4431, 2055, 806, 483, 222, 120),
('2026-01-30', 'hdl-西安-钟楼-01', 128262, 22582, 4968, 2329, 903, 542, 248, 95),
('2026-02-27', 'hdl-西安-钟楼-01', 126864, 22454, 4940, 2300, 898, 539, 247, 115),
('2026-03-30', 'hdl-西安-钟楼-01', 125754, 22351, 4917, 2277, 894, 536, 246, 118),
('2026-04-29', 'hdl-西安-钟楼-01', 124368, 22219, 4888, 2248, 889, 533, 244, 117),
('2026-05-30', 'hdl-西安-钟楼-01', 123246, 22111, 4864, 2225, 884, 531, 243, 109),
('2026-06-29', 'hdl-西安-钟楼-01', 121860, 17100, 3762, 1709, 684, 410, 188, 97),
('2024-01-30', 'hdl-西安-钟楼-02', 72845, 11264, 2478, 1343, 451, 270, 124, 120),
('2024-02-28', 'hdl-西安-钟楼-02', 73819, 11483, 2526, 1361, 459, 276, 126, 118),
('2024-03-30', 'hdl-西安-钟楼-02', 74600, 11660, 2565, 1375, 466, 280, 128, 128),
('2024-04-29', 'hdl-西安-钟楼-02', 75571, 11882, 2614, 1393, 475, 285, 131, 107),
('2024-05-30', 'hdl-西安-钟楼-02', 76356, 12062, 2654, 1407, 482, 289, 133, 116),
('2024-06-29', 'hdl-西安-钟楼-02', 77326, 12287, 2703, 1425, 491, 295, 135, 119),
('2024-07-30', 'hdl-西安-钟楼-02', 78112, 12470, 2743, 1439, 499, 299, 137, 111),
('2024-08-30', 'hdl-西安-钟楼-02', 78989, 12676, 2789, 1455, 507, 304, 139, 103),
('2024-09-29', 'hdl-西安-钟楼-02', 79960, 12906, 2839, 1473, 516, 310, 142, 97),
('2024-10-30', 'hdl-西安-钟楼-02', 99179, 17824, 3921, 1789, 713, 428, 196, 129),
('2024-11-29', 'hdl-西安-钟楼-02', 100149, 14085, 3099, 1404, 563, 338, 155, 112),
('2024-12-30', 'hdl-西安-钟楼-02', 100934, 14270, 3139, 1415, 571, 342, 157, 106),
('2025-01-30', 'hdl-西安-钟楼-02', 127780, 22989, 5058, 2304, 920, 552, 253, 110),
('2025-02-27', 'hdl-西安-钟楼-02', 129038, 18174, 3998, 1809, 727, 436, 200, 101),
('2025-03-30', 'hdl-西安-钟楼-02', 130037, 18411, 4050, 1822, 736, 442, 203, 118),
('2025-04-29', 'hdl-西安-钟楼-02', 131285, 18709, 4116, 1839, 748, 449, 206, 123),
('2025-05-30', 'hdl-西安-钟楼-02', 132295, 18952, 4169, 1852, 758, 455, 208, 129),
('2025-06-29', 'hdl-西安-钟楼-02', 133542, 19254, 4236, 1868, 770, 462, 212, 111),
('2025-07-30', 'hdl-西安-钟楼-02', 134552, 19500, 4290, 1881, 780, 468, 215, 106),
('2025-08-30', 'hdl-西安-钟楼-02', 81680, 11906, 2619, 1141, 476, 286, 131, 107),
('2025-09-29', 'hdl-西安-钟楼-02', 82928, 12164, 2676, 1157, 487, 292, 134, 98),
('2025-10-30', 'hdl-西安-钟楼-02', 107638, 17759, 3907, 1979, 710, 426, 195, 101),
('2025-11-29', 'hdl-西安-钟楼-02', 108886, 18065, 3974, 2000, 723, 434, 199, 99),
('2025-12-30', 'hdl-西安-钟楼-02', 109895, 18315, 4029, 2018, 733, 440, 201, 124),
('2026-01-30', 'hdl-西安-钟楼-02', 119892, 19804, 4357, 2204, 792, 475, 218, 101),
('2026-02-27', 'hdl-西安-钟楼-02', 121290, 20148, 4433, 2228, 806, 484, 222, 129),
('2026-03-30', 'hdl-西安-钟楼-02', 122400, 20423, 4493, 2247, 817, 490, 225, 113),
('2026-04-29', 'hdl-西安-钟楼-02', 123786, 20769, 4569, 2271, 831, 498, 228, 123),
('2026-05-30', 'hdl-西安-钟楼-02', 124908, 21050, 4631, 2290, 842, 505, 232, 100),
('2026-06-29', 'hdl-西安-钟楼-02', 126294, 21401, 4708, 2313, 856, 514, 235, 100),
('2024-01-30', 'hdl-西安-小寨-01', 131015, 21904, 4819, 2405, 876, 526, 241, 106),
('2024-02-28', 'hdl-西安-小寨-01', 132964, 22353, 4918, 2438, 894, 536, 246, 117),
('2024-03-30', 'hdl-西安-小寨-01', 134526, 22716, 4998, 2465, 909, 545, 250, 121),
('2024-04-29', 'hdl-西安-小寨-01', 136466, 23170, 5097, 2498, 927, 556, 255, 119),
('2024-05-30', 'hdl-西安-小寨-01', 138037, 23540, 5179, 2525, 942, 565, 259, 98),
('2024-06-29', 'hdl-西安-小寨-01', 139978, 24000, 5280, 2558, 960, 576, 264, 107),
('2024-07-30', 'hdl-西安-小寨-01', 141548, 24375, 5363, 2584, 975, 585, 268, 110),
('2024-08-30', 'hdl-西安-小寨-01', 143304, 24797, 5455, 2613, 992, 595, 273, 104),
('2024-09-29', 'hdl-西安-小寨-01', 145244, 25267, 5559, 2645, 1011, 606, 278, 129),
('2024-10-30', 'hdl-西安-小寨-01', 183683, 27969, 6153, 2544, 1119, 671, 308, 97),
('2024-11-29', 'hdl-西安-小寨-01', 185623, 28436, 6256, 2567, 1137, 682, 313, 103),
('2024-12-30', 'hdl-西安-小寨-01', 187194, 28817, 6340, 3450, 1153, 692, 317, 120),
('2025-01-30', 'hdl-西安-小寨-01', 236693, 36087, 7939, 3277, 1443, 866, 397, 105),
('2025-02-27', 'hdl-西安-小寨-01', 239209, 36694, 8073, 3307, 1468, 881, 404, 125),
('2025-03-30', 'hdl-西安-小寨-01', 241207, 37179, 8179, 4445, 1487, 892, 409, 117),
('2025-04-29', 'hdl-西安-小寨-01', 243702, 37788, 8313, 4492, 1512, 907, 416, 127),
('2025-05-30', 'hdl-西安-小寨-01', 245722, 38285, 8423, 4530, 1531, 919, 421, 97),
('2025-06-29', 'hdl-西安-小寨-01', 248216, 38903, 8559, 4576, 1556, 934, 428, 103),
('2025-07-30', 'hdl-西安-小寨-01', 250236, 39407, 8670, 4613, 1576, 946, 433, 120),
('2025-08-30', 'hdl-西安-小寨-01', 252493, 39974, 8794, 4654, 1599, 959, 440, 106),
('2025-09-29', 'hdl-西安-小寨-01', 254988, 40604, 8933, 4700, 1624, 974, 447, 99),
('2025-10-30', 'hdl-西安-小寨-01', 196409, 34871, 7672, 3557, 1395, 837, 384, 114),
('2025-11-29', 'hdl-西安-小寨-01', 198904, 35498, 7810, 3597, 1420, 852, 390, 127),
('2025-12-30', 'hdl-西安-小寨-01', 200923, 36009, 7922, 3628, 1440, 864, 396, 125),
('2026-01-30', 'hdl-西安-小寨-01', 261180, 37155, 8174, 3716, 1486, 892, 409, 125),
('2026-02-27', 'hdl-西安-小寨-01', 258384, 36517, 8034, 3678, 1461, 876, 402, 120),
('2026-03-30', 'hdl-西安-小寨-01', 256164, 36014, 7923, 3647, 1441, 864, 396, 113),
('2026-04-29', 'hdl-西安-小寨-01', 253392, 45525, 10016, 4642, 1821, 1093, 501, 122),
('2026-05-30', 'hdl-西安-小寨-01', 251148, 44934, 9885, 4607, 1797, 1078, 494, 114),
('2026-06-29', 'hdl-西安-小寨-01', 248376, 44209, 9726, 4563, 1768, 1061, 486, 126)
on conflict (date, poi_id) do update set exposure = excluded.exposure, visits = excluded.visits;
