-- 沙盘下钻全量种子数据
-- 统计周期: 2024-01-01 至 2026-06-30
-- 粒度: 品牌 → 城市 → 商圈(business_area) → 门店

insert into public.dim_brand (brand_id, brand_name, category, brand_level, headquarter_city, store_count, ka_owner, cooperation_status)
values ('haidilao', '海底捞', '火锅', '全国 KA', '北京', 30, 'KA 城市经理', '深度合作')
on conflict (brand_id) do update set store_count = excluded.store_count;

insert into public.dim_poi (poi_id, brand_id, poi_name, city, district, business_area, category, address, poi_status)
values
('hdl-上海-静安大悦城-01', 'haidilao', '海底捞上海静安大悦城店', '上海', '静安', '静安大悦城', '火锅', 'Demo：上海静安大悦城', 'active'),
('hdl-上海-静安大悦城-02', 'haidilao', '海底捞上海南京西路店', '上海', '静安', '静安大悦城', '火锅', 'Demo：上海静安大悦城', 'active'),
('hdl-上海-陆家嘴-01', 'haidilao', '海底捞上海陆家嘴店', '上海', '浦东', '陆家嘴', '火锅', 'Demo：上海陆家嘴', 'active'),
('hdl-北京-朝阳合生汇-01', 'haidilao', '海底捞北京朝阳合生汇店', '北京', '朝阳', '朝阳合生汇', '火锅', 'Demo：北京朝阳合生汇', 'active'),
('hdl-北京-朝阳合生汇-02', 'haidilao', '海底捞北京三里屯店', '北京', '朝阳', '朝阳合生汇', '火锅', 'Demo：北京朝阳合生汇', 'active'),
('hdl-北京-西单大悦城-01', 'haidilao', '海底捞北京西单店', '北京', '西城', '西单大悦城', '火锅', 'Demo：北京西单大悦城', 'active'),
('hdl-深圳-万象天地-01', 'haidilao', '海底捞深圳南山万象天地店', '深圳', '南山', '万象天地', '火锅', 'Demo：深圳万象天地', 'active'),
('hdl-深圳-万象天地-02', 'haidilao', '海底捞深圳海岸城店', '深圳', '南山', '万象天地', '火锅', 'Demo：深圳万象天地', 'active'),
('hdl-深圳-福田coco-01', 'haidilao', '海底捞深圳福田店', '深圳', '福田', '福田COCO', '火锅', 'Demo：深圳福田COCO', 'active'),
('hdl-成都-春熙路-01', 'haidilao', '海底捞成都春熙路店', '成都', '锦江', '春熙路', '火锅', 'Demo：成都春熙路', 'active'),
('hdl-成都-春熙路-02', 'haidilao', '海底捞成都IFS店', '成都', '锦江', '春熙路', '火锅', 'Demo：成都春熙路', 'active'),
('hdl-成都-太古里-01', 'haidilao', '海底捞成都太古里店', '成都', '武侯', '太古里', '火锅', 'Demo：成都太古里', 'active'),
('hdl-杭州-滨江龙湖-01', 'haidilao', '海底捞杭州滨江龙湖店', '杭州', '滨江', '滨江龙湖', '火锅', 'Demo：杭州滨江龙湖', 'active'),
('hdl-杭州-滨江龙湖-02', 'haidilao', '海底捞杭州万象城店', '杭州', '滨江', '滨江龙湖', '火锅', 'Demo：杭州滨江龙湖', 'active'),
('hdl-杭州-湖滨银泰-01', 'haidilao', '海底捞杭州湖滨店', '杭州', '上城', '湖滨银泰', '火锅', 'Demo：杭州湖滨银泰', 'active'),
('hdl-广州-天河城-01', 'haidilao', '海底捞广州天河城店', '广州', '天河', '天河城', '火锅', 'Demo：广州天河城', 'active'),
('hdl-广州-天河城-02', 'haidilao', '海底捞广州正佳店', '广州', '天河', '天河城', '火锅', 'Demo：广州天河城', 'active'),
('hdl-广州-北京路-01', 'haidilao', '海底捞广州北京路店', '广州', '越秀', '北京路', '火锅', 'Demo：广州北京路', 'active'),
('hdl-南京-新街口-01', 'haidilao', '海底捞南京新街口店', '南京', '秦淮', '新街口', '火锅', 'Demo：南京新街口', 'active'),
('hdl-南京-新街口-02', 'haidilao', '海底捞南京德基店', '南京', '秦淮', '新街口', '火锅', 'Demo：南京新街口', 'active'),
('hdl-南京-河西万达-01', 'haidilao', '海底捞南京河西店', '南京', '建邺', '河西万达', '火锅', 'Demo：南京河西万达', 'active'),
('hdl-武汉-江汉路-01', 'haidilao', '海底捞武汉江汉路店', '武汉', '江汉', '江汉路', '火锅', 'Demo：武汉江汉路', 'active'),
('hdl-武汉-江汉路-02', 'haidilao', '海底捞武汉国际广场店', '武汉', '江汉', '江汉路', '火锅', 'Demo：武汉江汉路', 'active'),
('hdl-武汉-光谷-01', 'haidilao', '海底捞武汉光谷店', '武汉', '东湖高新', '光谷', '火锅', 'Demo：武汉光谷', 'active'),
('hdl-重庆-解放碑-01', 'haidilao', '海底捞重庆解放碑店', '重庆', '渝中', '解放碑', '火锅', 'Demo：重庆解放碑', 'active'),
('hdl-重庆-解放碑-02', 'haidilao', '海底捞重庆来福士店', '重庆', '渝中', '解放碑', '火锅', 'Demo：重庆解放碑', 'active'),
('hdl-重庆-观音桥-01', 'haidilao', '海底捞重庆观音桥店', '重庆', '江北', '观音桥', '火锅', 'Demo：重庆观音桥', 'active'),
('hdl-西安-钟楼-01', 'haidilao', '海底捞西安钟楼店', '西安', '碑林', '钟楼', '火锅', 'Demo：西安钟楼', 'active'),
('hdl-西安-钟楼-02', 'haidilao', '海底捞西安大悦城店', '西安', '碑林', '钟楼', '火锅', 'Demo：西安钟楼', 'active'),
('hdl-西安-小寨-01', 'haidilao', '海底捞西安小寨店', '西安', '雁塔', '小寨', '火锅', 'Demo：西安小寨', 'active')
on conflict (poi_id) do update set
  poi_name = excluded.poi_name, city = excluded.city, district = excluded.district, business_area = excluded.business_area;

delete from public.fact_city_brand_monthly where brand_id = 'haidilao' and month >= '2024-01-01' and month <= '2026-06-30';
insert into public.fact_city_brand_monthly (month, brand_id, city, store_count, search_impressions, recommend_impressions, poi_visits, paid_orders, verified_orders, gmv, coupon_reduce_amount, ad_spend, roi, avg_order_value)
values
('2024-01-31', 'haidilao', '上海', 3, 5067194, 3186910, 1216394, 27812, 23686, 8688530, 156394, 224699, 38.67, 312.4),
('2024-02-29', 'haidilao', '上海', 3, 4992089, 3368468, 1232082, 28087, 23959, 8800586, 158411, 158826, 55.41, 313.33),
('2024-03-31', 'haidilao', '上海', 3, 5200142, 3245761, 1244659, 28307, 24178, 8890424, 160028, 161770, 54.96, 314.07),
('2024-04-30', 'haidilao', '上海', 3, 5097167, 3445094, 1258860, 28554, 24425, 8991854, 161853, 165126, 54.45, 314.91),
('2024-05-31', 'haidilao', '上海', 3, 5333781, 3303921, 1272925, 28796, 24668, 9092318, 163662, 168484, 53.97, 315.75),
('2024-06-30', 'haidilao', '上海', 3, 5227336, 3506725, 1287125, 29040, 24914, 9193748, 165487, 171908, 53.48, 316.59),
('2024-07-31', 'haidilao', '上海', 3, 5468110, 3361391, 1301190, 29281, 25157, 9294212, 167296, 175333, 53.01, 317.41),
('2024-08-31', 'haidilao', '上海', 3, 5357026, 3568375, 1315322, 29521, 25401, 9395159, 169113, 178809, 52.54, 318.25),
('2024-09-30', 'haidilao', '上海', 3, 5243447, 3778313, 1329522, 29761, 25645, 9496589, 170939, 182335, 52.08, 319.1),
('2024-10-31', 'haidilao', '上海', 3, 3931444, 2611149, 964172, 20407, 16923, 6886940, 123965, 157557, 43.71, 337.48),
('2024-11-30', 'haidilao', '上海', 3, 3863206, 2775746, 978372, 20656, 17155, 6988370, 125791, 161051, 43.39, 338.32),
('2024-12-31', 'haidilao', '上海', 3, 4058818, 2675574, 992437, 20902, 17386, 7088834, 127599, 164546, 43.08, 339.15),
('2025-01-31', 'haidilao', '上海', 3, 7282892, 4973742, 1806241, 40027, 33205, 12901720, 232231, 272010, 47.43, 322.33),
('2025-02-28', 'haidilao', '上海', 3, 7414427, 4722465, 1788595, 39751, 33031, 12775676, 229962, 266971, 47.85, 321.39),
('2025-03-31', 'haidilao', '上海', 3, 7133574, 4908245, 1774584, 39531, 32892, 12675599, 228161, 263003, 48.2, 320.65),
('2025-04-30', 'haidilao', '上海', 3, 7296385, 4637512, 1758680, 39279, 32732, 12561997, 226116, 258536, 48.59, 319.81),
('2025-05-31', 'haidilao', '上海', 3, 6985029, 4841975, 1742927, 39029, 32573, 12449478, 224091, 254149, 48.98, 318.98),
('2025-06-30', 'haidilao', '上海', 3, 7143952, 4575130, 1727023, 38775, 32409, 12335876, 222046, 249757, 49.39, 318.14),
('2025-07-31', 'haidilao', '上海', 3, 6837256, 4774932, 1711270, 38522, 32246, 12223356, 220020, 245445, 49.8, 317.31),
('2025-08-31', 'haidilao', '上海', 3, 6993756, 4511025, 1695441, 38267, 32081, 12110296, 217985, 241150, 50.22, 316.47),
('2025-09-30', 'haidilao', '上海', 3, 6688817, 4708042, 1679537, 38008, 31911, 11996694, 215940, 236872, 50.65, 315.64),
('2025-10-31', 'haidilao', '上海', 3, 5485691, 3548715, 1331386, 28199, 24454, 9509901, 171178, 228877, 41.55, 337.24),
('2025-11-30', 'haidilao', '上海', 3, 5232705, 3693779, 1315482, 27932, 24257, 9396299, 169133, 224564, 41.84, 336.4),
('2025-12-31', 'haidilao', '上海', 3, 5339380, 3480211, 1299729, 27666, 24061, 9283780, 167108, 220330, 42.14, 335.57),
('2026-01-31', 'haidilao', '上海', 3, 5910743, 3902877, 1446218, 30649, 25516, 10330126, 185942, 248212, 41.62, 337.05),
('2026-02-28', 'haidilao', '上海', 3, 5993893, 3689294, 1426996, 30325, 25204, 10192828, 183471, 243013, 41.94, 336.12),
('2026-03-31', 'haidilao', '上海', 3, 5752564, 3827060, 1411734, 30067, 24956, 10083815, 181509, 238922, 42.21, 335.38),
('2026-04-30', 'haidilao', '上海', 3, 5861751, 3600316, 1394410, 29773, 24675, 9960070, 179281, 234317, 42.51, 334.53),
('2026-05-31', 'haidilao', '上海', 3, 5595228, 3750401, 1377251, 29480, 24395, 9837504, 177075, 229796, 42.81, 333.7),
('2026-06-30', 'haidilao', '上海', 3, 5700180, 3527892, 1359926, 29182, 24112, 9713760, 174848, 225274, 43.12, 332.87),
('2024-01-31', 'haidilao', '北京', 3, 4528606, 2848176, 1087105, 23889, 19664, 7765034, 139771, 176875, 43.9, 325.05),
('2024-02-29', 'haidilao', '北京', 3, 4468240, 3014996, 1102793, 24165, 19858, 7877090, 141788, 177966, 44.26, 325.97),
('2024-03-31', 'haidilao', '北京', 3, 4659976, 2908606, 1115370, 24385, 20012, 7966928, 143405, 178810, 44.56, 326.71),
('2024-04-30', 'haidilao', '北京', 3, 4573670, 3091270, 1129570, 24632, 21661, 8068358, 145230, 179731, 44.89, 327.56),
('2024-05-31', 'haidilao', '北京', 3, 4792035, 2968346, 1143635, 24876, 21845, 8168822, 147039, 180609, 45.23, 328.38),
('2024-06-30', 'haidilao', '北京', 3, 4702258, 3154481, 1157835, 25120, 22027, 8270252, 148865, 181463, 45.58, 329.23),
('2024-07-31', 'haidilao', '北京', 3, 4924785, 3027395, 1171900, 25362, 22208, 8370716, 150673, 182274, 45.92, 330.05),
('2024-08-31', 'haidilao', '北京', 3, 4830458, 3217622, 1186033, 25603, 22387, 8471663, 152490, 183056, 46.28, 330.89),
('2024-09-30', 'haidilao', '北京', 3, 4733547, 3410891, 1200233, 25843, 22564, 8573093, 154316, 183807, 46.64, 331.74),
('2024-10-31', 'haidilao', '北京', 3, 6161492, 4092280, 1511082, 34804, 29428, 10793444, 194282, 278065, 38.82, 310.12),
('2024-11-30', 'haidilao', '北京', 3, 6022741, 4327389, 1525282, 35036, 29580, 10894874, 196108, 278848, 39.07, 310.96),
('2024-12-31', 'haidilao', '北京', 3, 6295546, 4150025, 1539347, 35265, 29729, 10995338, 197916, 279589, 39.33, 311.79),
('2025-01-31', 'haidilao', '北京', 3, 4813088, 3287026, 1193701, 27477, 23225, 8526436, 153476, 205603, 41.47, 310.31),
('2025-02-28', 'haidilao', '北京', 3, 4875209, 3105163, 1176055, 26989, 22775, 8400392, 151207, 204130, 41.15, 311.25),
('2025-03-31', 'haidilao', '北京', 3, 4671251, 3214047, 1162044, 26605, 22421, 8300314, 149406, 202926, 40.9, 311.98),
('2025-04-30', 'haidilao', '北京', 3, 4755088, 3022289, 1146140, 26170, 22021, 8186713, 147361, 201524, 40.62, 312.83),
('2025-05-31', 'haidilao', '北京', 3, 4530187, 3140296, 1130387, 25742, 21629, 8074193, 145335, 200098, 40.35, 313.66),
('2025-06-30', 'haidilao', '北京', 3, 4610138, 2952424, 1114483, 25312, 21236, 7960592, 143291, 198620, 40.08, 314.5),
('2025-07-31', 'haidilao', '北京', 3, 4389897, 3065771, 1098730, 24888, 20849, 7848072, 141265, 197118, 39.81, 315.34),
('2025-08-31', 'haidilao', '北京', 3, 4467007, 2881253, 1082902, 24465, 20464, 7735011, 139230, 195572, 39.55, 316.17),
('2025-09-30', 'haidilao', '北京', 3, 4249356, 2990984, 1066997, 24042, 20080, 7621410, 137185, 193980, 39.29, 317),
('2025-10-31', 'haidilao', '北京', 3, 6082325, 3934680, 1476190, 31438, 27276, 10544216, 189796, 222795, 47.33, 335.4),
('2025-11-30', 'haidilao', '北京', 3, 5808705, 4100379, 1460286, 31022, 26876, 10430615, 187751, 222147, 46.95, 336.23),
('2025-12-31', 'haidilao', '北京', 3, 5934246, 3867944, 1444533, 30611, 26482, 10318095, 185726, 221468, 46.59, 337.07),
('2026-01-31', 'haidilao', '北京', 3, 6555404, 4328547, 1603951, 35316, 30631, 11456791, 206222, 242527, 47.24, 324.41),
('2026-02-28', 'haidilao', '北京', 3, 6656428, 4097090, 1584729, 34993, 30301, 11319493, 203751, 241730, 46.83, 323.48),
('2026-03-31', 'haidilao', '北京', 3, 6395299, 4254657, 1569467, 34736, 30040, 11210480, 201789, 241061, 46.5, 322.73),
('2026-04-30', 'haidilao', '北京', 3, 6524821, 4007577, 1552143, 34442, 29743, 11086735, 199561, 240263, 46.14, 321.9),
('2026-05-31', 'haidilao', '北京', 3, 6236036, 4179925, 1534984, 34149, 29447, 10964169, 197355, 239431, 45.79, 321.07),
('2026-06-30', 'haidilao', '北京', 3, 6361324, 3937080, 1517660, 33853, 29149, 10840425, 195128, 238550, 45.44, 320.22),
('2024-01-31', 'haidilao', '深圳', 3, 6411091, 4032126, 1539000, 32429, 27066, 10992860, 197871, 224342, 49, 338.98),
('2024-02-29', 'haidilao', '深圳', 3, 6180373, 4170276, 1525359, 32054, 26798, 10895420, 196118, 220332, 49.45, 339.91),
('2024-03-31', 'haidilao', '深圳', 3, 6327201, 3949234, 1514422, 31755, 26583, 10817300, 194711, 217142, 49.82, 340.65),
('2024-04-30', 'haidilao', '深圳', 3, 6081951, 4110694, 1502074, 31418, 26341, 10729100, 193124, 213569, 50.24, 341.5),
('2024-05-31', 'haidilao', '深圳', 3, 6242711, 3866942, 1489844, 31087, 26102, 10641740, 191551, 210059, 50.66, 342.32),
('2024-06-30', 'haidilao', '深圳', 3, 6000479, 4025384, 1477496, 30754, 25861, 10553540, 189964, 206545, 51.1, 343.16),
('2024-07-31', 'haidilao', '深圳', 3, 6157620, 3785251, 1465265, 30425, 25622, 10466180, 188391, 203094, 51.53, 344),
('2024-08-31', 'haidilao', '深圳', 3, 5917660, 3941820, 1452976, 30097, 25384, 10378400, 186811, 199656, 51.98, 344.83),
('2024-09-30', 'haidilao', '深圳', 3, 5681631, 4094059, 1440628, 29769, 25145, 10290200, 185224, 196230, 52.44, 345.67),
('2024-10-31', 'haidilao', '深圳', 3, 4772040, 3169447, 1170324, 25796, 22500, 8359460, 150470, 195544, 42.75, 324.06),
('2024-11-30', 'haidilao', '深圳', 3, 4572394, 3285303, 1157976, 25458, 22238, 8271260, 148883, 192092, 43.06, 324.9),
('2024-12-31', 'haidilao', '深圳', 3, 4685815, 3088890, 1145746, 25125, 21978, 8183900, 147310, 188701, 43.37, 325.73),
('2025-01-31', 'haidilao', '深圳', 3, 5272080, 3600489, 1307536, 28803, 23833, 9339546, 168112, 218105, 42.82, 324.26),
('2025-02-28', 'haidilao', '深圳', 3, 5356643, 3411802, 1292192, 28383, 23446, 9229942, 166139, 213825, 43.17, 325.19),
('2025-03-31', 'haidilao', '深圳', 3, 5145451, 3540321, 1280009, 28052, 23142, 9142918, 164573, 210455, 43.44, 325.93),
('2025-04-30', 'haidilao', '深圳', 3, 5253104, 3338823, 1266179, 27678, 22798, 9044134, 162794, 206662, 43.76, 326.76),
('2025-05-31', 'haidilao', '深圳', 3, 5019495, 3479481, 1252481, 27309, 22460, 8946291, 161033, 202938, 44.08, 327.59),
('2025-06-30', 'haidilao', '深圳', 3, 5123768, 3281364, 1238651, 26938, 22121, 8847507, 159255, 199210, 44.41, 328.44),
('2025-07-31', 'haidilao', '深圳', 3, 4894212, 3417969, 1224953, 26573, 23383, 8749664, 157494, 195551, 44.74, 329.27),
('2025-08-31', 'haidilao', '深圳', 3, 4996198, 3222585, 1211189, 26208, 23029, 8651350, 155724, 191908, 45.08, 330.1),
('2025-09-30', 'haidilao', '深圳', 3, 4768526, 3356412, 1197359, 25843, 22675, 8552566, 153946, 188280, 45.42, 330.94),
('2025-10-31', 'haidilao', '深圳', 3, 6399543, 4139888, 1553179, 31758, 26989, 11094138, 199694, 203431, 54.54, 349.33),
('2025-11-30', 'haidilao', '深圳', 3, 6123203, 4322383, 1539350, 35449, 30081, 10995354, 197916, 199772, 55.04, 310.17),
('2025-12-31', 'haidilao', '深圳', 3, 6267485, 4085150, 1525651, 35039, 29690, 10897510, 196155, 196181, 55.55, 311.01),
('2026-01-31', 'haidilao', '深圳', 3, 7664356, 5060791, 1875285, 38322, 32556, 13394892, 241108, 245094, 54.65, 349.54),
('2026-02-28', 'haidilao', '深圳', 3, 4933905, 3036863, 1174639, 27025, 22921, 8390282, 151025, 151958, 55.21, 310.46),
('2026-03-31', 'haidilao', '深圳', 3, 4840524, 3220298, 1187911, 27265, 23095, 8485076, 152731, 220300, 38.52, 311.21),
('2026-04-30', 'haidilao', '深圳', 3, 5057007, 3106039, 1202975, 27537, 23290, 8592680, 154668, 221650, 38.77, 312.04),
('2026-05-31', 'haidilao', '深圳', 3, 4947834, 3316462, 1217896, 27804, 23481, 8699259, 156587, 222952, 39.02, 312.88),
('2026-06-30', 'haidilao', '深圳', 3, 5167999, 3198521, 1232961, 28073, 23673, 8806863, 158524, 224230, 39.28, 313.71),
('2024-01-31', 'haidilao', '成都', 3, 4610982, 2899984, 1106879, 24800, 21068, 7906280, 142313, 144622, 54.67, 318.8),
('2024-02-29', 'haidilao', '成都', 3, 4429525, 2988873, 1093238, 24423, 20714, 7808840, 140559, 141390, 55.23, 319.73),
('2024-03-31', 'haidilao', '成都', 3, 4521814, 2822370, 1082301, 24123, 20432, 7730720, 139153, 200671, 38.52, 320.47),
('2024-04-30', 'haidilao', '成都', 3, 4332277, 2928117, 1069953, 23785, 20116, 7642520, 137565, 197098, 38.78, 321.32),
('2024-05-31', 'haidilao', '成都', 3, 4432046, 2745356, 1057722, 23453, 19806, 7555160, 135993, 193587, 39.03, 322.14),
('2024-06-30', 'haidilao', '成都', 3, 4245527, 2848085, 1045374, 23119, 19495, 7466960, 134405, 190073, 39.28, 322.98),
('2024-07-31', 'haidilao', '成都', 3, 4341677, 2668943, 1033144, 22789, 19188, 7379600, 132833, 186621, 39.54, 323.82),
('2024-08-31', 'haidilao', '成都', 3, 4157723, 2769506, 1020855, 22460, 18883, 7291820, 131253, 183182, 39.81, 324.66),
('2024-09-30', 'haidilao', '成都', 3, 3977407, 2866032, 1008507, 22131, 18578, 7203620, 129665, 179756, 40.07, 325.5),
('2024-10-31', 'haidilao', '成都', 3, 5407641, 3591595, 1326203, 27547, 24018, 9472880, 170512, 201545, 47, 343.88),
('2024-11-30', 'haidilao', '成都', 3, 5187898, 3727548, 1313855, 27224, 23702, 9384680, 168924, 198092, 47.38, 344.72),
('2024-12-31', 'haidilao', '成都', 3, 5323320, 3509134, 1301625, 26906, 23392, 9297320, 167352, 194701, 47.75, 345.55),
('2025-01-31', 'haidilao', '成都', 3, 5976016, 4081231, 1482121, 30768, 26817, 10586576, 190558, 218083, 48.54, 344.08),
('2025-02-28', 'haidilao', '成都', 3, 6080363, 3872761, 1466776, 30367, 26425, 10476973, 188586, 217779, 48.11, 345.01),
('2025-03-31', 'haidilao', '成都', 3, 5847256, 4023196, 1454593, 30051, 26117, 10389949, 187019, 217507, 47.77, 345.74),
('2025-04-30', 'haidilao', '成都', 3, 5977418, 3799189, 1440763, 29693, 25768, 10291165, 185241, 217168, 47.39, 346.59),
('2025-05-31', 'haidilao', '成都', 3, 5719167, 3964489, 1427065, 29340, 25425, 10193322, 183480, 216800, 47.02, 347.42),
('2025-06-30', 'haidilao', '成都', 3, 5845949, 3743862, 1413235, 28986, 25082, 10094538, 181702, 216395, 46.65, 348.26),
('2025-07-31', 'haidilao', '成都', 3, 5591751, 3905108, 1399537, 28636, 24744, 9996694, 179940, 215961, 46.29, 349.1),
('2025-08-31', 'haidilao', '成都', 3, 5716365, 3687097, 1385773, 28287, 24406, 9898381, 178171, 215492, 45.93, 349.93),
('2025-09-30', 'haidilao', '成都', 3, 5463814, 3845803, 1371944, 31533, 27167, 9799597, 176393, 214987, 45.58, 310.77),
('2025-10-31', 'haidilao', '成都', 3, 4405424, 2849886, 1069204, 23202, 19350, 7637168, 137469, 195634, 39.04, 329.16),
('2025-11-30', 'haidilao', '成都', 3, 6817661, 4812604, 1713934, 37099, 30893, 12242384, 220363, 315658, 38.78, 329.99),
('2025-12-31', 'haidilao', '成都', 3, 6984690, 4552624, 1700236, 36710, 30523, 12144541, 218602, 315156, 38.54, 330.82),
('2026-01-31', 'haidilao', '成都', 3, 6887116, 4547578, 1685113, 36403, 30946, 12036520, 216657, 308799, 38.98, 330.65),
('2026-02-28', 'haidilao', '成都', 3, 7148283, 4399831, 1701827, 36868, 31393, 12155909, 218806, 314128, 38.7, 329.71),
('2026-03-31', 'haidilao', '成都', 3, 6988720, 4649448, 1715098, 37239, 31750, 12250703, 220513, 318391, 38.48, 328.98),
('2026-04-30', 'haidilao', '成都', 3, 7273173, 4467219, 1730163, 37662, 32158, 12358307, 222450, 224397, 55.07, 328.14),
('2026-05-31', 'haidilao', '成都', 3, 7089591, 4752051, 1745084, 38084, 32566, 12464886, 224368, 228407, 54.57, 327.3),
('2026-06-30', 'haidilao', '成都', 3, 7377726, 4566140, 1760149, 38511, 32980, 12572490, 226305, 232490, 54.08, 326.46),
('2024-01-31', 'haidilao', '杭州', 3, 4205351, 2644871, 1009506, 22005, 18383, 7210760, 129794, 170860, 42.2, 327.69),
('2024-02-29', 'haidilao', '杭州', 3, 4145540, 2797250, 1023148, 22366, 18716, 7308200, 131548, 174526, 41.87, 326.75),
('2024-03-31', 'haidilao', '杭州', 3, 4320369, 2696635, 1034085, 22657, 18984, 7386320, 132954, 177490, 41.62, 326.01),
('2024-04-30', 'haidilao', '杭州', 3, 4237044, 2863750, 1046433, 22987, 19290, 7474520, 134541, 180865, 41.33, 325.16),
('2024-05-31', 'haidilao', '杭州', 3, 4435988, 2747798, 1058663, 23315, 19594, 7561880, 136114, 184238, 41.04, 324.34),
('2024-06-30', 'haidilao', '杭州', 3, 4349644, 2917932, 1071011, 23648, 19904, 7650080, 137701, 187672, 40.76, 323.5),
('2024-07-31', 'haidilao', '杭州', 3, 4552207, 2798361, 1083242, 23980, 20213, 7737440, 139274, 191102, 40.49, 322.66),
('2024-08-31', 'haidilao', '杭州', 3, 4461862, 2972097, 1095531, 24315, 20526, 7825220, 140854, 194579, 40.22, 321.83),
('2024-09-30', 'haidilao', '杭州', 3, 4369316, 3148433, 1107879, 24653, 20842, 7913420, 142442, 198101, 39.95, 320.99),
('2024-10-31', 'haidilao', '杭州', 3, 5619588, 3732364, 1378182, 28734, 25085, 9844160, 177195, 203884, 48.28, 342.6),
('2024-11-30', 'haidilao', '杭州', 3, 5490658, 3945084, 1390530, 29062, 25408, 9932360, 178782, 207380, 47.89, 341.76),
('2024-12-31', 'haidilao', '杭州', 3, 5736941, 3781793, 1402761, 29390, 25732, 10019720, 180355, 210871, 47.52, 340.92),
('2025-01-31', 'haidilao', '杭州', 3, 5016900, 3426216, 1244249, 25956, 22668, 8887491, 159975, 184419, 48.19, 342.41),
('2025-02-28', 'haidilao', '杭州', 3, 5094291, 3244703, 1228904, 25706, 22485, 8777888, 158002, 183781, 47.76, 341.47),
('2025-03-31', 'haidilao', '杭州', 3, 4891045, 3365276, 1216721, 25506, 22339, 8690864, 156436, 183245, 47.43, 340.74),
('2025-04-30', 'haidilao', '杭州', 3, 4990538, 3171938, 1202891, 25279, 22172, 8592080, 154657, 182606, 47.05, 339.89),
('2025-05-31', 'haidilao', '杭州', 3, 4765861, 3303664, 1189193, 25052, 22004, 8494237, 152896, 181940, 46.69, 339.06),
('2025-06-30', 'haidilao', '杭州', 3, 4861975, 3113705, 1175363, 24822, 21833, 8395453, 151118, 181234, 46.32, 338.23),
('2025-07-31', 'haidilao', '杭州', 3, 4641351, 3241379, 1161665, 24594, 20188, 8297610, 149357, 180503, 45.97, 337.38),
('2025-08-31', 'haidilao', '杭州', 3, 4735134, 3054197, 1147901, 24363, 20029, 8199296, 147587, 179735, 45.62, 336.55),
('2025-09-30', 'haidilao', '杭州', 3, 4516481, 3179005, 1134072, 24129, 19867, 8100512, 145809, 178931, 45.27, 335.72),
('2025-10-31', 'haidilao', '杭州', 3, 6138779, 3971200, 1489892, 33537, 28538, 10642083, 191557, 274208, 38.81, 317.32),
('2025-11-30', 'haidilao', '杭州', 3, 5871458, 4144676, 1476062, 33314, 28390, 10543299, 189779, 273434, 38.56, 316.48),
('2025-12-31', 'haidilao', '杭州', 3, 6007495, 3915688, 1462364, 33092, 28242, 10445456, 188018, 189071, 55.25, 315.65),
('2026-01-31', 'haidilao', '杭州', 3, 6618557, 4370247, 1619403, 34835, 29652, 11567162, 208209, 210458, 54.96, 332.06),
('2026-02-28', 'haidilao', '杭州', 3, 6731862, 4143521, 1602688, 34379, 29312, 11447772, 206060, 206151, 55.53, 332.99),
('2026-03-31', 'haidilao', '杭州', 3, 6476590, 4308739, 1589417, 34019, 29043, 11352978, 204354, 293588, 38.67, 333.72),
('2026-04-30', 'haidilao', '杭州', 3, 6618184, 4064921, 1574352, 33612, 28738, 11245374, 202417, 288916, 38.92, 334.56),
('2026-05-31', 'haidilao', '杭州', 3, 6335357, 4246498, 1559431, 33210, 28436, 11138795, 200498, 284324, 39.18, 335.4),
('2026-06-30', 'haidilao', '杭州', 3, 6473268, 4006363, 1544367, 32807, 28132, 11031191, 198561, 279725, 39.44, 336.25),
('2024-01-31', 'haidilao', '广州', 3, 5634367, 3543621, 1352546, 27742, 24153, 9661040, 173899, 197031, 49.03, 348.25),
('2024-02-29', 'haidilao', '广州', 3, 5424904, 3660516, 1338904, 27389, 23884, 9563600, 172145, 196819, 48.59, 349.18),
('2024-03-31', 'haidilao', '广州', 3, 5548200, 3463006, 1327967, 27108, 23669, 9485480, 170739, 196623, 48.24, 349.91),
('2024-04-30', 'haidilao', '广州', 3, 5326989, 3600427, 1315619, 30240, 26442, 9397280, 169151, 196373, 47.85, 310.76),
('2024-05-31', 'haidilao', '广州', 3, 5461432, 3382992, 1303389, 29879, 26164, 9309920, 167579, 196097, 47.48, 311.59),
('2024-06-30', 'haidilao', '广州', 3, 5243239, 3517395, 1291041, 29516, 25883, 9221720, 165991, 195788, 47.1, 312.43),
('2024-07-31', 'haidilao', '广州', 3, 5374064, 3303578, 1278810, 29159, 25606, 9134360, 164418, 195453, 46.73, 313.26),
('2024-08-31', 'haidilao', '广州', 3, 5158269, 3435982, 1266521, 28802, 25329, 9046580, 162838, 195088, 46.37, 314.1),
('2024-09-30', 'haidilao', '广州', 3, 4946280, 3564181, 1254173, 28445, 23344, 8958380, 161251, 194691, 46.01, 314.94),
('2024-10-31', 'haidilao', '广州', 3, 4011763, 2664495, 983870, 21083, 17884, 7027640, 126498, 178575, 39.35, 333.33),
('2024-11-30', 'haidilao', '广州', 3, 3836157, 2756311, 971522, 20766, 17641, 6939440, 124910, 177500, 39.1, 334.17),
('2024-12-31', 'haidilao', '广州', 3, 3923261, 2586215, 959291, 20454, 17402, 6852080, 123337, 176405, 38.84, 335),
('2025-01-31', 'haidilao', '广州', 3, 4430065, 3025447, 1098707, 23530, 19966, 7847907, 141262, 145582, 53.91, 333.53),
('2025-02-28', 'haidilao', '广州', 3, 4490964, 2860425, 1083363, 23137, 19665, 7738304, 139289, 142106, 54.45, 334.46),
('2025-03-31', 'haidilao', '广州', 3, 4305987, 2962729, 1071179, 22826, 19426, 7651280, 137723, 139376, 54.9, 335.2),
('2025-04-30', 'haidilao', '广州', 3, 7118940, 4524731, 1715909, 36474, 31088, 12256496, 220617, 221205, 55.41, 336.03),
('2025-05-31', 'haidilao', '广州', 3, 6821855, 4728865, 1702211, 36093, 30808, 12158653, 218856, 314685, 38.64, 336.87),
('2025-06-30', 'haidilao', '广州', 3, 6984112, 4472764, 1688382, 35711, 30527, 12059869, 217078, 310103, 38.89, 337.71),
('2025-07-31', 'haidilao', '广州', 3, 6691079, 4672846, 1674684, 35334, 30249, 11962026, 215316, 305596, 39.14, 338.54),
('2025-08-31', 'haidilao', '广州', 3, 6851353, 4419173, 1660920, 34957, 29970, 11863712, 213547, 301101, 39.4, 339.38),
('2025-09-30', 'haidilao', '广州', 3, 6559595, 4617087, 1647090, 34581, 29691, 11764928, 211769, 296617, 39.66, 340.21),
('2025-10-31', 'haidilao', '广州', 3, 5539105, 3583269, 1344350, 30139, 24900, 9602499, 172845, 206784, 46.44, 318.61),
('2025-11-30', 'haidilao', '广州', 3, 5292524, 3736005, 1330520, 29751, 24617, 9503715, 171067, 203060, 46.8, 319.44),
('2025-12-31', 'haidilao', '广州', 3, 5409599, 3525979, 1316822, 29368, 24337, 9405872, 169306, 199404, 47.17, 320.28),
('2026-01-31', 'haidilao', '广州', 3, 5662178, 3738749, 1385400, 29003, 25335, 9895713, 178123, 212710, 46.52, 341.2),
('2026-02-28', 'haidilao', '广州', 3, 5889381, 3624966, 1402114, 29433, 25670, 10015102, 180272, 213410, 46.93, 340.27),
('2026-03-31', 'haidilao', '广州', 3, 5767443, 3836958, 1415385, 29776, 25936, 10109896, 181978, 213933, 47.26, 339.53),
('2026-04-30', 'haidilao', '广州', 3, 6013254, 3693371, 1430450, 30168, 26239, 10217500, 183915, 214494, 47.64, 338.69),
('2026-05-31', 'haidilao', '广州', 3, 5871975, 3935900, 1445371, 30558, 26540, 10324079, 185833, 215013, 48.02, 337.85),
('2026-06-30', 'haidilao', '广州', 3, 6121468, 3788631, 1460436, 30953, 26844, 10431683, 187770, 215502, 48.41, 337.02),
('2024-01-31', 'haidilao', '南京', 3, 4596285, 2890741, 1103351, 24939, 20510, 7881080, 141859, 173100, 45.53, 316.01),
('2024-02-29', 'haidilao', '南京', 3, 4525776, 3053818, 1116993, 25322, 20860, 7978520, 143613, 176721, 45.15, 315.08),
('2024-03-31', 'haidilao', '南京', 3, 4712450, 2941358, 1127930, 25630, 21143, 8056640, 145020, 179650, 44.85, 314.34),
('2024-04-30', 'haidilao', '南京', 3, 4617025, 3120573, 1140278, 25980, 21464, 8144840, 146607, 182985, 44.51, 313.5),
('2024-05-31', 'haidilao', '南京', 3, 4829214, 2991376, 1152508, 26329, 21785, 8232200, 148180, 186318, 44.18, 312.67),
('2024-06-30', 'haidilao', '南京', 3, 4730771, 3173609, 1164856, 26682, 22111, 8320400, 149767, 189712, 43.86, 311.84),
('2024-07-31', 'haidilao', '南京', 3, 4946579, 3040793, 1177086, 27035, 22437, 8407760, 151340, 193103, 43.54, 311),
('2024-08-31', 'haidilao', '南京', 3, 4844072, 3226691, 1189376, 27390, 22766, 8495540, 152920, 196539, 43.23, 310.17),
('2024-09-30', 'haidilao', '南京', 3, 4739426, 3415127, 1201724, 24572, 20455, 8583740, 154507, 200022, 42.91, 349.33),
('2024-10-31', 'haidilao', '南京', 3, 6002243, 3986513, 1472027, 31772, 27325, 10514480, 189261, 199565, 52.69, 330.94),
('2024-11-30', 'haidilao', '南京', 3, 5861215, 4211331, 1484375, 32120, 27665, 10602680, 190848, 203020, 52.22, 330.1),
('2024-12-31', 'haidilao', '南京', 3, 6120743, 4034795, 1496606, 32466, 28003, 10690040, 192421, 206472, 51.77, 329.27),
('2025-01-31', 'haidilao', '南京', 3, 6660568, 4548736, 1651897, 35675, 30692, 11799267, 212387, 224413, 52.58, 330.74),
('2025-02-28', 'haidilao', '南京', 3, 6911373, 4402054, 1667242, 36108, 31115, 11908870, 214360, 228717, 52.07, 329.81),
('2025-03-31', 'haidilao', '南京', 3, 6751049, 4645050, 1679425, 36454, 31454, 11995894, 215926, 232164, 51.67, 329.07),
('2025-04-30', 'haidilao', '南京', 3, 7024952, 4464992, 1693255, 36848, 31840, 12094678, 217704, 236107, 51.23, 328.23),
('2025-05-31', 'haidilao', '南京', 3, 6840858, 4742038, 1706953, 37241, 32226, 12192522, 219465, 240046, 50.79, 327.4),
('2025-06-30', 'haidilao', '南京', 3, 7118141, 4558600, 1720783, 37639, 32618, 12291306, 221244, 244056, 50.36, 326.56),
('2025-07-31', 'haidilao', '南京', 3, 4298765, 3002127, 1075921, 23594, 20476, 7685149, 138333, 153875, 49.94, 325.72),
('2025-08-31', 'haidilao', '南京', 3, 4494988, 2899301, 1089685, 23957, 20821, 7783462, 140102, 157145, 49.53, 324.89),
('2025-09-30', 'haidilao', '南京', 3, 4394786, 3093348, 1103514, 24324, 21171, 7882246, 141880, 160464, 49.12, 324.05),
('2025-10-31', 'haidilao', '南京', 3, 5794170, 3748271, 1406255, 29059, 24350, 10044675, 180804, 241426, 41.61, 345.66),
('2025-11-30', 'haidilao', '南京', 3, 5648791, 3987495, 1420084, 29417, 24687, 10143459, 182582, 245504, 41.32, 344.82),
('2025-12-31', 'haidilao', '南京', 3, 5890080, 3839157, 1433782, 29772, 25022, 10241302, 184343, 249576, 41.03, 343.99),
('2026-01-31', 'haidilao', '南京', 3, 6150629, 4061273, 1504912, 31274, 26215, 10749371, 193489, 214188, 50.19, 343.72),
('2026-02-28', 'haidilao', '南京', 3, 6250961, 3847522, 1488197, 30843, 25897, 10629982, 191340, 209827, 50.66, 344.65),
('2026-03-31', 'haidilao', '南京', 3, 6010062, 3998367, 1474926, 30502, 25644, 10535188, 189633, 206397, 51.04, 345.39),
('2026-04-30', 'haidilao', '南京', 3, 6136894, 3769311, 1459862, 30117, 25359, 10427584, 187697, 202537, 51.48, 346.24),
('2026-05-31', 'haidilao', '南京', 3, 5870227, 3934728, 1444941, 29738, 25077, 10321005, 185778, 198750, 51.93, 347.06),
('2026-06-30', 'haidilao', '南京', 3, 5993377, 3709354, 1429876, 29357, 24792, 10213401, 183841, 194962, 52.39, 347.9),
('2024-01-31', 'haidilao', '武汉', 3, 5023961, 3159719, 1206016, 24923, 21770, 8614400, 155059, 178966, 48.13, 345.64),
('2024-02-29', 'haidilao', '武汉', 3, 4831203, 3259909, 1192374, 24575, 21500, 8516960, 153305, 178522, 47.71, 346.57),
('2024-03-31', 'haidilao', '武汉', 3, 4936004, 3080894, 1181438, 24298, 21285, 8438840, 151899, 178141, 47.37, 347.31),
('2024-04-30', 'haidilao', '武汉', 3, 4733686, 3199422, 1169090, 23986, 21042, 8350640, 150312, 177682, 47, 348.15),
('2024-05-31', 'haidilao', '武汉', 3, 4847447, 3002669, 1156859, 23678, 20801, 8263280, 148739, 177198, 46.63, 348.99),
('2024-06-30', 'haidilao', '武汉', 3, 4648146, 3118180, 1144511, 23369, 20559, 8175080, 147151, 176680, 46.27, 349.83),
('2024-07-31', 'haidilao', '武汉', 3, 4758289, 2925045, 1132281, 26034, 21374, 8087720, 145579, 176138, 45.92, 310.66),
('2024-08-31', 'haidilao', '武汉', 3, 4561486, 3038457, 1119992, 25683, 21118, 7999940, 143999, 175563, 45.57, 311.49),
('2024-09-30', 'haidilao', '武汉', 3, 4368388, 3147765, 1107644, 25331, 20861, 7911740, 142411, 174957, 45.22, 312.33),
('2024-10-31', 'haidilao', '武汉', 3, 5811875, 3860075, 1425340, 30784, 26201, 10181000, 183258, 262580, 38.77, 330.72),
('2024-11-30', 'haidilao', '武汉', 3, 5579350, 4008810, 1412992, 30440, 25946, 10092800, 181670, 262001, 38.52, 331.56),
('2024-12-31', 'haidilao', '武汉', 3, 5728765, 3776403, 1400762, 30101, 25695, 10005440, 180098, 181355, 55.17, 332.4),
('2025-01-31', 'haidilao', '武汉', 3, 6423710, 4386977, 1593154, 34388, 29278, 11379670, 204834, 206764, 55.04, 330.92),
('2025-02-28', 'haidilao', '武汉', 3, 6540640, 4165924, 1577809, 33962, 28963, 11270067, 202861, 292832, 38.49, 331.84),
('2025-03-31', 'haidilao', '武汉', 3, 6293593, 4330298, 1565626, 33624, 28712, 11183043, 201295, 288916, 38.71, 332.59),
('2025-04-30', 'haidilao', '武汉', 3, 6438070, 4091976, 1551796, 33243, 28429, 11084259, 199517, 284502, 38.96, 333.43),
('2025-05-31', 'haidilao', '武汉', 3, 6164148, 4272947, 1538098, 32868, 28149, 10986416, 197755, 280162, 39.21, 334.26),
('2025-06-30', 'haidilao', '武汉', 3, 6305245, 4038005, 1524268, 32491, 27867, 10887632, 195977, 275814, 39.47, 335.1),
('2025-07-31', 'haidilao', '武汉', 3, 6035377, 4214923, 1510570, 32119, 27588, 10789789, 194216, 271540, 39.74, 335.93),
('2025-08-31', 'haidilao', '武汉', 3, 6174380, 3982521, 1496807, 31747, 27308, 10691475, 192447, 267278, 40, 336.77),
('2025-09-30', 'haidilao', '武汉', 3, 5906008, 4157048, 1482977, 31376, 27029, 10592691, 190668, 263029, 40.27, 337.6),
('2025-10-31', 'haidilao', '武汉', 3, 4862912, 3145837, 1180237, 26678, 22117, 8430262, 151745, 178330, 47.27, 316),
('2025-11-30', 'haidilao', '武汉', 3, 4639717, 3275187, 1166407, 26296, 21833, 8331478, 149967, 174841, 47.65, 316.83),
('2025-12-31', 'haidilao', '武汉', 3, 4735410, 3086543, 1152709, 25919, 21553, 8233635, 148205, 171418, 48.03, 317.67),
('2026-01-31', 'haidilao', '武汉', 3, 6392802, 4221181, 1564166, 32497, 28294, 11172614, 201107, 235903, 47.36, 343.8),
('2026-02-28', 'haidilao', '武汉', 3, 6640262, 4087141, 1580880, 32933, 28628, 11292003, 203256, 236319, 47.78, 342.88),
('2026-03-31', 'haidilao', '武汉', 3, 6495883, 4321574, 1594152, 33281, 28893, 11386797, 204962, 236618, 48.12, 342.14),
('2026-04-30', 'haidilao', '武汉', 3, 6764742, 4154939, 1609216, 33679, 29197, 11494401, 206899, 236923, 48.52, 341.29),
('2026-05-31', 'haidilao', '武汉', 3, 6598231, 4422700, 1624137, 34074, 29496, 11600980, 208818, 237189, 48.91, 340.46),
('2026-06-30', 'haidilao', '武汉', 3, 6870773, 4252382, 1639202, 34475, 29800, 11708584, 210755, 237422, 49.32, 339.63),
('2024-01-31', 'haidilao', '重庆', 3, 4297451, 2702795, 1031615, 23113, 19341, 7368680, 132636, 181264, 40.65, 318.81),
('2024-02-29', 'haidilao', '重庆', 3, 4235119, 2857695, 1045257, 23487, 19622, 7466120, 134390, 182275, 40.96, 317.88),
('2024-03-31', 'haidilao', '重庆', 3, 4412739, 2754289, 1056194, 23788, 19846, 7544240, 135796, 183059, 41.21, 317.14),
('2024-04-30', 'haidilao', '重庆', 3, 4326563, 2924255, 1068542, 24130, 20101, 7632440, 137384, 183917, 41.5, 316.31),
('2024-05-31', 'haidilao', '重庆', 3, 4528628, 2805182, 1080772, 24471, 20355, 7719800, 138956, 184738, 41.79, 315.47),
('2024-06-30', 'haidilao', '重庆', 3, 4439434, 2978166, 1093120, 24816, 20611, 7808000, 140544, 185537, 42.08, 314.64),
('2024-07-31', 'haidilao', '重庆', 3, 4645117, 2855475, 1105350, 25160, 20865, 7895360, 142116, 186299, 42.38, 313.81),
('2024-08-31', 'haidilao', '重庆', 3, 4551907, 3032076, 1117640, 25508, 21121, 7983140, 143697, 187035, 42.68, 312.97),
('2024-09-30', 'haidilao', '重庆', 3, 4456510, 3211263, 1129988, 25859, 21380, 8071340, 145284, 187746, 42.99, 312.13),
('2024-10-31', 'haidilao', '重庆', 3, 5709737, 3792239, 1400291, 29970, 25750, 10002080, 180037, 195873, 51.06, 333.74),
('2024-11-30', 'haidilao', '重庆', 3, 5577957, 4007809, 1412639, 30311, 26005, 10090280, 181625, 195905, 51.51, 332.89),
('2024-12-31', 'haidilao', '重庆', 3, 5827360, 3841398, 1424870, 30650, 26257, 10177640, 183198, 195907, 51.95, 332.06),
('2025-01-31', 'haidilao', '重庆', 3, 6336614, 4327496, 1571553, 33655, 28906, 11225379, 202057, 250245, 44.86, 333.54),
('2025-02-28', 'haidilao', '重庆', 3, 6578314, 4189919, 1586897, 34079, 29223, 11334982, 204030, 254801, 44.49, 332.61),
('2025-03-31', 'haidilao', '重庆', 3, 6428077, 4422829, 1599081, 34417, 29474, 11422006, 205596, 258448, 44.19, 331.87),
('2025-04-30', 'haidilao', '重庆', 3, 6691621, 4253130, 1612911, 34803, 29761, 11520790, 207374, 262619, 43.87, 331.03),
('2025-05-31', 'haidilao', '重庆', 3, 6518867, 4518835, 1626609, 35187, 30046, 11618634, 209135, 266782, 43.55, 330.2),
('2025-06-30', 'haidilao', '重庆', 3, 6785791, 4345756, 1640439, 35577, 30334, 11717418, 210914, 271019, 43.23, 329.35),
('2025-07-31', 'haidilao', '重庆', 3, 6608984, 4615514, 1654137, 35965, 30620, 11815261, 212675, 275248, 42.93, 328.52),
('2025-08-31', 'haidilao', '重庆', 3, 6880148, 4437747, 1667900, 36356, 30907, 11913574, 214444, 279531, 42.62, 327.69),
('2025-09-30', 'haidilao', '重庆', 3, 6697550, 4714190, 1681730, 36752, 31197, 12012358, 216222, 283866, 42.32, 326.85),
('2025-10-31', 'haidilao', '重庆', 3, 5463129, 3534119, 1325910, 27179, 22322, 9470787, 170474, 182870, 51.79, 348.46),
('2025-11-30', 'haidilao', '重庆', 3, 5329198, 3761894, 1339740, 27529, 22574, 9569571, 172252, 186385, 51.34, 347.62),
('2025-12-31', 'haidilao', '重庆', 3, 5560020, 3624023, 1353438, 27877, 24497, 9667414, 174013, 189899, 50.91, 346.79),
('2026-01-31', 'haidilao', '重庆', 3, 5917252, 3907174, 1447810, 30334, 26172, 10341501, 186147, 200087, 51.69, 340.92),
('2026-02-28', 'haidilao', '重庆', 3, 6151527, 3786319, 1464525, 30601, 26445, 10460890, 188296, 204347, 51.19, 341.85),
('2026-03-31', 'haidilao', '重庆', 3, 6021754, 4006146, 1477796, 30811, 26661, 10555684, 190002, 207761, 50.81, 342.59),
('2026-04-30', 'haidilao', '重庆', 3, 6275612, 3854512, 1492860, 31049, 26906, 10663288, 191939, 211671, 50.38, 343.43),
('2026-05-31', 'haidilao', '重庆', 3, 6125524, 4105850, 1507781, 31284, 27149, 10769867, 193858, 215578, 49.96, 344.26),
('2026-06-30', 'haidilao', '重庆', 3, 6383063, 3950534, 1522846, 31519, 27392, 10877471, 195794, 219560, 49.54, 345.11),
('2024-01-31', 'haidilao', '西安', 3, 3987594, 2507917, 957233, 19664, 16217, 6837380, 123073, 152249, 44.91, 347.71),
('2024-02-29', 'haidilao', '西安', 3, 3933742, 2654337, 970875, 19891, 16432, 6934820, 124827, 155706, 44.54, 348.64),
('2024-03-31', 'haidilao', '西安', 3, 4101974, 2560319, 981812, 20072, 16603, 7012940, 126233, 158504, 44.24, 349.39),
('2024-04-30', 'haidilao', '西安', 3, 4025388, 2720695, 994160, 22890, 18963, 7101140, 127821, 161690, 43.92, 310.23),
('2024-05-31', 'haidilao', '西安', 3, 4216954, 2612121, 1006390, 23110, 19174, 7188500, 129393, 164875, 43.6, 311.06),
('2024-06-30', 'haidilao', '西安', 3, 4137350, 2775515, 1018738, 23330, 19386, 7276700, 130981, 168121, 43.28, 311.9),
('2024-07-31', 'haidilao', '西安', 3, 4332534, 2663323, 1030968, 23548, 19597, 7364060, 132553, 171365, 42.97, 312.73),
('2024-08-31', 'haidilao', '西安', 3, 4248965, 2830283, 1043258, 23765, 19807, 7451840, 134133, 174653, 42.67, 313.56),
('2024-09-30', 'haidilao', '西安', 3, 4163158, 2999880, 1055606, 23982, 20018, 7540040, 135721, 177987, 42.36, 314.4),
('2024-10-31', 'haidilao', '西安', 3, 5406442, 3590799, 1325909, 28458, 24540, 9470780, 170474, 182627, 51.86, 332.8),
('2024-11-30', 'haidilao', '西安', 3, 5284252, 3796779, 1338257, 28651, 24742, 9558980, 172062, 185934, 51.41, 333.64),
('2024-12-31', 'haidilao', '西安', 3, 5523157, 3640866, 1350488, 28841, 24942, 9646340, 173634, 189238, 50.97, 334.47),
('2025-01-31', 'haidilao', '西安', 3, 6000711, 4098096, 1488245, 32508, 28041, 10630323, 191346, 262331, 40.52, 327.01),
('2025-02-28', 'haidilao', '西安', 3, 6232970, 3969960, 1503590, 32937, 28458, 10739926, 193319, 263034, 40.83, 326.07),
('2025-03-31', 'haidilao', '西安', 3, 6093191, 4192412, 1515773, 33279, 28790, 10826950, 194885, 263563, 41.08, 325.34),
('2025-04-30', 'haidilao', '西安', 3, 6345994, 4033453, 1529603, 33670, 29171, 10925734, 196663, 264132, 41.36, 324.49),
('2025-05-31', 'haidilao', '西安', 3, 6184999, 4287400, 1543301, 34059, 29550, 11023578, 198424, 264663, 41.65, 323.66),
('2025-06-30', 'haidilao', '西安', 3, 6441182, 4125062, 1557131, 34453, 29935, 11122362, 200203, 265166, 41.94, 322.83),
('2025-07-31', 'haidilao', '西安', 3, 6276134, 4383061, 1570829, 34846, 30320, 11220205, 201964, 265632, 42.24, 321.99),
('2025-08-31', 'haidilao', '西安', 3, 6536501, 4216091, 1584593, 35243, 30710, 11318518, 203733, 266067, 42.54, 321.16),
('2025-09-30', 'haidilao', '西安', 3, 6365774, 4480663, 1598422, 35644, 31104, 11417302, 205511, 266471, 42.85, 320.31),
('2025-10-31', 'haidilao', '西安', 3, 5119876, 3312068, 1242602, 25958, 21810, 8875731, 159763, 174511, 50.86, 341.93),
('2025-11-30', 'haidilao', '西安', 3, 4997818, 3527971, 1256432, 26311, 22140, 8974515, 161541, 174946, 51.3, 341.09),
('2025-12-31', 'haidilao', '西安', 3, 5217785, 3400955, 1270130, 26663, 22470, 9072358, 163302, 175343, 51.74, 340.26),
('2026-01-31', 'haidilao', '西安', 3, 6879200, 4542351, 1683176, 35182, 30238, 12022685, 216408, 235914, 50.96, 341.73),
('2026-02-28', 'haidilao', '西安', 3, 6999733, 4308398, 1666461, 34928, 29971, 11903296, 214259, 231352, 51.45, 340.8),
('2026-03-31', 'haidilao', '西安', 3, 6736455, 4481622, 1653190, 34725, 29759, 11808502, 212553, 227762, 51.85, 340.06),
('2026-04-30', 'haidilao', '西安', 3, 6886271, 4229582, 1638126, 34494, 29517, 11700898, 210616, 223721, 52.3, 339.22),
('2026-05-31', 'haidilao', '西安', 3, 6594443, 4420160, 1623205, 34263, 29277, 11594319, 208698, 219754, 52.76, 338.39),
('2026-06-30', 'haidilao', '西安', 3, 6740577, 4171802, 1608140, 34030, 29035, 11486715, 206761, 215785, 53.23, 337.55)
on conflict (month, brand_id, city) do update set gmv = excluded.gmv, paid_orders = excluded.paid_orders, verified_orders = excluded.verified_orders;

delete from public.fact_brand_monthly where brand_id = 'haidilao' and month >= '2024-01-01' and month <= '2026-06-30';
insert into public.fact_brand_monthly (month, brand_id, active_users, purchase_frequency, avg_order_value, gtv, paid_orders, verified_orders, repeat_purchase_rate, commission_revenue, ad_revenue, merchant_revenue, subsidy_amount, operating_cost, ad_merchant_penetration, take_rate, subsidy_rate, data_confidence)
values
('2024-01-31', 'haidilao', 135756, 1.35, 329.97, 713163978, 251316, 211858, 0.2662, 25673903, 12836952, 37084527, 9984296, 8557968, 0.1623, 0.052, 0.014, 'demo_model'),
('2024-02-29', 'haidilao', 136684, 1.39, 330.28, 715091342, 251759, 212343, 0.2899, 25743288, 12871644, 37184750, 10011279, 8581096, 0.1744, 0.052, 0.014, 'demo_model'),
('2024-03-31', 'haidilao', 137428, 1.37, 330.51, 716636555, 252123, 212735, 0.2798, 25798916, 12899458, 37265101, 10032912, 8599639, 0.2166, 0.052, 0.014, 'demo_model'),
('2024-04-30', 'haidilao', 138268, 1.39, 323.02, 718381151, 258602, 219845, 0.2943, 25861721, 12930861, 37355820, 10057336, 8620574, 0.1677, 0.052, 0.014, 'demo_model'),
('2024-05-31', 'haidilao', 139100, 1.39, 323.3, 720109132, 258994, 220294, 0.2934, 25923929, 12961964, 37445675, 10081528, 8641310, 0.1829, 0.052, 0.014, 'demo_model'),
('2024-06-30', 'haidilao', 139940, 1.29, 323.59, 721853728, 259394, 220751, 0.2279, 25986734, 12993367, 37536394, 10105952, 8662245, 0.2318, 0.052, 0.014, 'demo_model'),
('2024-07-31', 'haidilao', 140772, 1.29, 320.19, 723581709, 262773, 222267, 0.227, 26048942, 13024471, 37626249, 10130144, 8682981, 0.204, 0.052, 0.014, 'demo_model'),
('2024-08-31', 'haidilao', 141608, 1.3, 320.51, 725317997, 263144, 222722, 0.2338, 26111448, 13055724, 37716536, 10154452, 8703816, 0.2254, 0.052, 0.014, 'demo_model'),
('2024-09-30', 'haidilao', 142448, 1.32, 324.73, 727062593, 260346, 218832, 0.2483, 26174253, 13087127, 37807255, 10178876, 8724751, 0.1766, 0.052, 0.014, 'demo_model'),
('2024-10-31', 'haidilao', 160836, 1.3, 331.31, 795954630, 279355, 239654, 0.23, 28654367, 14327183, 41389641, 11143365, 9551456, 0.1891, 0.052, 0.014, 'demo_model'),
('2024-11-30', 'haidilao', 161676, 1.32, 331.6, 797699226, 279724, 240082, 0.2445, 28717172, 14358586, 41480360, 11167789, 9572391, 0.162, 0.052, 0.014, 'demo_model'),
('2024-12-31', 'haidilao', 162508, 1.32, 331.87, 799427207, 280100, 240516, 0.2436, 28779379, 14389690, 41570215, 11191981, 9593126, 0.1898, 0.052, 0.014, 'demo_model'),
('2025-01-31', 'haidilao', 166968, 1.36, 329.7, 886869109, 312787, 266631, 0.2764, 31927288, 15963644, 46117194, 12416168, 10642429, 0.1904, 0.052, 0.014, 'demo_model'),
('2025-02-28', 'haidilao', 166036, 1.32, 329.63, 882815972, 311419, 265586, 0.2451, 31781375, 15890687, 45906431, 12359424, 10593792, 0.2008, 0.052, 0.014, 'demo_model'),
('2025-03-31', 'haidilao', 165296, 1.34, 329.56, 879597826, 310345, 264767, 0.2628, 31665522, 15832761, 45739087, 12314370, 10555174, 0.1885, 0.052, 0.014, 'demo_model'),
('2025-04-30', 'haidilao', 164456, 1.32, 329.76, 916399196, 323137, 275780, 0.2484, 32990371, 16495186, 47652758, 12829589, 10996790, 0.2196, 0.052, 0.014, 'demo_model'),
('2025-05-31', 'haidilao', 163624, 1.32, 329.7, 912780986, 321920, 274870, 0.2492, 32860115, 16430058, 47464611, 12778934, 10953372, 0.1674, 0.052, 0.014, 'demo_model'),
('2025-06-30', 'haidilao', 162784, 1.3, 329.63, 909127956, 320704, 273962, 0.2348, 32728606, 16364303, 47274654, 12727791, 10909535, 0.1798, 0.052, 0.014, 'demo_model'),
('2025-07-31', 'haidilao', 161952, 1.3, 329.72, 865055304, 305071, 260663, 0.2357, 31141991, 15570995, 44982876, 12110774, 10380664, 0.2321, 0.052, 0.014, 'demo_model'),
('2025-08-31', 'haidilao', 161116, 1.29, 329.65, 861419645, 303850, 259725, 0.2289, 31011107, 15505554, 44793822, 12059875, 10337036, 0.1974, 0.052, 0.014, 'demo_model'),
('2025-09-30', 'haidilao', 160276, 1.39, 325.7, 857766614, 306232, 261892, 0.2944, 30879598, 15439799, 44603864, 12008733, 10293199, 0.2285, 0.052, 0.014, 'demo_model'),
('2025-10-31', 'haidilao', 181888, 1.35, 333.81, 824322556, 287147, 242106, 0.2657, 29675612, 14837806, 42864773, 11540516, 9891871, 0.2171, 0.052, 0.014, 'demo_model'),
('2025-11-30', 'haidilao', 181048, 1.37, 329.25, 861123925, 304120, 256348, 0.2802, 31000461, 15500231, 44778444, 12055735, 10333487, 0.214, 0.052, 0.014, 'demo_model'),
('2025-12-31', 'haidilao', 180216, 1.37, 329.38, 857505682, 302717, 256877, 0.2793, 30870205, 15435102, 44590295, 12005080, 10290068, 0.1618, 0.052, 0.014, 'demo_model'),
('2026-01-31', 'haidilao', 203292, 1.37, 338.41, 971519425, 333815, 285555, 0.2793, 34974699, 17487350, 50519010, 13601272, 11658233, 0.2184, 0.052, 0.014, 'demo_model'),
('2026-02-28', 'haidilao', 202360, 1.3, 334.47, 927144990, 322328, 275742, 0.2306, 33377220, 16688610, 48211539, 12980030, 11125740, 0.2288, 0.052, 0.014, 'demo_model'),
('2026-03-31', 'haidilao', 201620, 1.39, 334.28, 926900423, 322421, 275777, 0.2929, 33368415, 16684208, 48198822, 12976606, 11122805, 0.1605, 0.052, 0.014, 'demo_model'),
('2026-04-30', 'haidilao', 200780, 1.29, 334.06, 926622798, 322533, 275822, 0.2274, 33358421, 16679210, 48184385, 12972719, 11119474, 0.1916, 0.052, 0.014, 'demo_model'),
('2026-05-31', 'haidilao', 199948, 1.29, 333.85, 926347822, 322644, 275864, 0.2265, 33348522, 16674261, 48170087, 12968870, 11116174, 0.2194, 0.052, 0.014, 'demo_model'),
('2026-06-30', 'haidilao', 199108, 1.31, 333.63, 926070214, 322760, 275909, 0.2409, 33338528, 16669264, 48155651, 12964983, 11112843, 0.2079, 0.052, 0.014, 'demo_model')
on conflict (month, brand_id) do update set gtv = excluded.gtv, paid_orders = excluded.paid_orders;

delete from public.fact_poi_monthly where month >= '2024-01-31' and month <= '2026-06-30' and poi_id like 'hdl-%';
insert into public.fact_poi_monthly (month, poi_id, exposure, visits, search_visits, recommend_visits, deal_clicks, favorite_count, navigate_clicks, phone_clicks, avg_stay_seconds)
values
('2024-01-31', 'hdl-上海-静安大悦城-01', 104929, 14959, 9183, 5776, 1493, 598, 359, 165, 118),
('2024-02-29', 'hdl-上海-静安大悦城-01', 103954, 14724, 8792, 5932, 1480, 589, 353, 162, 104),
('2024-03-31', 'hdl-上海-静安大悦城-01', 103173, 14536, 8950, 5586, 1469, 581, 349, 160, 107),
('2024-04-30', 'hdl-上海-静安大悦城-01', 102291, 14326, 8548, 5778, 1457, 573, 344, 158, 107),
('2024-05-31', 'hdl-上海-静安大悦城-01', 101417, 18176, 11224, 6952, 1859, 727, 436, 200, 130),
('2024-06-30', 'hdl-上海-静安大悦城-01', 100535, 17933, 10733, 7200, 1846, 717, 430, 197, 106),
('2024-07-31', 'hdl-上海-静安大悦城-01', 99662, 17695, 10959, 6736, 1832, 708, 425, 195, 98),
('2024-08-31', 'hdl-上海-静安大悦城-01', 98784, 17456, 10477, 6979, 1819, 698, 419, 192, 117),
('2024-09-30', 'hdl-上海-静安大悦城-01', 97902, 17218, 10007, 7211, 1805, 689, 413, 189, 97),
('2024-10-31', 'hdl-上海-静安大悦城-01', 78595, 12377, 7437, 4940, 1468, 495, 297, 136, 115),
('2024-11-30', 'hdl-上海-静安大悦城-01', 77713, 12173, 7083, 5090, 1451, 487, 292, 134, 111),
('2024-12-31', 'hdl-上海-静安大悦城-01', 76839, 11972, 7216, 4756, 1435, 479, 287, 132, 98),
('2025-01-31', 'hdl-上海-静安大悦城-01', 100613, 15825, 9403, 6422, 1879, 633, 380, 174, 123),
('2025-02-28', 'hdl-上海-静安大悦城-01', 101871, 15928, 9730, 6198, 1903, 637, 382, 175, 103),
('2025-03-31', 'hdl-上海-静安大悦城-01', 102870, 16008, 9483, 6525, 1441, 640, 384, 176, 104),
('2025-04-30', 'hdl-上海-静安大悦城-01', 104004, 16097, 9842, 6255, 1459, 644, 386, 177, 122),
('2025-05-31', 'hdl-上海-静安大悦城-01', 105127, 16184, 9558, 6626, 1477, 647, 388, 178, 116),
('2025-06-30', 'hdl-上海-静安大悦城-01', 106261, 16269, 9918, 6351, 1495, 651, 390, 179, 111),
('2025-07-31', 'hdl-上海-静安大悦城-01', 107384, 16352, 9628, 6724, 1513, 654, 392, 180, 97),
('2025-08-31', 'hdl-上海-静安大悦城-01', 108513, 16433, 9990, 6443, 1531, 657, 394, 181, 129),
('2025-09-30', 'hdl-上海-静安大悦城-01', 109647, 16512, 9691, 6821, 1548, 660, 396, 182, 98),
('2025-10-31', 'hdl-上海-静安大悦城-01', 134471, 23157, 14061, 9096, 2491, 926, 556, 255, 114),
('2025-11-30', 'hdl-上海-静安大悦城-01', 81605, 13984, 8197, 5787, 1513, 559, 336, 154, 99),
('2025-12-31', 'hdl-上海-静安大悦城-01', 82728, 14108, 8541, 5567, 1535, 564, 339, 155, 103),
('2026-01-31', 'hdl-上海-静安大悦城-01', 149706, 25751, 15510, 10241, 2634, 1030, 618, 283, 123),
('2026-02-28', 'hdl-上海-静安大悦城-01', 91104, 15586, 9648, 5938, 1583, 623, 374, 171, 107),
('2026-03-31', 'hdl-上海-静安大悦城-01', 92214, 15708, 9433, 6275, 1587, 628, 377, 173, 126),
('2026-04-30', 'hdl-上海-静安大悦城-01', 93474, 15844, 9815, 6029, 1591, 634, 380, 174, 123),
('2026-05-31', 'hdl-上海-静安大悦城-01', 94722, 15977, 9565, 6412, 1594, 639, 383, 176, 114),
('2026-06-30', 'hdl-上海-静安大悦城-01', 95982, 16108, 9950, 6158, 1597, 644, 387, 177, 100),
('2024-01-31', 'hdl-上海-静安大悦城-02', 68779, 10553, 6478, 4075, 967, 422, 253, 116, 113),
('2024-02-29', 'hdl-上海-静安大悦城-02', 69754, 10638, 6352, 4286, 982, 426, 255, 117, 105),
('2024-03-31', 'hdl-上海-静安大悦城-02', 70535, 10705, 6591, 4114, 994, 428, 257, 118, 125),
('2024-04-30', 'hdl-上海-静安大悦城-02', 71417, 10779, 6432, 4347, 1008, 431, 259, 119, 102),
('2024-05-31', 'hdl-上海-静安大悦城-02', 72290, 10850, 6700, 4150, 1021, 434, 260, 119, 123),
('2024-06-30', 'hdl-上海-静安大悦城-02', 73172, 10921, 6536, 4385, 1035, 437, 262, 120, 125),
('2024-07-31', 'hdl-上海-静安大悦城-02', 74046, 10990, 6806, 4184, 1048, 440, 264, 121, 112),
('2024-08-31', 'hdl-上海-静安大悦城-02', 74924, 11058, 6637, 4421, 1062, 442, 265, 122, 115),
('2024-09-30', 'hdl-上海-静安大悦城-02', 75806, 11124, 6465, 4659, 1075, 445, 267, 122, 112),
('2024-10-31', 'hdl-上海-静安大悦城-02', 95113, 16013, 9622, 6391, 1769, 641, 384, 176, 122),
('2024-11-30', 'hdl-上海-静安大悦城-02', 95995, 16081, 9358, 6723, 1786, 643, 386, 177, 105),
('2024-12-31', 'hdl-上海-静安大悦城-02', 96869, 16147, 9732, 6415, 1804, 646, 388, 178, 99),
('2025-01-31', 'hdl-上海-静安大悦城-02', 93447, 15714, 9337, 6377, 1738, 629, 377, 173, 117),
('2025-02-28', 'hdl-上海-静安大悦城-02', 92189, 15417, 9418, 5999, 1716, 617, 370, 170, 129),
('2025-03-31', 'hdl-上海-静安大悦城-02', 91190, 15182, 8994, 6188, 1698, 607, 364, 167, 105),
('2025-04-30', 'hdl-上海-静安大悦城-02', 90056, 14918, 9121, 5797, 1678, 597, 358, 164, 109),
('2025-05-31', 'hdl-上海-静安大悦城-02', 88933, 14658, 8657, 6001, 1658, 586, 352, 161, 122),
('2025-06-30', 'hdl-上海-静安大悦城-02', 87799, 14397, 8776, 5621, 1637, 576, 346, 158, 104),
('2025-07-31', 'hdl-上海-静安大悦城-02', 86675, 14141, 8326, 5815, 1617, 566, 339, 156, 99),
('2025-08-31', 'hdl-上海-静安大悦城-02', 85547, 13885, 8441, 5444, 1597, 555, 333, 153, 115),
('2025-09-30', 'hdl-上海-静安大悦城-02', 84413, 13630, 7999, 5631, 1576, 545, 327, 150, 99),
('2025-10-31', 'hdl-上海-静安大悦城-02', 113589, 16253, 9869, 6384, 1616, 650, 390, 179, 117),
('2025-11-30', 'hdl-上海-静安大悦城-02', 112455, 15996, 9377, 6619, 1600, 640, 384, 176, 106),
('2025-12-31', 'hdl-上海-静安大悦城-02', 111332, 15744, 9531, 6213, 1585, 630, 378, 173, 96),
('2026-01-31', 'hdl-上海-静安大悦城-02', 125916, 20939, 12612, 8327, 2313, 838, 503, 230, 129),
('2026-02-28', 'hdl-上海-静安大悦城-02', 124518, 20823, 12889, 7934, 2285, 833, 500, 229, 101),
('2026-03-31', 'hdl-上海-静安大悦城-02', 123408, 20729, 12448, 8281, 2263, 829, 497, 228, 106),
('2026-04-30', 'hdl-上海-静安大悦城-02', 122148, 20620, 12774, 7846, 2239, 825, 495, 227, 121),
('2026-05-31', 'hdl-上海-静安大悦城-02', 120900, 20509, 12279, 8230, 2214, 820, 492, 226, 118),
('2026-06-30', 'hdl-上海-静安大悦城-02', 119640, 20396, 12599, 7797, 2189, 816, 490, 224, 106),
('2024-01-31', 'hdl-上海-陆家嘴-01', 150679, 23647, 14517, 9130, 2778, 946, 568, 260, 117),
('2024-02-29', 'hdl-上海-陆家嘴-01', 148730, 23479, 14019, 9460, 2742, 939, 563, 258, 101),
('2024-03-31', 'hdl-上海-陆家嘴-01', 147168, 23342, 14372, 8970, 2713, 934, 560, 257, 96),
('2024-04-30', 'hdl-上海-陆家嘴-01', 145404, 23184, 13834, 9350, 2680, 927, 556, 255, 118),
('2024-05-31', 'hdl-上海-陆家嘴-01', 143657, 23025, 14218, 8807, 2647, 921, 553, 253, 119),
('2024-06-30', 'hdl-上海-陆家嘴-01', 141893, 22862, 13683, 9179, 2614, 914, 549, 251, 129),
('2024-07-31', 'hdl-上海-陆家嘴-01', 140146, 22697, 14056, 8641, 2581, 908, 545, 250, 108),
('2024-08-31', 'hdl-上海-陆家嘴-01', 138390, 22528, 13521, 9007, 2547, 901, 541, 248, 119),
('2024-09-30', 'hdl-上海-陆家嘴-01', 136626, 22356, 12993, 9363, 2514, 894, 537, 246, 107),
('2024-10-31', 'hdl-上海-陆家嘴-01', 182011, 25848, 15532, 10316, 2550, 1034, 620, 284, 126),
('2024-11-30', 'hdl-上海-陆家嘴-01', 180247, 25749, 14983, 10766, 2524, 1030, 618, 283, 101),
('2024-12-31', 'hdl-上海-陆家嘴-01', 178500, 25648, 15458, 10190, 2498, 1026, 616, 282, 103),
('2025-01-31', 'hdl-上海-陆家嘴-01', 169312, 24078, 14307, 9771, 2372, 963, 578, 265, 113),
('2025-02-28', 'hdl-上海-陆家嘴-01', 171828, 24596, 15026, 9570, 2406, 984, 590, 271, 98),
('2025-03-31', 'hdl-上海-陆家嘴-01', 173826, 25011, 14817, 10194, 2432, 1000, 600, 275, 101),
('2025-04-30', 'hdl-上海-陆家嘴-01', 176094, 25485, 15582, 9903, 2463, 1019, 612, 280, 112),
('2025-05-31', 'hdl-上海-陆家嘴-01', 178340, 25958, 15331, 10627, 2492, 1038, 623, 286, 126),
('2025-06-30', 'hdl-上海-陆家嘴-01', 180608, 26440, 16118, 10322, 2522, 1058, 635, 291, 100),
('2025-07-31', 'hdl-上海-陆家嘴-01', 182855, 26921, 15851, 11070, 2551, 1077, 646, 296, 103),
('2025-08-31', 'hdl-上海-陆家嘴-01', 185112, 27408, 16661, 10747, 2580, 1096, 658, 301, 111),
('2025-09-30', 'hdl-上海-陆家嘴-01', 187380, 27902, 16376, 11526, 2609, 1116, 670, 307, 103),
('2025-10-31', 'hdl-上海-陆家嘴-01', 237028, 39653, 24077, 15576, 4350, 1586, 952, 436, 104),
('2025-11-30', 'hdl-上海-陆家嘴-01', 239296, 40233, 23585, 16648, 4388, 1609, 966, 443, 110),
('2025-12-31', 'hdl-上海-陆家嘴-01', 241542, 40812, 24708, 16104, 4426, 1632, 979, 449, 127),
('2026-01-31', 'hdl-上海-陆家嘴-01', 263952, 44209, 26627, 17582, 4843, 1768, 1061, 486, 98),
('2026-02-28', 'hdl-上海-陆家嘴-01', 266748, 44926, 27809, 17117, 4890, 1797, 1078, 494, 97),
('2026-03-31', 'hdl-上海-陆家嘴-01', 268968, 45499, 27322, 18177, 4928, 1820, 1092, 500, 110),
('2026-04-30', 'hdl-上海-陆家嘴-01', 271488, 46153, 28592, 17561, 4969, 1846, 1108, 508, 117),
('2026-05-31', 'hdl-上海-陆家嘴-01', 273984, 46805, 28022, 18783, 5010, 1872, 1123, 515, 103),
('2026-06-30', 'hdl-上海-陆家嘴-01', 276504, 47468, 29321, 18147, 5051, 1899, 1139, 522, 111),
('2024-01-31', 'hdl-北京-朝阳合生汇-01', 100010, 14857, 9121, 5736, 1393, 594, 357, 163, 125),
('2024-02-29', 'hdl-北京-朝阳合生汇-01', 99036, 14805, 8840, 5965, 1378, 592, 355, 163, 98),
('2024-03-31', 'hdl-北京-朝阳合生汇-01', 98255, 14761, 9088, 5673, 1365, 590, 354, 162, 102),
('2024-04-30', 'hdl-北京-朝阳合生汇-01', 97373, 14710, 8777, 5933, 1351, 588, 353, 162, 124),
('2024-05-31', 'hdl-北京-朝阳合生汇-01', 96499, 14659, 9052, 5607, 1338, 586, 352, 161, 114),
('2024-06-30', 'hdl-北京-朝阳合生汇-01', 95617, 14605, 8741, 5864, 1323, 584, 351, 161, 113),
('2024-07-31', 'hdl-北京-朝阳合生汇-01', 94744, 14550, 9011, 5539, 1746, 582, 349, 160, 126),
('2024-08-31', 'hdl-北京-朝阳合生汇-01', 93866, 14494, 8699, 5795, 1730, 580, 348, 159, 127),
('2024-09-30', 'hdl-北京-朝阳合生汇-01', 92984, 14436, 8390, 6046, 1714, 577, 346, 159, 100),
('2024-10-31', 'hdl-北京-朝阳合生汇-01', 73676, 12793, 7687, 5106, 1342, 512, 307, 141, 116),
('2024-11-30', 'hdl-北京-朝阳合生汇-01', 72794, 12701, 7391, 5310, 1325, 508, 305, 140, 98),
('2024-12-31', 'hdl-北京-朝阳合生汇-01', 71921, 12609, 7599, 5010, 1307, 504, 303, 139, 105),
('2025-01-31', 'hdl-北京-朝阳合生汇-01', 106936, 18589, 11046, 7543, 1948, 744, 446, 204, 121),
('2025-02-28', 'hdl-北京-朝阳合生汇-01', 108194, 18909, 11552, 7357, 1968, 756, 454, 208, 109),
('2025-03-31', 'hdl-北京-朝阳合生汇-01', 109193, 19164, 11353, 7811, 1984, 767, 460, 211, 98),
('2025-04-30', 'hdl-北京-朝阳合生汇-01', 110327, 19456, 11895, 7561, 2002, 778, 467, 214, 121),
('2025-05-31', 'hdl-北京-朝阳合生汇-01', 111451, 19747, 11663, 8084, 2020, 790, 474, 217, 116),
('2025-06-30', 'hdl-北京-朝阳合生汇-01', 112585, 20042, 12218, 7824, 2037, 802, 481, 220, 98),
('2025-07-31', 'hdl-北京-朝阳合生汇-01', 113708, 20337, 11974, 8363, 2055, 813, 488, 224, 104),
('2025-08-31', 'hdl-北京-朝阳合生汇-01', 114836, 20635, 12544, 8091, 2072, 825, 495, 227, 122),
('2025-09-30', 'hdl-北京-朝阳合生汇-01', 115970, 16297, 9565, 6732, 1626, 652, 391, 179, 111),
('2025-10-31', 'hdl-北京-朝阳合生汇-01', 86794, 13793, 8375, 5418, 1600, 552, 331, 152, 129),
('2025-11-30', 'hdl-北京-朝阳合生汇-01', 87928, 14047, 8234, 5813, 1620, 562, 337, 155, 97),
('2025-12-31', 'hdl-北京-朝阳合生汇-01', 89051, 14301, 8658, 5643, 1641, 572, 343, 157, 106),
('2026-01-31', 'hdl-北京-朝阳合生汇-01', 96732, 15391, 9270, 6121, 1786, 616, 369, 169, 109),
('2026-02-28', 'hdl-北京-朝阳合生汇-01', 98130, 15705, 9721, 5984, 1834, 628, 377, 173, 101),
('2026-03-31', 'hdl-北京-朝阳合生汇-01', 99240, 15956, 9582, 6374, 1872, 638, 383, 176, 97),
('2026-04-30', 'hdl-北京-朝阳合生汇-01', 100500, 16243, 10063, 6180, 1916, 650, 390, 179, 108),
('2026-05-31', 'hdl-北京-朝阳合生汇-01', 101748, 16530, 9897, 6633, 1960, 661, 397, 182, 95),
('2026-06-30', 'hdl-北京-朝阳合生汇-01', 103008, 16821, 10390, 6431, 2005, 673, 404, 185, 97),
('2024-01-31', 'hdl-北京-朝阳合生汇-02', 94303, 16756, 10287, 6469, 1708, 670, 402, 184, 119),
('2024-02-29', 'hdl-北京-朝阳合生汇-02', 93328, 16670, 9954, 6716, 1687, 667, 400, 183, 104),
('2024-03-31', 'hdl-北京-朝阳合生汇-02', 92547, 16599, 10220, 6379, 1671, 664, 398, 183, 107),
('2024-04-30', 'hdl-北京-朝阳合生汇-02', 91665, 12851, 7668, 5183, 1285, 514, 308, 141, 107),
('2024-05-31', 'hdl-北京-朝阳合生汇-02', 90791, 12804, 7906, 4898, 1273, 512, 307, 141, 95),
('2024-06-30', 'hdl-北京-朝阳合生汇-02', 89909, 12755, 7634, 5121, 1260, 510, 306, 140, 106),
('2024-07-31', 'hdl-北京-朝阳合生汇-02', 89036, 12705, 7868, 4837, 1247, 508, 305, 140, 97),
('2024-08-31', 'hdl-北京-朝阳合生汇-02', 88158, 12654, 7595, 5059, 1234, 506, 304, 139, 117),
('2024-09-30', 'hdl-北京-朝阳合生汇-02', 87276, 12601, 7324, 5277, 1221, 504, 302, 139, 97),
('2024-10-31', 'hdl-北京-朝阳合生汇-02', 67969, 11063, 6648, 4415, 1251, 443, 266, 122, 115),
('2024-11-30', 'hdl-北京-朝阳合生汇-02', 67087, 10976, 6387, 4589, 1234, 439, 263, 121, 112),
('2024-12-31', 'hdl-北京-朝阳合生汇-02', 66213, 10888, 6562, 4326, 1218, 436, 261, 120, 98),
('2025-01-31', 'hdl-北京-朝阳合生汇-02', 87124, 14198, 8436, 5762, 1604, 568, 341, 156, 123),
('2025-02-28', 'hdl-北京-朝阳合生汇-02', 85865, 14073, 8597, 5476, 1580, 563, 338, 155, 103),
('2025-03-31', 'hdl-北京-朝阳合生汇-02', 84866, 13972, 8277, 5695, 1561, 559, 335, 154, 104),
('2025-04-30', 'hdl-北京-朝阳合生汇-02', 83732, 13855, 8471, 5384, 1539, 554, 333, 152, 123),
('2025-05-31', 'hdl-北京-朝阳合生汇-02', 82609, 13738, 8114, 5624, 1517, 550, 330, 151, 116),
('2025-06-30', 'hdl-北京-朝阳合生汇-02', 81475, 13618, 8302, 5316, 1495, 545, 327, 150, 111),
('2025-07-31', 'hdl-北京-朝阳合生汇-02', 134352, 22568, 13288, 9280, 2464, 903, 542, 248, 98),
('2025-08-31', 'hdl-北京-朝阳合生汇-02', 133223, 22490, 13672, 8818, 2442, 900, 540, 247, 129),
('2025-09-30', 'hdl-北京-朝阳合生汇-02', 132089, 22409, 13152, 9257, 2419, 896, 538, 246, 98),
('2025-10-31', 'hdl-北京-朝阳合生汇-02', 107266, 15880, 9642, 6238, 1495, 635, 381, 175, 115),
('2025-11-30', 'hdl-北京-朝阳合生汇-02', 106132, 15801, 9263, 6538, 1478, 632, 379, 174, 99),
('2025-12-31', 'hdl-北京-朝阳合生汇-02', 105008, 15721, 9517, 6204, 1460, 629, 377, 173, 103),
('2026-01-31', 'hdl-北京-朝阳合生汇-02', 118890, 20421, 12300, 8121, 2203, 817, 490, 225, 122),
('2026-02-28', 'hdl-北京-朝阳合生汇-02', 117492, 20071, 12424, 7647, 2180, 803, 482, 221, 108),
('2026-03-31', 'hdl-北京-朝阳合生汇-02', 116382, 19796, 11887, 7909, 2161, 792, 475, 218, 126),
('2026-04-30', 'hdl-北京-朝阳合生汇-02', 115122, 19485, 12071, 7414, 2139, 779, 468, 214, 123),
('2026-05-31', 'hdl-北京-朝阳合生汇-02', 113874, 19179, 11482, 7697, 2117, 767, 460, 211, 114),
('2026-06-30', 'hdl-北京-朝阳合生汇-02', 112614, 18872, 11657, 7215, 2095, 755, 453, 208, 100),
('2024-01-31', 'hdl-北京-西单大悦城-01', 165404, 24799, 15224, 9575, 2338, 992, 595, 273, 122),
('2024-02-29', 'hdl-北京-西单大悦城-01', 167353, 24936, 14889, 10047, 2368, 997, 598, 274, 101),
('2024-03-31', 'hdl-北京-西单大悦城-01', 168916, 25043, 15419, 9624, 2392, 1002, 601, 275, 110),
('2024-04-30', 'hdl-北京-西单大悦城-01', 170680, 25162, 15014, 10148, 2419, 1006, 604, 277, 104),
('2024-05-31', 'hdl-北京-西单大悦城-01', 172427, 25276, 15608, 9668, 2446, 1011, 607, 278, 98),
('2024-06-30', 'hdl-北京-西单大悦城-01', 174191, 25388, 15195, 10193, 2473, 1016, 609, 279, 109),
('2024-07-31', 'hdl-北京-西单大悦城-01', 175938, 25496, 15790, 9706, 2499, 1020, 612, 280, 129),
('2024-08-31', 'hdl-北京-西单大悦城-01', 177694, 25602, 15366, 10236, 2526, 1024, 614, 282, 120),
('2024-09-30', 'hdl-北京-西单大悦城-01', 179458, 25706, 14940, 10766, 2552, 1028, 617, 283, 129),
('2024-10-31', 'hdl-北京-西单大悦城-01', 134072, 22102, 13281, 8821, 2499, 884, 530, 243, 112),
('2024-11-30', 'hdl-北京-西单大悦城-01', 135836, 22279, 12964, 9315, 2533, 891, 535, 245, 101),
('2024-12-31', 'hdl-北京-西单大悦城-01', 137584, 22451, 13531, 8920, 2567, 898, 539, 247, 101),
('2025-01-31', 'hdl-北京-西单大悦城-01', 259092, 37446, 22250, 15196, 3624, 1498, 899, 412, 124),
('2025-02-28', 'hdl-北京-西单大悦城-01', 256576, 37322, 22800, 14522, 3586, 1493, 896, 411, 106),
('2025-03-31', 'hdl-北京-西单大悦城-01', 254578, 37219, 22049, 15170, 3555, 1489, 893, 409, 101),
('2025-04-30', 'hdl-北京-西单大悦城-01', 252310, 37100, 22683, 14417, 3520, 1484, 890, 408, 126),
('2025-05-31', 'hdl-北京-西单大悦城-01', 250063, 36977, 21839, 15138, 3486, 1479, 887, 407, 113),
('2025-06-30', 'hdl-北京-西单大悦城-01', 247795, 36850, 22464, 14386, 3450, 1474, 884, 405, 114),
('2025-07-31', 'hdl-北京-西单大悦城-01', 245549, 36720, 21621, 15099, 3415, 1469, 881, 404, 100),
('2025-08-31', 'hdl-北京-西单大悦城-01', 243292, 36586, 22241, 14345, 3380, 1463, 878, 402, 126),
('2025-09-30', 'hdl-北京-西单大悦城-01', 241024, 36448, 21391, 15057, 3344, 1458, 875, 401, 101),
('2025-10-31', 'hdl-北京-西单大悦城-01', 191376, 32459, 19709, 12750, 3504, 1298, 779, 357, 118),
('2025-11-30', 'hdl-北京-西单大悦城-01', 189108, 32233, 18895, 13338, 3460, 1289, 774, 355, 96),
('2025-12-31', 'hdl-北京-西单大悦城-01', 186862, 32006, 19376, 12630, 3415, 1280, 768, 352, 110),
('2026-01-31', 'hdl-北京-西单大悦城-01', 212052, 36007, 21687, 14320, 3882, 1440, 864, 396, 120),
('2026-02-28', 'hdl-北京-西单大悦城-01', 209256, 35728, 22116, 13612, 3827, 1429, 857, 393, 105),
('2026-03-31', 'hdl-北京-西单大悦城-01', 207036, 35502, 21319, 14183, 3783, 1420, 852, 391, 129),
('2026-04-30', 'hdl-北京-西单大悦城-01', 204516, 35241, 21832, 13409, 3733, 1410, 846, 388, 120),
('2026-05-31', 'hdl-北京-西单大悦城-01', 202020, 34979, 20942, 14037, 3684, 1399, 839, 385, 117),
('2026-06-30', 'hdl-北京-西单大悦城-01', 199500, 34711, 21441, 13270, 3634, 1388, 833, 382, 97),
('2024-01-31', 'hdl-深圳-万象天地-01', 92282, 14014, 8603, 5411, 1301, 561, 336, 154, 115),
('2024-02-29', 'hdl-深圳-万象天地-01', 91308, 13781, 8229, 5552, 1289, 551, 331, 152, 107),
('2024-03-31', 'hdl-深圳-万象天地-01', 90527, 13596, 8371, 5225, 1279, 544, 326, 150, 104),
('2024-04-30', 'hdl-深圳-万象天地-01', 89645, 13388, 7989, 5399, 1268, 536, 321, 147, 115),
('2024-05-31', 'hdl-深圳-万象天地-01', 88771, 13184, 8141, 5043, 1257, 527, 316, 145, 124),
('2024-06-30', 'hdl-深圳-万象天地-01', 87889, 12979, 7768, 5211, 1246, 519, 311, 143, 103),
('2024-07-31', 'hdl-深圳-万象天地-01', 87016, 12777, 7913, 4864, 1234, 511, 307, 141, 100),
('2024-08-31', 'hdl-深圳-万象天地-01', 86138, 12576, 7548, 5028, 1223, 503, 302, 138, 114),
('2024-09-30', 'hdl-深圳-万象天地-01', 85256, 12376, 7193, 5183, 1211, 495, 297, 136, 100),
('2024-10-31', 'hdl-深圳-万象天地-01', 65948, 10999, 6609, 4390, 1228, 440, 264, 121, 107),
('2024-11-30', 'hdl-深圳-万象天地-01', 65066, 10797, 6283, 4514, 1212, 432, 259, 119, 107),
('2024-12-31', 'hdl-深圳-万象天地-01', 64193, 10599, 6388, 4211, 1197, 424, 254, 117, 130),
('2025-01-31', 'hdl-深圳-万象天地-01', 84526, 14080, 8366, 5714, 1383, 563, 338, 155, 95),
('2025-02-28', 'hdl-深圳-万象天地-01', 83268, 13793, 8426, 5367, 1345, 552, 331, 152, 100),
('2025-03-31', 'hdl-深圳-万象天地-01', 82269, 13567, 8037, 5530, 1315, 543, 326, 149, 107),
('2025-04-30', 'hdl-深圳-万象天地-01', 81135, 13312, 8139, 5173, 1282, 532, 319, 146, 120),
('2025-05-31', 'hdl-深圳-万象天地-01', 134012, 21876, 12920, 8956, 2094, 875, 525, 241, 106),
('2025-06-30', 'hdl-深圳-万象天地-01', 132878, 21579, 13155, 8424, 2052, 863, 518, 237, 108),
('2025-07-31', 'hdl-深圳-万象天地-01', 131755, 21287, 12534, 8753, 2011, 851, 511, 234, 129),
('2025-08-31', 'hdl-深圳-万象天地-01', 130626, 20995, 12763, 8232, 1970, 840, 504, 231, 97),
('2025-09-30', 'hdl-深圳-万象天地-01', 129492, 20704, 12151, 8553, 1930, 828, 497, 228, 130),
('2025-10-31', 'hdl-深圳-万象天地-01', 104668, 17551, 10657, 6894, 1920, 702, 421, 193, 111),
('2025-11-30', 'hdl-深圳-万象天地-01', 103534, 17448, 10228, 7220, 1898, 698, 419, 192, 123),
('2025-12-31', 'hdl-深圳-万象天地-01', 102411, 17344, 10500, 6844, 1876, 694, 416, 191, 116),
('2026-01-31', 'hdl-深圳-万象天地-01', 116004, 19475, 11730, 7745, 2128, 779, 467, 214, 99),
('2026-02-28', 'hdl-深圳-万象天地-01', 114606, 19347, 11976, 7371, 2100, 774, 464, 213, 111),
('2026-03-31', 'hdl-深圳-万象天地-01', 113496, 19243, 11555, 7688, 2078, 770, 462, 212, 123),
('2026-04-30', 'hdl-深圳-万象天地-01', 112236, 19124, 11847, 7277, 2053, 765, 459, 210, 126),
('2026-05-31', 'hdl-深圳-万象天地-01', 110988, 19004, 11378, 7626, 2029, 760, 456, 209, 111),
('2026-06-30', 'hdl-深圳-万象天地-01', 109728, 18880, 11662, 7218, 2004, 755, 453, 208, 122),
('2024-01-31', 'hdl-深圳-万象天地-02', 81425, 13250, 8134, 5116, 1519, 530, 318, 146, 116),
('2024-02-29', 'hdl-深圳-万象天地-02', 82400, 13333, 7961, 5372, 1538, 533, 320, 147, 102),
('2024-03-31', 'hdl-深圳-万象天地-02', 83181, 13397, 8249, 5148, 1553, 536, 322, 147, 97),
('2024-04-30', 'hdl-深圳-万象天地-02', 84063, 13469, 8037, 5432, 1570, 539, 323, 148, 117),
('2024-05-31', 'hdl-深圳-万象天地-02', 84937, 13538, 8360, 5178, 1586, 542, 325, 149, 121),
('2024-06-30', 'hdl-深圳-万象天地-02', 85819, 13606, 8143, 5463, 1603, 544, 327, 150, 128),
('2024-07-31', 'hdl-深圳-万象天地-02', 86692, 13673, 8468, 5205, 1619, 547, 328, 150, 109),
('2024-08-31', 'hdl-深圳-万象天地-02', 87570, 13738, 8246, 5492, 1636, 550, 330, 151, 108),
('2024-09-30', 'hdl-深圳-万象天地-02', 88452, 13802, 8022, 5780, 1652, 552, 331, 152, 106),
('2024-10-31', 'hdl-深圳-万象天地-02', 65759, 11682, 7020, 4662, 1209, 467, 280, 129, 125),
('2024-11-30', 'hdl-深圳-万象天地-02', 66641, 11783, 6857, 4926, 1227, 471, 283, 130, 102),
('2024-12-31', 'hdl-深圳-万象天地-02', 67515, 11881, 7161, 4720, 1244, 475, 285, 131, 101),
('2025-01-31', 'hdl-深圳-万象天地-02', 84812, 14565, 8655, 5910, 1549, 583, 350, 160, 114),
('2025-02-28', 'hdl-深圳-万象天地-02', 86071, 14861, 9079, 5782, 1570, 594, 357, 163, 97),
('2025-03-31', 'hdl-深圳-万象天地-02', 87070, 15098, 8944, 6154, 1587, 604, 362, 166, 102),
('2025-04-30', 'hdl-深圳-万象天地-02', 88204, 15369, 9397, 5972, 1606, 615, 369, 169, 113),
('2025-05-31', 'hdl-深圳-万象天地-02', 89327, 15639, 9236, 6403, 1624, 626, 375, 172, 125),
('2025-06-30', 'hdl-深圳-万象天地-02', 90461, 15913, 9701, 6212, 1643, 637, 382, 175, 101),
('2025-07-31', 'hdl-深圳-万象天地-02', 91584, 16187, 9531, 6656, 1661, 647, 388, 178, 102),
('2025-08-31', 'hdl-深圳-万象天地-02', 92713, 16464, 10008, 6456, 1679, 659, 395, 181, 112),
('2025-09-30', 'hdl-深圳-万象天地-02', 93847, 16744, 9827, 6917, 1697, 670, 402, 184, 123),
('2025-10-31', 'hdl-深圳-万象天地-02', 118670, 18608, 11299, 7309, 2188, 744, 447, 205, 105),
('2025-11-30', 'hdl-深圳-万象天地-02', 119804, 18887, 11072, 7815, 2209, 755, 453, 208, 109),
('2025-12-31', 'hdl-深圳-万象天地-02', 120928, 19165, 11602, 7563, 2229, 767, 460, 211, 128),
('2026-01-31', 'hdl-深圳-万象天地-02', 107850, 16933, 10199, 6734, 1988, 677, 406, 186, 97),
('2026-02-28', 'hdl-深圳-万象天地-02', 106452, 16813, 10407, 6406, 1962, 673, 404, 185, 98),
('2026-03-31', 'hdl-深圳-万象天地-02', 105342, 16715, 10037, 6678, 1942, 669, 401, 184, 109),
('2026-04-30', 'hdl-深圳-万象天地-02', 104082, 16603, 10286, 6317, 1918, 664, 398, 183, 118),
('2026-05-31', 'hdl-深圳-万象天地-02', 102834, 16489, 9872, 6617, 1895, 660, 396, 181, 105),
('2026-06-30', 'hdl-深圳-万象天地-02', 101574, 16373, 10114, 6259, 1871, 655, 393, 180, 109),
('2024-01-31', 'hdl-深圳-福田coco-01', 170050, 24316, 14928, 9388, 2419, 973, 584, 267, 125),
('2024-02-29', 'hdl-深圳-福田coco-01', 171998, 24435, 14590, 9845, 2448, 977, 586, 269, 128),
('2024-03-31', 'hdl-深圳-福田coco-01', 173561, 24528, 15102, 9426, 2471, 981, 589, 270, 102),
('2024-04-30', 'hdl-深圳-福田coco-01', 175325, 24630, 14697, 9933, 2496, 985, 591, 271, 126),
('2024-05-31', 'hdl-深圳-福田coco-01', 177072, 31811, 19643, 12168, 3244, 1272, 763, 350, 111),
('2024-06-30', 'hdl-深圳-福田coco-01', 178836, 31977, 19138, 12839, 3281, 1279, 767, 352, 102),
('2024-07-31', 'hdl-深圳-福田coco-01', 180583, 32139, 19904, 12235, 3318, 1286, 771, 354, 100),
('2024-08-31', 'hdl-深圳-福田coco-01', 182339, 32300, 19386, 12914, 3355, 1292, 775, 355, 127),
('2024-09-30', 'hdl-深圳-福田coco-01', 184103, 32457, 18864, 13593, 3392, 1298, 779, 357, 115),
('2024-10-31', 'hdl-深圳-福田coco-01', 138718, 21905, 13163, 8742, 2591, 876, 526, 241, 99),
('2024-11-30', 'hdl-深圳-福田coco-01', 140482, 22066, 12840, 9226, 2624, 883, 530, 243, 128),
('2024-12-31', 'hdl-深圳-福田coco-01', 142229, 22222, 13393, 8829, 2656, 889, 533, 244, 111),
('2025-01-31', 'hdl-深圳-福田coco-01', 253120, 38340, 22782, 15558, 3511, 1534, 920, 422, 105),
('2025-02-28', 'hdl-深圳-福田coco-01', 250603, 38192, 23331, 14861, 3471, 1528, 917, 420, 106),
('2025-03-31', 'hdl-深圳-福田coco-01', 248605, 38071, 22553, 15518, 3438, 1523, 914, 419, 128),
('2025-04-30', 'hdl-深圳-福田coco-01', 246337, 37931, 23191, 14740, 4540, 1517, 910, 417, 121),
('2025-05-31', 'hdl-深圳-福田coco-01', 244091, 37788, 22318, 15470, 4499, 1512, 907, 416, 99),
('2025-06-30', 'hdl-深圳-福田coco-01', 241823, 37640, 22945, 14695, 4458, 1506, 903, 414, 127),
('2025-07-31', 'hdl-深圳-福田coco-01', 239576, 37490, 22074, 15416, 4417, 1500, 900, 412, 111),
('2025-08-31', 'hdl-深圳-福田coco-01', 237319, 37335, 22696, 14639, 4375, 1493, 896, 411, 103),
('2025-09-30', 'hdl-深圳-福田coco-01', 235051, 37176, 21819, 15357, 4333, 1487, 892, 409, 111),
('2025-10-31', 'hdl-深圳-福田coco-01', 185404, 32733, 19875, 12858, 3364, 1309, 786, 360, 96),
('2025-11-30', 'hdl-深圳-福田coco-01', 183136, 32486, 19043, 13443, 3318, 1299, 780, 357, 118),
('2025-12-31', 'hdl-深圳-福田coco-01', 180889, 32238, 19517, 12721, 3272, 1290, 774, 355, 119),
('2026-01-31', 'hdl-深圳-福田coco-01', 205416, 36306, 21867, 14439, 3725, 1452, 871, 399, 106),
('2026-02-28', 'hdl-深圳-福田coco-01', 202620, 36001, 22285, 13716, 3669, 1440, 864, 396, 124),
('2026-03-31', 'hdl-深圳-福田coco-01', 200400, 35755, 21471, 14284, 3624, 1430, 858, 393, 118),
('2026-04-30', 'hdl-深圳-福田coco-01', 197880, 35471, 21974, 13497, 3573, 1419, 851, 390, 109),
('2026-05-31', 'hdl-深圳-福田coco-01', 195384, 27371, 16387, 10984, 2740, 1095, 657, 301, 130),
('2026-06-30', 'hdl-深圳-福田coco-01', 192864, 27180, 16789, 10391, 2704, 1087, 652, 299, 118),
('2024-01-31', 'hdl-成都-春熙路-01', 85726, 15057, 9243, 5814, 1581, 602, 361, 166, 119),
('2024-02-29', 'hdl-成都-春熙路-01', 84752, 14807, 8841, 5966, 1565, 592, 355, 163, 121),
('2024-03-31', 'hdl-成都-春熙路-01', 83971, 14608, 8994, 5614, 1552, 584, 351, 161, 109),
('2024-04-30', 'hdl-成都-春熙路-01', 83089, 14385, 8584, 5801, 1537, 575, 345, 158, 118),
('2024-05-31', 'hdl-成都-春熙路-01', 82215, 14165, 8747, 5418, 1523, 567, 340, 156, 120),
('2024-06-30', 'hdl-成都-春熙路-01', 81333, 13945, 8346, 5599, 1508, 558, 335, 153, 106),
('2024-07-31', 'hdl-成都-春熙路-01', 80459, 13728, 8502, 5226, 1493, 549, 329, 151, 128),
('2024-08-31', 'hdl-成都-春熙路-01', 79582, 13512, 8110, 5402, 1478, 540, 324, 149, 98),
('2024-09-30', 'hdl-成都-春熙路-01', 78700, 13296, 7728, 5568, 1463, 532, 319, 146, 128),
('2024-10-31', 'hdl-成都-春熙路-01', 101392, 15265, 9173, 6092, 1432, 611, 366, 168, 110),
('2024-11-30', 'hdl-成都-春熙路-01', 100510, 15048, 8756, 6292, 1421, 602, 361, 166, 104),
('2024-12-31', 'hdl-成都-春熙路-01', 99637, 14834, 8940, 5894, 1410, 593, 356, 163, 98),
('2025-01-31', 'hdl-成都-春熙路-01', 125302, 18840, 11195, 7645, 1770, 754, 452, 207, 127),
('2025-02-28', 'hdl-成都-春熙路-01', 126560, 18912, 11553, 7359, 1790, 756, 454, 208, 103),
('2025-03-31', 'hdl-成都-春熙路-01', 127559, 18966, 11235, 7731, 1806, 759, 455, 209, 121),
('2025-04-30', 'hdl-成都-春熙路-01', 128693, 19027, 11633, 7394, 1823, 761, 457, 209, 128),
('2025-05-31', 'hdl-成都-春熙路-01', 129816, 19085, 11272, 7813, 1841, 763, 458, 210, 109),
('2025-06-30', 'hdl-成都-春熙路-01', 130950, 19142, 11669, 7473, 1858, 766, 459, 211, 104),
('2025-07-31', 'hdl-成都-春熙路-01', 132073, 19196, 11303, 7893, 1876, 768, 461, 211, 98),
('2025-08-31', 'hdl-成都-春熙路-01', 133202, 19249, 11701, 7548, 1893, 770, 462, 212, 96),
('2025-09-30', 'hdl-成都-春熙路-01', 134336, 19300, 11327, 7973, 1910, 772, 463, 212, 117),
('2025-10-31', 'hdl-成都-春熙路-01', 105160, 17381, 10554, 6827, 1960, 695, 417, 191, 101),
('2025-11-30', 'hdl-成都-春熙路-01', 106294, 17479, 10246, 7233, 1982, 699, 419, 192, 126),
('2025-12-31', 'hdl-成都-春熙路-01', 107417, 17574, 10639, 6935, 2004, 703, 422, 193, 113),
('2026-01-31', 'hdl-成都-春熙路-01', 117138, 19338, 11647, 7691, 1878, 774, 464, 213, 103),
('2026-02-28', 'hdl-成都-春熙路-01', 118536, 19458, 12045, 7413, 1876, 778, 467, 214, 108),
('2026-03-31', 'hdl-成都-春熙路-01', 119646, 19552, 11741, 7811, 1874, 782, 469, 215, 126),
('2026-04-30', 'hdl-成都-春熙路-01', 120906, 19656, 12177, 7479, 1871, 786, 472, 216, 102),
('2026-05-31', 'hdl-成都-春熙路-01', 122154, 19757, 11829, 7928, 1869, 790, 474, 217, 101),
('2026-06-30', 'hdl-成都-春熙路-01', 123414, 19857, 12266, 7591, 1866, 794, 477, 218, 125),
('2024-01-31', 'hdl-成都-春熙路-02', 87982, 12890, 7913, 4977, 1248, 516, 309, 142, 112),
('2024-02-29', 'hdl-成都-春熙路-02', 88956, 12951, 7733, 5218, 1263, 518, 311, 142, 110),
('2024-03-31', 'hdl-成都-春熙路-02', 89737, 12998, 8003, 4995, 1275, 520, 312, 143, 101),
('2024-04-30', 'hdl-成都-春熙路-02', 90619, 13049, 7786, 5263, 1288, 522, 313, 144, 113),
('2024-05-31', 'hdl-成都-春熙路-02', 91493, 13099, 8089, 5010, 1301, 524, 314, 144, 124),
('2024-06-30', 'hdl-成都-春熙路-02', 92375, 13148, 7869, 5279, 1314, 526, 316, 145, 100),
('2024-07-31', 'hdl-成都-春熙路-02', 93248, 13194, 8171, 5023, 1327, 528, 317, 145, 104),
('2024-08-31', 'hdl-成都-春熙路-02', 94126, 13240, 7947, 5293, 1340, 530, 318, 146, 111),
('2024-09-30', 'hdl-成都-春熙路-02', 95008, 17084, 9929, 7155, 1740, 683, 410, 188, 103),
('2024-10-31', 'hdl-成都-春熙路-02', 72316, 11674, 7015, 4659, 1350, 467, 280, 128, 121),
('2024-11-30', 'hdl-成都-春熙路-02', 73198, 11755, 6840, 4915, 1367, 470, 282, 129, 110),
('2024-12-31', 'hdl-成都-春熙路-02', 74071, 11834, 7132, 4702, 1383, 473, 284, 130, 127),
('2025-01-31', 'hdl-成都-春熙路-02', 122758, 19793, 11761, 8032, 2292, 792, 475, 218, 98),
('2025-02-28', 'hdl-成都-春熙路-02', 121500, 19477, 11898, 7579, 2269, 779, 467, 214, 97),
('2025-03-31', 'hdl-成都-春熙路-02', 120501, 19228, 11391, 7837, 2251, 769, 461, 212, 110),
('2025-04-30', 'hdl-成都-春熙路-02', 119367, 18946, 11584, 7362, 2229, 758, 455, 208, 117),
('2025-05-31', 'hdl-成都-春熙路-02', 118244, 18670, 11027, 7643, 2209, 747, 448, 205, 122),
('2025-06-30', 'hdl-成都-春熙路-02', 117110, 18392, 11212, 7180, 2187, 736, 441, 202, 105),
('2025-07-31', 'hdl-成都-春熙路-02', 115987, 18119, 10668, 7451, 2166, 725, 435, 199, 126),
('2025-08-31', 'hdl-成都-春熙路-02', 114858, 17847, 10849, 6998, 1609, 714, 428, 196, 100),
('2025-09-30', 'hdl-成都-春熙路-02', 113724, 17575, 10315, 7260, 1596, 703, 422, 193, 127),
('2025-10-31', 'hdl-成都-春熙路-02', 88900, 15660, 9509, 6151, 1638, 626, 376, 172, 108),
('2025-11-30', 'hdl-成都-春熙路-02', 87766, 15387, 9020, 6367, 1619, 615, 369, 169, 105),
('2025-12-31', 'hdl-成都-春熙路-02', 86643, 15118, 9152, 5966, 1600, 605, 363, 166, 119),
('2026-01-31', 'hdl-成都-春熙路-02', 98484, 17060, 10275, 6785, 1796, 682, 409, 188, 129),
('2026-02-28', 'hdl-成都-春熙路-02', 97086, 16908, 10466, 6442, 1768, 676, 406, 186, 114),
('2026-03-31', 'hdl-成都-春熙路-02', 95976, 16786, 10080, 6706, 1746, 671, 403, 185, 120),
('2026-04-30', 'hdl-成都-春熙路-02', 94716, 16645, 10312, 6333, 1721, 666, 399, 183, 129),
('2026-05-31', 'hdl-成都-春熙路-02', 93468, 16503, 9880, 6623, 1696, 660, 396, 182, 108),
('2026-06-30', 'hdl-成都-春熙路-02', 92208, 16358, 10104, 6254, 1670, 654, 393, 180, 106),
('2024-01-31', 'hdl-成都-太古里-01', 164203, 24683, 15153, 9530, 2320, 987, 592, 272, 121),
('2024-02-29', 'hdl-成都-太古里-01', 166152, 24822, 14821, 10001, 2350, 993, 596, 273, 124),
('2024-03-31', 'hdl-成都-太古里-01', 167714, 24930, 15349, 9581, 2374, 997, 598, 274, 106),
('2024-04-30', 'hdl-成都-太古里-01', 169478, 25050, 14947, 10103, 2401, 1002, 601, 276, 121),
('2024-05-31', 'hdl-成都-太古里-01', 171226, 25166, 15540, 9626, 2428, 1007, 604, 277, 118),
('2024-06-30', 'hdl-成都-太古里-01', 172990, 25280, 15130, 10150, 2455, 1011, 607, 278, 109),
('2024-07-31', 'hdl-成都-太古里-01', 174737, 25390, 15724, 9666, 2482, 1016, 609, 279, 95),
('2024-08-31', 'hdl-成都-太古里-01', 176492, 25497, 15303, 10194, 2508, 1020, 612, 280, 96),
('2024-09-30', 'hdl-成都-太古里-01', 178256, 25603, 14880, 10723, 2535, 1024, 614, 282, 96),
('2024-10-31', 'hdl-成都-太古里-01', 132871, 21956, 13193, 8763, 2476, 878, 527, 242, 113),
('2024-11-30', 'hdl-成都-太古里-01', 134635, 22134, 12880, 9254, 2510, 885, 531, 243, 101),
('2024-12-31', 'hdl-成都-太古里-01', 136382, 22308, 13445, 8863, 2544, 892, 535, 245, 101),
('2025-01-31', 'hdl-成都-太古里-01', 171364, 28283, 16806, 11477, 3194, 1131, 679, 311, 124),
('2025-02-28', 'hdl-成都-太古里-01', 173880, 28536, 17433, 11103, 3243, 1141, 685, 314, 106),
('2025-03-31', 'hdl-成都-太古里-01', 175878, 28734, 17022, 11712, 3281, 1149, 690, 316, 124),
('2025-04-30', 'hdl-成都-太古里-01', 178146, 28954, 17702, 11252, 3324, 1158, 695, 318, 125),
('2025-05-31', 'hdl-成都-太古里-01', 180392, 29169, 17227, 11942, 3367, 1167, 700, 321, 112),
('2025-06-30', 'hdl-成都-太古里-01', 182660, 29383, 17912, 11471, 3411, 1175, 705, 323, 102),
('2025-07-31', 'hdl-成都-太古里-01', 184907, 29590, 17423, 12167, 3453, 1184, 710, 325, 100),
('2025-08-31', 'hdl-成都-太古里-01', 187164, 29795, 18112, 11683, 3496, 1192, 715, 328, 99),
('2025-09-30', 'hdl-成都-太古里-01', 189432, 29997, 17605, 12392, 3538, 1200, 720, 330, 115),
('2025-10-31', 'hdl-成都-太古里-01', 239080, 43026, 26125, 16901, 4378, 1721, 1033, 473, 98),
('2025-11-30', 'hdl-成都-太古里-01', 241348, 43231, 25342, 17889, 4426, 1729, 1038, 476, 129),
('2025-12-31', 'hdl-成都-太古里-01', 243594, 43431, 26293, 17138, 4473, 1737, 1042, 478, 110),
('2026-01-31', 'hdl-成都-太古里-01', 266232, 45104, 27166, 17938, 4876, 1804, 1082, 496, 105),
('2026-02-28', 'hdl-成都-太古里-01', 269028, 45828, 28368, 17460, 4922, 1833, 1100, 504, 105),
('2026-03-31', 'hdl-成都-太古里-01', 271248, 46407, 27867, 18540, 4959, 1856, 1114, 510, 129),
('2026-04-30', 'hdl-成都-太古里-01', 273768, 47068, 29159, 17909, 5000, 1883, 1130, 518, 105),
('2026-05-31', 'hdl-成都-太古里-01', 276264, 47727, 28574, 19153, 5040, 1909, 1145, 525, 99),
('2026-06-30', 'hdl-成都-太古里-01', 278784, 48397, 29895, 18502, 5080, 1936, 1162, 532, 128),
('2024-01-31', 'hdl-杭州-滨江龙湖-01', 103421, 17739, 10890, 6849, 1808, 710, 426, 195, 127),
('2024-02-29', 'hdl-杭州-滨江龙湖-01', 102446, 17476, 10435, 7041, 1769, 699, 419, 192, 129),
('2024-03-31', 'hdl-杭州-滨江龙湖-01', 101665, 17268, 10632, 6636, 1738, 691, 414, 190, 100),
('2024-04-30', 'hdl-杭州-滨江龙湖-01', 100783, 17033, 10164, 6869, 1704, 681, 409, 187, 126),
('2024-05-31', 'hdl-杭州-滨江龙湖-01', 99910, 16802, 10375, 6427, 1670, 672, 403, 185, 112),
('2024-06-30', 'hdl-杭州-滨江龙湖-01', 99028, 16571, 9918, 6653, 1637, 663, 398, 182, 115),
('2024-07-31', 'hdl-杭州-滨江龙湖-01', 98154, 16343, 10121, 6222, 1604, 654, 392, 180, 101),
('2024-08-31', 'hdl-杭州-滨江龙湖-01', 97276, 16116, 9673, 6443, 1572, 645, 387, 177, 125),
('2024-09-30', 'hdl-杭州-滨江龙湖-01', 96394, 15888, 9234, 6654, 1540, 636, 381, 175, 102),
('2024-10-31', 'hdl-杭州-滨江龙湖-01', 77087, 11289, 6784, 4505, 1277, 452, 271, 124, 118),
('2024-11-30', 'hdl-杭州-滨江龙湖-01', 76205, 11095, 6456, 4639, 1248, 444, 266, 122, 95),
('2024-12-31', 'hdl-杭州-滨江龙湖-01', 75331, 10906, 6573, 4333, 1220, 436, 262, 120, 107),
('2025-01-31', 'hdl-杭州-滨江龙湖-01', 98847, 16106, 9570, 6536, 1819, 644, 387, 177, 119),
('2025-02-28', 'hdl-杭州-滨江龙湖-01', 97589, 15992, 9770, 6222, 1795, 640, 384, 176, 111),
('2025-03-31', 'hdl-杭州-滨江龙湖-01', 96590, 15900, 9419, 6481, 1776, 636, 382, 175, 130),
('2025-04-30', 'hdl-杭州-滨江龙湖-01', 95456, 15793, 9656, 6137, 1754, 632, 379, 174, 119),
('2025-05-31', 'hdl-杭州-滨江龙湖-01', 94333, 15686, 9264, 6422, 1733, 627, 376, 173, 118),
('2025-06-30', 'hdl-杭州-滨江龙湖-01', 93199, 15576, 9495, 6081, 1711, 623, 374, 171, 96),
('2025-07-31', 'hdl-杭州-滨江龙湖-01', 92075, 15465, 9106, 6359, 1689, 619, 371, 170, 106),
('2025-08-31', 'hdl-杭州-滨江龙湖-01', 90947, 15351, 9332, 6019, 1667, 614, 368, 169, 105),
('2025-09-30', 'hdl-杭州-滨江龙湖-01', 89813, 15235, 8941, 6294, 1645, 609, 366, 168, 109),
('2025-10-31', 'hdl-杭州-滨江龙湖-01', 118989, 17613, 10695, 6918, 1658, 705, 423, 194, 127),
('2025-11-30', 'hdl-杭州-滨江龙湖-01', 117855, 17544, 10284, 7260, 1641, 702, 421, 193, 99),
('2025-12-31', 'hdl-杭州-滨江龙湖-01', 116732, 17474, 10579, 6895, 1623, 699, 419, 192, 104),
('2026-01-31', 'hdl-杭州-滨江龙湖-01', 131916, 19552, 11776, 7776, 1838, 782, 469, 215, 111),
('2026-02-28', 'hdl-杭州-滨江龙湖-01', 130518, 19466, 12049, 7417, 1816, 779, 467, 214, 99),
('2026-03-31', 'hdl-杭州-滨江龙湖-01', 129408, 19397, 11648, 7749, 1799, 776, 466, 213, 99),
('2026-04-30', 'hdl-杭州-滨江龙湖-01', 128148, 19315, 11966, 7349, 1779, 773, 464, 212, 110),
('2026-05-31', 'hdl-杭州-滨江龙湖-01', 126900, 19233, 11515, 7718, 1760, 769, 462, 212, 128),
('2026-06-30', 'hdl-杭州-滨江龙湖-01', 125640, 19148, 11828, 7320, 1740, 766, 460, 211, 99),
('2024-01-31', 'hdl-杭州-滨江龙湖-02', 70287, 11723, 7197, 4526, 1290, 469, 281, 129, 121),
('2024-02-29', 'hdl-杭州-滨江龙湖-02', 71261, 11952, 7137, 4815, 1307, 478, 287, 131, 102),
('2024-03-31', 'hdl-杭州-滨江龙湖-02', 72043, 12136, 7472, 4664, 1321, 485, 291, 133, 109),
('2024-04-30', 'hdl-杭州-滨江龙湖-02', 72925, 12346, 7367, 4979, 1336, 494, 296, 136, 105),
('2024-05-31', 'hdl-杭州-滨江龙湖-02', 73798, 12555, 7753, 4802, 1351, 502, 301, 138, 97),
('2024-06-30', 'hdl-杭州-滨江龙湖-02', 74680, 12768, 7642, 5126, 1365, 511, 306, 140, 108),
('2024-07-31', 'hdl-杭州-滨江龙湖-02', 75554, 12980, 8039, 4941, 1380, 519, 312, 143, 95),
('2024-08-31', 'hdl-杭州-滨江龙湖-02', 76432, 13195, 7920, 5275, 1395, 528, 317, 145, 119),
('2024-09-30', 'hdl-杭州-滨江龙湖-02', 77314, 13412, 7795, 5617, 1409, 536, 322, 148, 130),
('2024-10-31', 'hdl-杭州-滨江龙湖-02', 96621, 14674, 8818, 5856, 1339, 587, 352, 161, 113),
('2024-11-30', 'hdl-杭州-滨江龙湖-02', 97503, 14889, 8664, 6225, 1350, 596, 357, 164, 102),
('2024-12-31', 'hdl-杭州-滨江龙湖-02', 98377, 15105, 9104, 6001, 1360, 604, 363, 166, 100),
('2025-01-31', 'hdl-杭州-滨江龙湖-02', 124492, 18931, 11249, 7682, 1725, 757, 454, 208, 125),
('2025-02-28', 'hdl-杭州-滨江龙湖-02', 125750, 19239, 11753, 7486, 1740, 770, 462, 212, 105),
('2025-03-31', 'hdl-杭州-滨江龙湖-02', 126749, 19486, 11544, 7942, 2336, 779, 468, 214, 102),
('2025-04-30', 'hdl-杭州-滨江龙湖-02', 127883, 19768, 12086, 7682, 2357, 791, 474, 217, 125),
('2025-05-31', 'hdl-杭州-滨江龙湖-02', 129006, 20049, 11841, 8208, 2378, 802, 481, 221, 114),
('2025-06-30', 'hdl-杭州-滨江龙湖-02', 130140, 20334, 12396, 7938, 2399, 813, 488, 224, 102),
('2025-07-31', 'hdl-杭州-滨江龙湖-02', 131263, 20619, 12140, 8479, 2420, 825, 495, 227, 100),
('2025-08-31', 'hdl-杭州-滨江龙湖-02', 132392, 20907, 12709, 8198, 2441, 836, 502, 230, 127),
('2025-09-30', 'hdl-杭州-滨江龙湖-02', 133526, 21198, 12441, 8757, 2461, 848, 509, 233, 100),
('2025-10-31', 'hdl-杭州-滨江龙湖-02', 104350, 18485, 11224, 7261, 1891, 739, 444, 203, 117),
('2025-11-30', 'hdl-杭州-滨江龙湖-02', 105484, 18774, 11005, 7769, 1909, 751, 451, 207, 97),
('2025-12-31', 'hdl-杭州-滨江龙湖-02', 106607, 19063, 11541, 7522, 1926, 763, 458, 210, 111),
('2026-01-31', 'hdl-杭州-滨江龙湖-02', 123762, 21948, 13219, 8729, 2242, 878, 527, 241, 120),
('2026-02-28', 'hdl-杭州-滨江龙湖-02', 122364, 21814, 13503, 8311, 2213, 873, 524, 240, 106),
('2026-03-31', 'hdl-杭州-滨江龙湖-02', 121254, 21706, 13034, 8672, 2190, 868, 521, 239, 128),
('2026-04-30', 'hdl-杭州-滨江龙湖-02', 119994, 21581, 13369, 8212, 2164, 863, 518, 237, 121),
('2026-05-31', 'hdl-杭州-滨江龙湖-02', 118746, 16706, 10002, 6704, 1665, 668, 401, 184, 116),
('2026-06-30', 'hdl-杭州-滨江龙湖-02', 117486, 16627, 10270, 6357, 1647, 665, 399, 183, 98),
('2024-01-31', 'hdl-杭州-湖滨银泰-01', 132586, 22397, 13750, 8647, 2429, 896, 538, 246, 120),
('2024-02-29', 'hdl-杭州-湖滨银泰-01', 130637, 22189, 13249, 8940, 2391, 888, 533, 244, 118),
('2024-03-31', 'hdl-杭州-湖滨银泰-01', 129074, 22020, 13558, 8462, 2361, 881, 528, 242, 128),
('2024-04-30', 'hdl-杭州-湖滨银泰-01', 127310, 21826, 13024, 8802, 2326, 873, 524, 240, 120),
('2024-05-31', 'hdl-杭州-湖滨银泰-01', 209563, 36102, 22293, 13809, 3826, 1444, 866, 397, 117),
('2024-06-30', 'hdl-杭州-湖滨银泰-01', 207799, 35973, 21530, 14443, 3789, 1439, 863, 396, 97),
('2024-07-31', 'hdl-杭州-湖滨银泰-01', 206052, 35842, 22197, 13645, 3753, 1434, 860, 394, 105),
('2024-08-31', 'hdl-杭州-湖滨银泰-01', 204296, 35707, 21431, 14276, 3717, 1428, 857, 393, 104),
('2024-09-30', 'hdl-杭州-湖滨银泰-01', 202532, 35569, 20673, 14896, 3680, 1423, 854, 391, 110),
('2024-10-31', 'hdl-杭州-湖滨银泰-01', 163918, 25245, 15170, 10075, 3021, 1010, 606, 278, 129),
('2024-11-30', 'hdl-杭州-湖滨银泰-01', 162154, 25109, 14611, 10498, 2989, 1004, 603, 276, 98),
('2024-12-31', 'hdl-杭州-湖滨银泰-01', 160406, 24972, 15051, 9921, 2957, 999, 599, 275, 105),
('2025-01-31', 'hdl-杭州-湖滨银泰-01', 210222, 34854, 20710, 14144, 3917, 1394, 836, 383, 110),
('2025-02-28', 'hdl-杭州-湖滨银泰-01', 207706, 34243, 20919, 13324, 3872, 1370, 822, 377, 100),
('2025-03-31', 'hdl-杭州-湖滨银泰-01', 205708, 33762, 20001, 13761, 3836, 1350, 810, 371, 117),
('2025-04-30', 'hdl-杭州-湖滨银泰-01', 203440, 33218, 20309, 12909, 3795, 1329, 797, 365, 109),
('2025-05-31', 'hdl-杭州-湖滨银泰-01', 201193, 32684, 19303, 13381, 3755, 1307, 784, 360, 129),
('2025-06-30', 'hdl-杭州-湖滨银泰-01', 198925, 32149, 19598, 12551, 3713, 1286, 772, 354, 97),
('2025-07-31', 'hdl-杭州-湖滨银泰-01', 196679, 31622, 18619, 13003, 3672, 1265, 759, 348, 106),
('2025-08-31', 'hdl-杭州-湖滨银泰-01', 194422, 31097, 18904, 12193, 3631, 1244, 746, 342, 107),
('2025-09-30', 'hdl-杭州-湖滨银泰-01', 192154, 30572, 17943, 12629, 3589, 1223, 734, 336, 119),
('2025-10-31', 'hdl-杭州-湖滨银泰-01', 250506, 35250, 21404, 13846, 3567, 1410, 846, 388, 101),
('2025-11-30', 'hdl-杭州-湖滨银泰-01', 248238, 44652, 26175, 18477, 4546, 1786, 1072, 491, 113),
('2025-12-31', 'hdl-杭州-湖滨银泰-01', 245992, 44043, 26664, 17379, 4512, 1762, 1057, 484, 124),
('2026-01-31', 'hdl-杭州-湖滨银泰-01', 289800, 40723, 24527, 16196, 4126, 1629, 977, 448, 101),
('2026-02-28', 'hdl-杭州-湖滨银泰-01', 292596, 52547, 32527, 20020, 5361, 2102, 1261, 578, 129),
('2026-03-31', 'hdl-杭州-湖滨银泰-01', 294816, 52727, 31663, 21064, 5409, 2109, 1265, 580, 113),
('2026-04-30', 'hdl-杭州-湖滨银泰-01', 297336, 52928, 32789, 20139, 5463, 2117, 1270, 582, 102),
('2026-05-31', 'hdl-杭州-湖滨银泰-01', 299832, 53123, 31805, 21318, 5516, 2125, 1275, 584, 101),
('2026-06-30', 'hdl-杭州-湖滨银泰-01', 182352, 32155, 19862, 12293, 3359, 1286, 772, 354, 113),
('2024-01-31', 'hdl-广州-天河城-01', 104362, 17900, 10989, 6911, 1907, 716, 430, 197, 101),
('2024-02-29', 'hdl-广州-天河城-01', 103387, 17829, 10646, 7183, 1887, 713, 428, 196, 122),
('2024-03-31', 'hdl-广州-天河城-01', 102606, 17771, 10942, 6829, 1871, 711, 427, 195, 124),
('2024-04-30', 'hdl-广州-天河城-01', 101724, 17703, 10563, 7140, 1853, 708, 425, 195, 125),
('2024-05-31', 'hdl-广州-天河城-01', 100850, 17635, 10890, 6745, 1834, 705, 423, 194, 103),
('2024-06-30', 'hdl-广州-天河城-01', 99968, 17565, 10513, 7052, 1816, 703, 422, 193, 124),
('2024-07-31', 'hdl-广州-天河城-01', 99095, 17494, 10834, 6660, 1798, 700, 420, 192, 115),
('2024-08-31', 'hdl-广州-天河城-01', 98217, 17421, 10456, 6965, 1779, 697, 418, 192, 100),
('2024-09-30', 'hdl-广州-天河城-01', 97335, 17346, 10081, 7265, 1761, 694, 416, 191, 114),
('2024-10-31', 'hdl-广州-天河城-01', 78028, 12219, 7342, 4877, 1438, 489, 293, 134, 98),
('2024-11-30', 'hdl-广州-天河城-01', 77146, 12146, 7068, 5078, 1422, 486, 292, 134, 121),
('2024-12-31', 'hdl-广州-天河城-01', 76272, 12072, 7276, 4796, 1406, 483, 290, 133, 116),
('2025-01-31', 'hdl-广州-天河城-01', 100057, 16330, 9703, 6627, 1867, 653, 392, 180, 110),
('2025-02-28', 'hdl-广州-天河城-01', 98798, 16032, 9794, 6238, 1844, 641, 385, 176, 120),
('2025-03-31', 'hdl-广州-天河城-01', 97799, 15798, 9359, 6439, 1826, 632, 379, 174, 121),
('2025-04-30', 'hdl-广州-天河城-01', 96665, 15533, 9497, 6036, 1805, 621, 373, 171, 105),
('2025-05-31', 'hdl-广州-天河城-01', 95542, 15273, 9020, 6253, 1784, 611, 367, 168, 98),
('2025-06-30', 'hdl-广州-天河城-01', 94408, 15013, 9152, 5861, 1763, 601, 360, 165, 122),
('2025-07-31', 'hdl-广州-天河城-01', 93285, 14757, 8689, 6068, 1742, 590, 354, 162, 115),
('2025-08-31', 'hdl-广州-天河城-01', 92156, 14501, 8815, 5686, 1721, 580, 348, 160, 111),
('2025-09-30', 'hdl-广州-天河城-01', 91022, 14246, 8361, 5885, 1700, 570, 342, 157, 115),
('2025-10-31', 'hdl-广州-天河城-01', 120199, 21410, 13000, 8410, 2208, 856, 514, 236, 97),
('2025-11-30', 'hdl-广州-天河城-01', 119065, 21108, 12374, 8734, 2190, 844, 507, 232, 117),
('2025-12-31', 'hdl-广州-天河城-01', 117941, 20811, 12599, 8212, 2172, 832, 499, 229, 95),
('2026-01-31', 'hdl-广州-天河城-01', 133260, 23711, 14281, 9430, 2449, 948, 569, 261, 105),
('2026-02-28', 'hdl-广州-天河城-01', 131862, 23339, 14447, 8892, 2427, 934, 560, 257, 125),
('2026-03-31', 'hdl-广州-天河城-01', 130752, 23046, 13839, 9207, 2409, 922, 553, 254, 108),
('2026-04-30', 'hdl-广州-天河城-01', 129492, 22715, 14072, 8643, 2389, 909, 545, 250, 106),
('2026-05-31', 'hdl-广州-天河城-01', 128244, 22389, 13404, 8985, 2368, 896, 537, 246, 96),
('2026-06-30', 'hdl-广州-天河城-01', 126984, 22063, 13628, 8435, 2348, 883, 530, 243, 117),
('2024-01-31', 'hdl-广州-天河城-02', 69346, 11140, 6839, 4301, 1306, 446, 267, 123, 95),
('2024-02-29', 'hdl-广州-天河城-02', 70321, 11362, 6784, 4578, 1340, 454, 273, 125, 123),
('2024-03-31', 'hdl-广州-天河城-02', 71102, 11541, 7106, 4435, 1367, 462, 277, 127, 107),
('2024-04-30', 'hdl-广州-天河城-02', 71984, 11745, 7008, 4737, 1399, 470, 282, 129, 96),
('2024-05-31', 'hdl-广州-天河城-02', 72857, 11948, 7378, 4570, 1430, 478, 287, 131, 106),
('2024-06-30', 'hdl-广州-天河城-02', 73739, 12154, 7274, 4880, 1098, 486, 292, 134, 108),
('2024-07-31', 'hdl-广州-天河城-02', 74613, 12360, 7655, 4705, 1124, 494, 297, 136, 129),
('2024-08-31', 'hdl-广州-天河城-02', 75491, 12569, 7544, 5025, 1151, 503, 302, 138, 97),
('2024-09-30', 'hdl-广州-天河城-02', 76373, 12780, 7428, 5352, 1179, 511, 307, 141, 121),
('2024-10-31', 'hdl-广州-天河城-02', 95680, 13943, 8378, 5565, 1478, 558, 335, 153, 104),
('2024-11-30', 'hdl-广州-天河城-02', 96562, 14153, 8236, 5917, 1509, 566, 340, 156, 123),
('2024-12-31', 'hdl-广州-天河城-02', 97436, 14362, 8656, 5706, 1541, 574, 345, 158, 116),
('2025-01-31', 'hdl-广州-天河城-02', 123282, 21461, 12752, 8709, 2278, 858, 515, 236, 100),
('2025-02-28', 'hdl-广州-天河城-02', 124540, 21564, 13173, 8391, 2304, 863, 518, 237, 111),
('2025-03-31', 'hdl-广州-天河城-02', 125539, 21644, 12822, 8822, 2325, 866, 519, 238, 123),
('2025-04-30', 'hdl-广州-天河城-02', 126673, 21733, 13288, 8445, 2348, 869, 522, 239, 126),
('2025-05-31', 'hdl-广州-天河城-02', 127796, 21819, 12886, 8933, 2371, 873, 524, 240, 105),
('2025-06-30', 'hdl-广州-天河城-02', 128930, 21905, 13353, 8552, 2394, 876, 526, 241, 122),
('2025-07-31', 'hdl-广州-天河城-02', 130054, 21987, 12946, 9041, 2417, 879, 528, 242, 116),
('2025-08-31', 'hdl-广州-天河城-02', 131182, 22068, 13415, 8653, 2440, 883, 530, 243, 98),
('2025-09-30', 'hdl-广州-天河城-02', 132316, 22148, 12999, 9149, 2462, 886, 532, 244, 116),
('2025-10-31', 'hdl-广州-天河城-02', 103140, 15368, 9331, 6037, 1459, 615, 369, 169, 126),
('2025-11-30', 'hdl-广州-天河城-02', 104274, 15449, 9056, 6393, 1477, 618, 371, 170, 123),
('2025-12-31', 'hdl-广州-天河城-02', 105397, 15528, 9401, 6127, 1494, 621, 373, 171, 114),
('2026-01-31', 'hdl-广州-天河城-02', 125106, 18616, 11212, 7404, 1771, 745, 447, 205, 111),
('2026-02-28', 'hdl-广州-天河城-02', 123708, 18293, 11323, 6970, 1753, 732, 439, 201, 119),
('2026-03-31', 'hdl-广州-天河城-02', 122598, 18038, 10832, 7206, 1738, 722, 433, 198, 123),
('2026-04-30', 'hdl-广州-天河城-02', 121338, 17751, 10997, 6754, 1722, 710, 426, 195, 104),
('2026-05-31', 'hdl-广州-天河城-02', 120090, 17468, 10458, 7010, 1705, 699, 419, 192, 100),
('2026-06-30', 'hdl-广州-天河城-02', 118830, 17185, 10615, 6570, 1688, 687, 412, 189, 124),
('2024-01-31', 'hdl-广州-北京路-01', 129511, 19351, 11880, 7471, 1802, 774, 464, 213, 123),
('2024-02-29', 'hdl-广州-北京路-01', 127562, 19178, 11451, 7727, 1772, 767, 460, 211, 95),
('2024-03-31', 'hdl-广州-北京路-01', 126000, 19037, 11721, 7316, 1749, 761, 457, 209, 100),
('2024-04-30', 'hdl-广州-北京路-01', 208236, 31637, 18878, 12759, 2886, 1265, 759, 348, 127),
('2024-05-31', 'hdl-广州-北京路-01', 206489, 31543, 19478, 12065, 2858, 1262, 757, 347, 114),
('2024-06-30', 'hdl-广州-北京路-01', 204725, 31446, 18820, 12626, 3773, 1258, 755, 346, 100),
('2024-07-31', 'hdl-广州-北京路-01', 202978, 31346, 19413, 11933, 3741, 1254, 752, 345, 102),
('2024-08-31', 'hdl-广州-北京路-01', 201222, 31243, 18752, 12491, 3709, 1250, 750, 344, 124),
('2024-09-30', 'hdl-广州-北京路-01', 199458, 31137, 18097, 13040, 3677, 1245, 747, 343, 102),
('2024-10-31', 'hdl-广州-北京路-01', 160843, 28066, 16865, 11201, 2927, 1123, 674, 309, 97),
('2024-11-30', 'hdl-广州-北京路-01', 159079, 27892, 16230, 11662, 2892, 1116, 669, 307, 95),
('2024-12-31', 'hdl-广州-北京路-01', 157332, 27717, 16705, 11012, 2856, 1109, 665, 305, 108),
('2025-01-31', 'hdl-广州-北京路-01', 196528, 28557, 16969, 11588, 2791, 1142, 685, 314, 107),
('2025-02-28', 'hdl-广州-北京路-01', 199044, 28737, 17555, 11182, 2829, 1149, 690, 316, 103),
('2025-03-31', 'hdl-广州-北京路-01', 201042, 28877, 17107, 11770, 2859, 1155, 693, 318, 95),
('2025-04-30', 'hdl-广州-北京路-01', 203310, 29032, 17750, 11282, 2892, 1161, 697, 319, 119),
('2025-05-31', 'hdl-广州-北京路-01', 205556, 29182, 17235, 11947, 2925, 1167, 700, 321, 118),
('2025-06-30', 'hdl-广州-北京路-01', 207824, 29329, 17879, 11450, 2959, 1173, 704, 323, 130),
('2025-07-31', 'hdl-广州-北京路-01', 210071, 29471, 17353, 12118, 2991, 1179, 707, 324, 109),
('2025-08-31', 'hdl-广州-北京路-01', 212328, 38104, 23163, 14941, 3891, 1524, 914, 419, 105),
('2025-09-30', 'hdl-广州-北京路-01', 214596, 38330, 22496, 15834, 3939, 1533, 920, 422, 108),
('2025-10-31', 'hdl-广州-北京路-01', 264244, 42339, 25708, 16631, 4934, 1694, 1016, 466, 127),
('2025-11-30', 'hdl-广州-北京路-01', 266512, 42479, 24901, 17578, 4978, 1699, 1019, 467, 116),
('2025-12-31', 'hdl-广州-北京路-01', 268758, 42613, 25798, 16815, 5020, 1705, 1023, 469, 121),
('2026-01-31', 'hdl-广州-北京路-01', 294192, 47080, 28356, 18724, 5494, 1883, 1130, 518, 104),
('2026-02-28', 'hdl-广州-北京路-01', 296988, 47251, 29248, 18003, 5547, 1890, 1134, 520, 126),
('2026-03-31', 'hdl-广州-北京路-01', 299208, 47383, 28453, 18930, 5589, 1895, 1137, 521, 116),
('2026-04-30', 'hdl-广州-北京路-01', 181728, 28626, 17734, 10892, 3394, 1145, 687, 315, 111),
('2026-05-31', 'hdl-广州-北京路-01', 184224, 28866, 17282, 11584, 3441, 1155, 693, 318, 127),
('2026-06-30', 'hdl-广州-北京路-01', 186744, 29104, 17978, 11126, 3488, 1164, 698, 320, 99),
('2024-01-31', 'hdl-南京-新街口-01', 90527, 15018, 9220, 5798, 1369, 601, 360, 165, 95),
('2024-02-29', 'hdl-南京-新街口-01', 89552, 14939, 8920, 6019, 1372, 598, 359, 164, 123),
('2024-03-31', 'hdl-南京-新街口-01', 88771, 14875, 9159, 5716, 1374, 595, 357, 164, 107),
('2024-04-30', 'hdl-南京-新街口-01', 87889, 14801, 8832, 5969, 1377, 592, 355, 163, 120),
('2024-05-31', 'hdl-南京-新街口-01', 87016, 14727, 9094, 5633, 1379, 589, 353, 162, 106),
('2024-06-30', 'hdl-南京-新街口-01', 86134, 14650, 8768, 5882, 1381, 586, 352, 161, 108),
('2024-07-31', 'hdl-南京-新街口-01', 85260, 14572, 9024, 5548, 1383, 583, 350, 160, 129),
('2024-08-31', 'hdl-南京-新街口-01', 84382, 14492, 8698, 5794, 1384, 580, 348, 159, 97),
('2024-09-30', 'hdl-南京-新街口-01', 83500, 14411, 8376, 6035, 1386, 576, 346, 159, 130),
('2024-10-31', 'hdl-南京-新街口-01', 64193, 9692, 5824, 3868, 1066, 388, 233, 107, 112),
('2024-11-30', 'hdl-南京-新街口-01', 63311, 9612, 5593, 4019, 1063, 384, 231, 106, 123),
('2024-12-31', 'hdl-南京-新街口-01', 104437, 15942, 9608, 6334, 1773, 638, 383, 175, 116),
('2025-01-31', 'hdl-南京-新街口-01', 82269, 13889, 8253, 5636, 1529, 556, 333, 153, 100),
('2025-02-28', 'hdl-南京-新街口-01', 81011, 13601, 8309, 5292, 1507, 544, 326, 150, 111),
('2025-03-31', 'hdl-南京-新街口-01', 134012, 22401, 13270, 9131, 2494, 896, 538, 246, 123),
('2025-04-30', 'hdl-南京-新街口-01', 132878, 22100, 13512, 8588, 2475, 884, 530, 243, 126),
('2025-05-31', 'hdl-南京-新街口-01', 131755, 21803, 12877, 8926, 2455, 872, 523, 240, 111),
('2025-06-30', 'hdl-南京-新街口-01', 130621, 21506, 13110, 8396, 2435, 860, 516, 237, 122),
('2025-07-31', 'hdl-南京-新街口-01', 129497, 21213, 12490, 8723, 2415, 849, 509, 233, 116),
('2025-08-31', 'hdl-南京-新街口-01', 128369, 20921, 12718, 8203, 2395, 837, 502, 230, 98),
('2025-09-30', 'hdl-南京-新街口-01', 127235, 20629, 12107, 8522, 2375, 825, 495, 227, 116),
('2025-10-31', 'hdl-南京-新街口-01', 102411, 14721, 8939, 5782, 1456, 589, 353, 162, 99),
('2025-11-30', 'hdl-南京-新街口-01', 101277, 14473, 8484, 5989, 1441, 579, 347, 159, 128),
('2025-12-31', 'hdl-南京-新街口-01', 100154, 14229, 8614, 5615, 1425, 569, 341, 157, 114),
('2026-01-31', 'hdl-南京-新街口-01', 110280, 15831, 9535, 6296, 1568, 633, 380, 174, 104),
('2026-02-28', 'hdl-南京-新街口-01', 111678, 15928, 9859, 6069, 1589, 637, 382, 175, 119),
('2026-03-31', 'hdl-南京-新街口-01', 112788, 16002, 9609, 6393, 1605, 640, 384, 176, 123),
('2026-04-30', 'hdl-南京-新街口-01', 114048, 16085, 9965, 6120, 1624, 643, 386, 177, 104),
('2026-05-31', 'hdl-南京-新街口-01', 115296, 16165, 9678, 6487, 1642, 647, 388, 178, 100),
('2026-06-30', 'hdl-南京-新街口-01', 116556, 20906, 12914, 7992, 2136, 836, 502, 230, 127),
('2024-01-31', 'hdl-南京-新街口-02', 83181, 13723, 8425, 5298, 1550, 549, 329, 151, 114),
('2024-02-29', 'hdl-南京-新街口-02', 84155, 13806, 8244, 5562, 1569, 552, 331, 152, 109),
('2024-03-31', 'hdl-南京-新街口-02', 84937, 13871, 8540, 5331, 1585, 555, 333, 153, 102),
('2024-04-30', 'hdl-南京-新街口-02', 85819, 13943, 8320, 5623, 1602, 558, 335, 153, 113),
('2024-05-31', 'hdl-南京-新街口-02', 86692, 14013, 8653, 5360, 1618, 561, 336, 154, 125),
('2024-06-30', 'hdl-南京-新街口-02', 87574, 14082, 8428, 5654, 1635, 563, 338, 155, 102),
('2024-07-31', 'hdl-南京-新街口-02', 88448, 14148, 8762, 5386, 1652, 566, 340, 156, 102),
('2024-08-31', 'hdl-南京-新街口-02', 89326, 14214, 8531, 5683, 1668, 569, 341, 156, 112),
('2024-09-30', 'hdl-南京-新街口-02', 90208, 14279, 8299, 5980, 1685, 571, 343, 157, 124),
('2024-10-31', 'hdl-南京-新街口-02', 67515, 12146, 7299, 4847, 1236, 486, 292, 134, 105),
('2024-11-30', 'hdl-南京-新街口-02', 68397, 12247, 7127, 5120, 1254, 490, 294, 135, 109),
('2024-12-31', 'hdl-南京-新街口-02', 69271, 12346, 7441, 4905, 1272, 494, 296, 136, 129),
('2025-01-31', 'hdl-南京-新街口-02', 87070, 15647, 9297, 6350, 1595, 626, 376, 172, 97),
('2025-02-28', 'hdl-南京-新街口-02', 88328, 15791, 9647, 6144, 1621, 632, 379, 174, 98),
('2025-03-31', 'hdl-南京-新街口-02', 89327, 15903, 9421, 6482, 1641, 636, 382, 175, 109),
('2025-04-30', 'hdl-南京-新街口-02', 90461, 16029, 9800, 6229, 1664, 641, 385, 176, 97),
('2025-05-31', 'hdl-南京-新街口-02', 91584, 16152, 9539, 6613, 1687, 646, 388, 178, 105),
('2025-06-30', 'hdl-南京-新街口-02', 92718, 16274, 9921, 6353, 1710, 651, 391, 179, 109),
('2025-07-31', 'hdl-南京-新街口-02', 93841, 16393, 9652, 6741, 1733, 656, 393, 180, 128),
('2025-08-31', 'hdl-南京-新街口-02', 94970, 16511, 10037, 6474, 1756, 660, 396, 182, 98),
('2025-09-30', 'hdl-南京-新街口-02', 96104, 16627, 9758, 6869, 1778, 665, 399, 183, 128),
('2025-10-31', 'hdl-南京-新街口-02', 120928, 18698, 11353, 7345, 1697, 748, 449, 206, 105),
('2025-11-30', 'hdl-南京-新街口-02', 122062, 18771, 11004, 7767, 1715, 751, 451, 206, 121),
('2025-12-31', 'hdl-南京-新街口-02', 123185, 18841, 11406, 7435, 1733, 754, 452, 207, 117),
('2026-01-31', 'hdl-南京-新街口-02', 105342, 16268, 9798, 6470, 1479, 651, 390, 179, 98),
('2026-02-28', 'hdl-南京-新街口-02', 103944, 15955, 9876, 6079, 1461, 638, 383, 176, 112),
('2026-03-31', 'hdl-南京-新街口-02', 102834, 15709, 9433, 6276, 1448, 628, 377, 173, 121),
('2026-04-30', 'hdl-南京-新街口-02', 101574, 15431, 9560, 5871, 1432, 617, 370, 170, 128),
('2026-05-31', 'hdl-南京-新街口-02', 100326, 15158, 9075, 6083, 1416, 606, 364, 167, 106),
('2026-06-30', 'hdl-南京-新街口-02', 99066, 14884, 9194, 5690, 1400, 595, 357, 164, 121),
('2024-01-31', 'hdl-南京-河西万达-01', 151830, 25611, 15723, 9888, 2822, 1024, 615, 282, 128),
('2024-02-29', 'hdl-南京-河西万达-01', 153779, 25797, 15403, 10394, 2861, 1032, 619, 284, 125),
('2024-03-31', 'hdl-南京-河西万达-01', 155341, 25944, 15974, 9970, 2892, 1038, 623, 285, 105),
('2024-04-30', 'hdl-南京-河西万达-01', 157105, 26106, 15577, 10529, 2926, 1044, 627, 287, 122),
('2024-05-31', 'hdl-南京-河西万达-01', 158852, 26265, 16219, 10046, 2960, 1051, 630, 289, 108),
('2024-06-30', 'hdl-南京-河西万达-01', 160616, 26421, 15813, 10608, 2995, 1057, 634, 291, 105),
('2024-07-31', 'hdl-南京-河西万达-01', 162364, 26574, 16457, 10117, 3029, 1063, 638, 292, 97),
('2024-08-31', 'hdl-南京-河西万达-01', 164119, 26724, 16040, 10684, 3062, 1069, 641, 294, 130),
('2024-09-30', 'hdl-南京-河西万达-01', 165883, 26872, 15618, 11254, 3096, 1075, 645, 296, 97),
('2024-10-31', 'hdl-南京-河西万达-01', 204498, 29367, 17647, 11720, 2908, 1175, 705, 323, 102),
('2024-11-30', 'hdl-南京-河西万达-01', 206262, 29447, 17135, 12312, 2934, 1178, 707, 324, 125),
('2024-12-31', 'hdl-南京-河西万达-01', 208009, 29523, 17794, 11729, 2960, 1181, 709, 325, 114),
('2025-01-31', 'hdl-南京-河西万达-01', 263455, 37782, 22450, 15332, 3747, 1511, 907, 416, 102),
('2025-02-28', 'hdl-南京-河西万达-01', 265972, 37895, 23150, 14745, 3784, 1516, 909, 417, 109),
('2025-03-31', 'hdl-南京-河西万达-01', 267970, 37981, 22500, 15481, 3814, 1519, 912, 418, 125),
('2025-04-30', 'hdl-南京-河西万达-01', 162238, 22859, 13976, 8883, 2310, 914, 549, 251, 124),
('2025-05-31', 'hdl-南京-河西万达-01', 164484, 23038, 13606, 9432, 2342, 922, 553, 253, 113),
('2025-06-30', 'hdl-南京-河西万达-01', 166752, 29886, 18219, 11667, 3057, 1195, 717, 329, 124),
('2025-07-31', 'hdl-南京-河西万达-01', 168998, 30148, 17751, 12397, 3103, 1206, 724, 332, 114),
('2025-08-31', 'hdl-南京-河西万达-01', 171256, 30408, 18485, 11923, 3149, 1216, 730, 334, 100),
('2025-09-30', 'hdl-南京-河西万达-01', 173524, 30664, 17997, 12667, 3195, 1227, 736, 337, 114),
('2025-10-31', 'hdl-南京-河西万达-01', 223171, 35334, 21455, 13879, 4168, 1413, 848, 389, 97),
('2025-11-30', 'hdl-南京-河西万达-01', 225439, 35504, 20812, 14692, 4211, 1420, 852, 391, 121),
('2025-12-31', 'hdl-南京-河西万达-01', 227686, 35668, 21593, 14075, 4253, 1427, 856, 392, 116),
('2026-01-31', 'hdl-南京-河西万达-01', 231444, 34960, 21056, 13904, 3212, 1398, 839, 385, 109),
('2026-02-28', 'hdl-南京-河西万达-01', 228648, 34751, 21511, 13240, 3169, 1390, 834, 382, 121),
('2026-03-31', 'hdl-南京-河西万达-01', 226428, 34581, 20766, 13815, 3134, 1383, 830, 380, 121),
('2026-04-30', 'hdl-南京-河西万达-01', 223908, 34384, 21301, 13083, 4126, 1375, 825, 378, 106),
('2026-05-31', 'hdl-南京-河西万达-01', 221412, 34185, 20467, 13718, 4081, 1367, 820, 376, 98),
('2026-06-30', 'hdl-南京-河西万达-01', 218892, 33980, 20989, 12991, 4035, 1359, 816, 374, 121),
('2024-01-31', 'hdl-武汉-江汉路-01', 63794, 10271, 6305, 3966, 1175, 411, 247, 113, 109),
('2024-02-29', 'hdl-武汉-江汉路-01', 64768, 10488, 6262, 4226, 1193, 420, 252, 115, 111),
('2024-03-31', 'hdl-武汉-江汉路-01', 65549, 10663, 6565, 4098, 1207, 427, 256, 117, 119),
('2024-04-30', 'hdl-武汉-江汉路-01', 66431, 10863, 6482, 4381, 1222, 435, 261, 119, 108),
('2024-05-31', 'hdl-武汉-江汉路-01', 67305, 11061, 6830, 4231, 1238, 442, 265, 122, 96),
('2024-06-30', 'hdl-武汉-江汉路-01', 68187, 11264, 6742, 4522, 1253, 451, 270, 124, 96),
('2024-07-31', 'hdl-武汉-江汉路-01', 69061, 11466, 7101, 4365, 1269, 459, 275, 126, 118),
('2024-08-31', 'hdl-武汉-江汉路-01', 69938, 11670, 7004, 4666, 1284, 467, 280, 128, 109),
('2024-09-30', 'hdl-武汉-江汉路-01', 70820, 11876, 6902, 4974, 1299, 475, 285, 131, 118),
('2024-10-31', 'hdl-武汉-江汉路-01', 90128, 13166, 7911, 5255, 1259, 527, 316, 145, 100),
('2024-11-30', 'hdl-武汉-江汉路-01', 91010, 13372, 7781, 5591, 1270, 535, 321, 147, 114),
('2024-12-31', 'hdl-武汉-江汉路-01', 91883, 13576, 8182, 5394, 1281, 543, 326, 149, 128),
('2025-01-31', 'hdl-武汉-江汉路-01', 99857, 17347, 10308, 7039, 1846, 694, 416, 191, 102),
('2025-02-28', 'hdl-武汉-江汉路-01', 98599, 17037, 10408, 6629, 1825, 681, 409, 187, 123),
('2025-03-31', 'hdl-武汉-江汉路-01', 97600, 16792, 9948, 6844, 1808, 672, 403, 185, 111),
('2025-04-30', 'hdl-武汉-江汉路-01', 96466, 16516, 10098, 6418, 1789, 661, 396, 182, 103),
('2025-05-31', 'hdl-武汉-江汉路-01', 95342, 16244, 9594, 6650, 1770, 650, 390, 179, 99),
('2025-06-30', 'hdl-武汉-江汉路-01', 94208, 15972, 9737, 6235, 1750, 639, 383, 176, 115),
('2025-07-31', 'hdl-武汉-江汉路-01', 93085, 15704, 9247, 6457, 1730, 628, 377, 173, 122),
('2025-08-31', 'hdl-武汉-江汉路-01', 91957, 15437, 9384, 6053, 1711, 617, 370, 170, 121),
('2025-09-30', 'hdl-武汉-江汉路-01', 90823, 15170, 8903, 6267, 1691, 607, 364, 167, 128),
('2025-10-31', 'hdl-武汉-江汉路-01', 119999, 17837, 10831, 7006, 1699, 713, 428, 196, 111),
('2025-11-30', 'hdl-武汉-江汉路-01', 118865, 17568, 10298, 7270, 1684, 703, 422, 193, 116),
('2025-12-31', 'hdl-武汉-江汉路-01', 117742, 17304, 10476, 6828, 1670, 692, 415, 190, 123),
('2026-01-31', 'hdl-武汉-江汉路-01', 133038, 19749, 11895, 7854, 1884, 790, 474, 217, 128),
('2026-02-28', 'hdl-武汉-江汉路-01', 131640, 19418, 12020, 7398, 1866, 777, 466, 214, 118),
('2026-03-31', 'hdl-武汉-江汉路-01', 130530, 19158, 11504, 7654, 1851, 766, 460, 211, 100),
('2026-04-30', 'hdl-武汉-江汉路-01', 129270, 18865, 11687, 7178, 1835, 755, 453, 208, 127),
('2026-05-31', 'hdl-武汉-江汉路-01', 128022, 18576, 11121, 7455, 1818, 743, 446, 204, 112),
('2026-06-30', 'hdl-武汉-江汉路-01', 126762, 18287, 11296, 6991, 1802, 731, 439, 201, 115),
('2024-01-31', 'hdl-武汉-江汉路-02', 87142, 13082, 8031, 5051, 1211, 523, 314, 144, 102),
('2024-02-29', 'hdl-武汉-江汉路-02', 86167, 13016, 7772, 5244, 1196, 521, 312, 143, 120),
('2024-03-31', 'hdl-武汉-江汉路-02', 85386, 12962, 7981, 4981, 1184, 518, 311, 143, 125),
('2024-04-30', 'hdl-武汉-江汉路-02', 84504, 12899, 7697, 5202, 1170, 516, 310, 142, 123),
('2024-05-31', 'hdl-武汉-江汉路-02', 83630, 12835, 7926, 4909, 1156, 513, 308, 141, 102),
('2024-06-30', 'hdl-武汉-江汉路-02', 82748, 12769, 7642, 5127, 1525, 511, 306, 140, 125),
('2024-07-31', 'hdl-武汉-江汉路-02', 81875, 12702, 7866, 4836, 1509, 508, 305, 140, 114),
('2024-08-31', 'hdl-武汉-江汉路-02', 80997, 12634, 7583, 5051, 1493, 505, 303, 139, 101),
('2024-09-30', 'hdl-武汉-江汉路-02', 80115, 12564, 7302, 5262, 1477, 503, 302, 138, 113),
('2024-10-31', 'hdl-武汉-江汉路-02', 102808, 18013, 10824, 7189, 1869, 721, 432, 198, 97),
('2024-11-30', 'hdl-武汉-江汉路-02', 101926, 17944, 10442, 7502, 1851, 718, 431, 197, 120),
('2024-12-31', 'hdl-武汉-江汉路-02', 101052, 17874, 10773, 7101, 1832, 715, 429, 197, 117),
('2025-01-31', 'hdl-武汉-江汉路-02', 123482, 17855, 10609, 7246, 1755, 714, 429, 196, 109),
('2025-02-28', 'hdl-武汉-江汉路-02', 124740, 17921, 10948, 6973, 1774, 717, 430, 197, 122),
('2025-03-31', 'hdl-武汉-江汉路-02', 125739, 17971, 10646, 7325, 1789, 719, 431, 198, 120),
('2025-04-30', 'hdl-武汉-江汉路-02', 126873, 18027, 11022, 7005, 1805, 721, 433, 198, 106),
('2025-05-31', 'hdl-武汉-江汉路-02', 127996, 18080, 10678, 7402, 1822, 723, 434, 199, 97),
('2025-06-30', 'hdl-武汉-江汉路-02', 129130, 18131, 11053, 7078, 1839, 725, 435, 199, 121),
('2025-07-31', 'hdl-武汉-江汉路-02', 130253, 23391, 13773, 9618, 2387, 936, 561, 257, 116),
('2025-08-31', 'hdl-武汉-江汉路-02', 131382, 23484, 14276, 9208, 2411, 939, 564, 258, 110),
('2025-09-30', 'hdl-武汉-江汉路-02', 132516, 23575, 13836, 9739, 2435, 943, 566, 259, 117),
('2025-10-31', 'hdl-武汉-江汉路-02', 103340, 16484, 10009, 6475, 1930, 659, 396, 181, 98),
('2025-11-30', 'hdl-武汉-江汉路-02', 104474, 16578, 9718, 6860, 1951, 663, 398, 182, 116),
('2025-12-31', 'hdl-武汉-江汉路-02', 105597, 16668, 10091, 6577, 1972, 667, 400, 183, 129),
('2026-01-31', 'hdl-武汉-江汉路-02', 115116, 18340, 11046, 7294, 2150, 734, 440, 202, 104),
('2026-02-28', 'hdl-武汉-江汉路-02', 116514, 18454, 11423, 7031, 2176, 738, 443, 203, 124),
('2026-03-31', 'hdl-武汉-江汉路-02', 117624, 18543, 11135, 7408, 2197, 742, 445, 204, 109),
('2026-04-30', 'hdl-武汉-江汉路-02', 118884, 18642, 11549, 7093, 2220, 746, 447, 205, 104),
('2026-05-31', 'hdl-武汉-江汉路-02', 120132, 18738, 11218, 7520, 2244, 750, 450, 206, 98),
('2026-06-30', 'hdl-武汉-江汉路-02', 121392, 18832, 11633, 7199, 1702, 753, 452, 207, 116),
('2024-01-31', 'hdl-武汉-光谷-01', 197635, 35562, 21832, 13730, 3564, 1422, 853, 391, 100),
('2024-02-29', 'hdl-武汉-光谷-01', 199584, 28114, 16787, 11327, 2798, 1125, 675, 309, 118),
('2024-03-31', 'hdl-武汉-光谷-01', 201146, 28484, 17538, 10946, 2819, 1139, 684, 313, 113),
('2024-04-30', 'hdl-武汉-光谷-01', 202910, 28904, 17247, 11657, 2842, 1156, 694, 318, 101),
('2024-05-31', 'hdl-武汉-光谷-01', 204658, 29323, 18107, 11216, 2865, 1173, 704, 323, 101),
('2024-06-30', 'hdl-武汉-光谷-01', 206422, 29750, 17805, 11945, 2888, 1190, 714, 327, 113),
('2024-07-31', 'hdl-武汉-光谷-01', 208169, 30175, 18687, 11488, 2911, 1207, 724, 332, 124),
('2024-08-31', 'hdl-武汉-光谷-01', 209924, 30604, 18369, 12235, 2933, 1224, 734, 337, 102),
('2024-09-30', 'hdl-武汉-光谷-01', 127688, 18723, 10882, 7841, 1782, 749, 449, 206, 126),
('2024-10-31', 'hdl-武汉-光谷-01', 166303, 27443, 16490, 10953, 3057, 1098, 659, 302, 109),
('2024-11-30', 'hdl-武汉-光谷-01', 168067, 27875, 16220, 11655, 3088, 1115, 669, 307, 118),
('2024-12-31', 'hdl-武汉-光谷-01', 169814, 28306, 17060, 11246, 3118, 1132, 679, 311, 121),
('2025-01-31', 'hdl-武汉-光谷-01', 214348, 33178, 19714, 13464, 3007, 1327, 796, 365, 130),
('2025-02-28', 'hdl-武汉-光谷-01', 216864, 33366, 20383, 12983, 3047, 1335, 801, 367, 116),
('2025-03-31', 'hdl-武汉-光谷-01', 218862, 33511, 19852, 13659, 3079, 1340, 804, 369, 118),
('2025-04-30', 'hdl-武汉-光谷-01', 221130, 33673, 20588, 13085, 3115, 1347, 808, 370, 129),
('2025-05-31', 'hdl-武汉-光谷-01', 223376, 33829, 19979, 13850, 3151, 1353, 812, 372, 110),
('2025-06-30', 'hdl-武汉-光谷-01', 225644, 33983, 20716, 13267, 3186, 1359, 816, 374, 117),
('2025-07-31', 'hdl-武汉-光谷-01', 227891, 34132, 20097, 14035, 3222, 1365, 819, 375, 121),
('2025-08-31', 'hdl-武汉-光谷-01', 230148, 34277, 20837, 13440, 3257, 1371, 823, 377, 128),
('2025-09-30', 'hdl-武汉-光谷-01', 232416, 34420, 20201, 14219, 3292, 1377, 826, 379, 121),
('2025-10-31', 'hdl-武汉-光谷-01', 174064, 29540, 17937, 11603, 3233, 1182, 709, 325, 121),
('2025-11-30', 'hdl-武汉-光谷-01', 176332, 29777, 17455, 12322, 3277, 1191, 715, 328, 128),
('2025-12-31', 'hdl-武汉-光谷-01', 178578, 30008, 18167, 11841, 3322, 1200, 720, 330, 109),
('2026-01-31', 'hdl-武汉-光谷-01', 286008, 48482, 29201, 19281, 5313, 1939, 1164, 533, 116),
('2026-02-28', 'hdl-武汉-光谷-01', 283212, 47744, 29554, 18190, 5265, 1910, 1146, 525, 114),
('2026-03-31', 'hdl-武汉-光谷-01', 280992, 47162, 28321, 18841, 5227, 1886, 1132, 519, 128),
('2026-04-30', 'hdl-武汉-光谷-01', 278472, 46505, 28810, 17695, 5184, 1860, 1116, 512, 99),
('2026-05-31', 'hdl-武汉-光谷-01', 275976, 45858, 27455, 18403, 5140, 1834, 1101, 504, 120),
('2026-06-30', 'hdl-武汉-光谷-01', 273456, 45210, 27926, 17284, 5096, 1808, 1085, 497, 129),
('2024-01-31', 'hdl-重庆-解放碑-01', 71686, 11508, 7065, 4443, 1348, 460, 276, 127, 105),
('2024-02-29', 'hdl-重庆-解放碑-01', 72660, 11731, 7005, 4726, 1382, 469, 282, 129, 107),
('2024-03-31', 'hdl-重庆-解放碑-01', 73441, 11912, 7334, 4578, 1410, 476, 286, 131, 122),
('2024-04-30', 'hdl-重庆-解放碑-01', 74323, 12118, 7231, 4887, 1442, 485, 291, 133, 104),
('2024-05-31', 'hdl-重庆-解放碑-01', 75197, 12323, 7609, 4714, 1474, 493, 296, 136, 99),
('2024-06-30', 'hdl-重庆-解放碑-01', 76079, 12531, 7500, 5031, 1131, 501, 301, 138, 128),
('2024-07-31', 'hdl-重庆-解放碑-01', 76952, 12739, 7889, 4850, 1158, 510, 306, 140, 111),
('2024-08-31', 'hdl-重庆-解放碑-01', 77830, 12949, 7772, 5177, 1185, 518, 311, 142, 112),
('2024-09-30', 'hdl-重庆-解放碑-01', 78712, 13162, 7650, 5512, 1213, 526, 316, 145, 115),
('2024-10-31', 'hdl-重庆-解放碑-01', 98020, 14272, 8576, 5696, 1512, 571, 343, 157, 96),
('2024-11-30', 'hdl-重庆-解放碑-01', 98902, 14484, 8428, 6056, 1543, 579, 348, 159, 117),
('2024-12-31', 'hdl-重庆-解放碑-01', 99775, 14695, 8857, 5838, 1575, 588, 353, 162, 120),
('2025-01-31', 'hdl-重庆-解放碑-01', 126290, 21999, 13072, 8927, 2333, 880, 528, 242, 106),
('2025-02-28', 'hdl-重庆-解放碑-01', 127548, 22099, 13500, 8599, 2360, 884, 530, 243, 124),
('2025-03-31', 'hdl-重庆-解放碑-01', 128547, 22177, 13138, 9039, 2380, 887, 532, 244, 108),
('2025-04-30', 'hdl-重庆-解放碑-01', 129681, 22264, 13612, 8652, 2404, 891, 534, 245, 106),
('2025-05-31', 'hdl-重庆-解放碑-01', 130804, 22348, 13199, 9149, 2427, 894, 536, 246, 96),
('2025-06-30', 'hdl-重庆-解放碑-01', 131938, 22431, 13674, 8757, 2450, 897, 538, 247, 118),
('2025-07-31', 'hdl-重庆-解放碑-01', 133061, 22511, 13254, 9257, 2472, 900, 540, 248, 119),
('2025-08-31', 'hdl-重庆-解放碑-01', 134190, 22590, 13732, 8858, 2495, 904, 542, 248, 107),
('2025-09-30', 'hdl-重庆-解放碑-01', 81324, 13622, 7995, 5627, 1513, 545, 327, 150, 96),
('2025-10-31', 'hdl-重庆-解放碑-01', 106148, 15828, 9611, 6217, 1502, 633, 380, 174, 114),
('2025-11-30', 'hdl-重庆-解放碑-01', 107282, 15907, 9325, 6582, 1519, 636, 382, 175, 112),
('2025-12-31', 'hdl-重庆-解放碑-01', 108405, 15984, 9677, 6307, 1537, 639, 384, 176, 126),
('2026-01-31', 'hdl-重庆-解放碑-01', 118236, 17608, 10605, 7003, 1673, 704, 423, 194, 124),
('2026-02-28', 'hdl-重庆-解放碑-01', 119634, 17704, 10959, 6745, 1695, 708, 425, 195, 121),
('2026-03-31', 'hdl-重庆-解放碑-01', 120744, 17779, 10676, 7103, 1712, 711, 427, 196, 112),
('2026-04-30', 'hdl-重庆-解放碑-01', 122004, 17862, 11066, 6796, 1731, 714, 429, 196, 123),
('2026-05-31', 'hdl-重庆-解放碑-01', 123252, 17943, 10742, 7201, 1750, 718, 431, 197, 115),
('2026-06-30', 'hdl-重庆-解放碑-01', 124512, 18021, 11132, 6889, 1769, 721, 433, 198, 112),
('2024-01-31', 'hdl-重庆-解放碑-02', 79250, 13500, 8288, 5212, 1471, 540, 324, 149, 99),
('2024-02-29', 'hdl-重庆-解放碑-02', 78275, 13261, 7918, 5343, 1454, 530, 318, 146, 124),
('2024-03-31', 'hdl-重庆-解放碑-02', 77494, 13071, 8048, 5023, 1441, 523, 314, 144, 122),
('2024-04-30', 'hdl-重庆-解放碑-02', 76612, 12858, 7672, 5186, 1425, 514, 309, 141, 127),
('2024-05-31', 'hdl-重庆-解放碑-02', 75739, 12649, 7811, 4838, 1410, 506, 304, 139, 110),
('2024-06-30', 'hdl-重庆-解放碑-02', 74857, 12439, 7445, 4994, 1394, 498, 299, 137, 121),
('2024-07-31', 'hdl-重庆-解放碑-02', 73983, 12232, 7575, 4657, 1379, 489, 294, 135, 117),
('2024-08-31', 'hdl-重庆-解放碑-02', 73105, 12025, 7217, 4808, 1363, 481, 289, 132, 97),
('2024-09-30', 'hdl-重庆-解放碑-02', 72223, 11820, 6870, 4950, 1347, 473, 284, 130, 117),
('2024-10-31', 'hdl-重庆-解放碑-02', 94916, 13788, 8285, 5503, 1348, 552, 331, 152, 100),
('2024-11-30', 'hdl-重庆-解放碑-02', 94034, 13581, 7903, 5678, 1336, 543, 326, 149, 127),
('2024-12-31', 'hdl-重庆-解放碑-02', 93160, 13377, 8062, 5315, 1325, 535, 321, 147, 113),
('2025-01-31', 'hdl-重庆-解放碑-02', 121770, 17665, 10497, 7168, 1730, 707, 424, 194, 104),
('2025-02-28', 'hdl-重庆-解放碑-02', 120512, 17371, 10612, 6759, 1713, 695, 417, 191, 118),
('2025-03-31', 'hdl-重庆-解放碑-02', 119513, 17138, 10153, 6985, 1700, 686, 411, 189, 124),
('2025-04-30', 'hdl-重庆-解放碑-02', 118379, 16876, 10318, 6558, 1684, 675, 405, 186, 103),
('2025-05-31', 'hdl-重庆-解放碑-02', 117256, 16618, 9815, 6803, 1669, 665, 399, 183, 101),
('2025-06-30', 'hdl-重庆-解放碑-02', 116122, 16360, 9973, 6387, 1653, 654, 393, 180, 126),
('2025-07-31', 'hdl-重庆-解放碑-02', 114998, 16106, 9483, 6623, 1638, 644, 387, 177, 113),
('2025-08-31', 'hdl-重庆-解放碑-02', 113870, 20408, 12406, 8002, 2088, 816, 490, 224, 114),
('2025-09-30', 'hdl-重庆-解放碑-02', 112736, 20110, 11803, 8307, 2070, 804, 483, 221, 113),
('2025-10-31', 'hdl-重庆-解放碑-02', 87912, 14065, 8540, 5525, 1642, 563, 338, 155, 130),
('2025-11-30', 'hdl-重庆-解放碑-02', 86778, 13811, 8096, 5715, 1621, 552, 331, 152, 119),
('2025-12-31', 'hdl-重庆-解放碑-02', 85655, 13561, 8210, 5351, 1600, 542, 325, 149, 118),
('2026-01-31', 'hdl-重庆-解放碑-02', 126390, 20197, 12165, 8032, 2360, 808, 485, 222, 107),
('2026-02-28', 'hdl-重庆-解放碑-02', 127788, 20301, 12566, 7735, 2387, 812, 487, 223, 123),
('2026-03-31', 'hdl-重庆-解放碑-02', 128898, 20382, 12239, 8143, 2408, 815, 489, 224, 106),
('2026-04-30', 'hdl-重庆-解放碑-02', 130158, 20472, 12682, 7790, 2431, 819, 491, 225, 108),
('2026-05-31', 'hdl-重庆-解放碑-02', 131406, 20559, 12309, 8250, 2454, 822, 493, 226, 129),
('2026-06-30', 'hdl-重庆-解放碑-02', 132666, 20644, 12752, 7892, 1858, 826, 495, 227, 120),
('2024-01-31', 'hdl-重庆-观音桥-01', 151116, 22995, 14117, 8878, 2129, 920, 552, 253, 107),
('2024-02-29', 'hdl-重庆-观音桥-01', 149167, 22560, 13471, 9089, 2105, 902, 541, 248, 109),
('2024-03-31', 'hdl-重庆-观音桥-01', 147605, 22214, 13677, 8537, 2085, 889, 533, 244, 120),
('2024-04-30', 'hdl-重庆-观音桥-01', 145841, 21826, 13024, 8802, 2062, 873, 524, 240, 106),
('2024-05-31', 'hdl-重庆-观音桥-01', 144094, 21445, 13242, 8203, 2039, 858, 515, 236, 97),
('2024-06-30', 'hdl-重庆-观音桥-01', 142330, 21063, 12606, 8457, 2016, 843, 506, 232, 130),
('2024-07-31', 'hdl-重庆-观音桥-01', 140582, 20687, 12811, 7876, 1993, 827, 496, 228, 116),
('2024-08-31', 'hdl-重庆-观音桥-01', 138827, 20313, 12192, 8121, 1970, 813, 488, 223, 110),
('2024-09-30', 'hdl-重庆-观音桥-01', 137063, 19939, 11589, 8350, 1946, 798, 479, 219, 117),
('2024-10-31', 'hdl-重庆-观音桥-01', 182448, 30485, 18318, 12167, 3396, 1219, 732, 335, 98),
('2024-11-30', 'hdl-重庆-观音桥-01', 180684, 30038, 17479, 12559, 3365, 1202, 721, 330, 116),
('2024-12-31', 'hdl-重庆-观音桥-01', 178937, 29599, 17839, 11760, 3335, 1184, 710, 326, 122),
('2025-01-31', 'hdl-重庆-观音桥-01', 234047, 33303, 19789, 13514, 3279, 1332, 799, 366, 104),
('2025-02-28', 'hdl-重庆-观音桥-01', 231530, 33161, 20258, 12903, 3242, 1326, 796, 365, 126),
('2025-03-31', 'hdl-重庆-观音桥-01', 229532, 33044, 19575, 13469, 3212, 1322, 793, 363, 109),
('2025-04-30', 'hdl-重庆-观音桥-01', 227264, 32909, 20121, 12788, 3178, 1316, 790, 362, 104),
('2025-05-31', 'hdl-重庆-观音桥-01', 225018, 32771, 19355, 13416, 3144, 1311, 787, 360, 98),
('2025-06-30', 'hdl-重庆-观音桥-01', 222750, 32628, 19890, 12738, 3110, 1305, 783, 359, 116),
('2025-07-31', 'hdl-重庆-观音桥-01', 220504, 32482, 19125, 13357, 3076, 1299, 780, 357, 121),
('2025-08-31', 'hdl-重庆-观音桥-01', 218246, 32332, 19655, 12677, 3041, 1293, 776, 356, 120),
('2025-09-30', 'hdl-重庆-观音桥-01', 215978, 32177, 18885, 13292, 3006, 1287, 772, 354, 129),
('2025-10-31', 'hdl-重庆-观音桥-01', 166331, 27839, 16904, 10935, 3052, 1114, 668, 306, 112),
('2025-11-30', 'hdl-重庆-观音桥-01', 164063, 27597, 16177, 11420, 3008, 1104, 662, 304, 114),
('2025-12-31', 'hdl-重庆-观音桥-01', 269816, 45611, 27613, 17998, 4944, 1824, 1095, 502, 124),
('2026-01-31', 'hdl-重庆-观音桥-01', 263328, 44125, 26576, 17549, 4831, 1765, 1059, 485, 126),
('2026-02-28', 'hdl-重庆-观音桥-01', 266124, 44842, 27757, 17085, 4879, 1794, 1076, 493, 119),
('2026-03-31', 'hdl-重庆-观音桥-01', 268344, 45415, 27272, 18143, 4916, 1817, 1090, 500, 101),
('2026-04-30', 'hdl-重庆-观音桥-01', 270864, 46069, 28540, 17529, 4957, 1843, 1106, 507, 125),
('2026-05-31', 'hdl-重庆-观音桥-01', 273360, 46721, 27972, 18749, 4998, 1869, 1121, 514, 113),
('2026-06-30', 'hdl-重庆-观音桥-01', 275880, 47383, 29268, 18115, 5039, 1895, 1137, 521, 114),
('2024-01-31', 'hdl-西安-钟楼-01', 67133, 9646, 5922, 3724, 1071, 386, 232, 106, 99),
('2024-02-29', 'hdl-西安-钟楼-01', 68107, 9722, 5805, 3917, 1073, 389, 233, 107, 124),
('2024-03-31', 'hdl-西安-钟楼-01', 68888, 9783, 6023, 3760, 1074, 391, 235, 108, 122),
('2024-04-30', 'hdl-西安-钟楼-01', 69770, 9849, 5877, 3972, 1075, 394, 236, 108, 98),
('2024-05-31', 'hdl-西安-钟楼-01', 70644, 9914, 6122, 3792, 1076, 397, 238, 109, 105),
('2024-06-30', 'hdl-西安-钟楼-01', 71526, 12839, 7684, 5155, 1385, 514, 308, 141, 122),
('2024-07-31', 'hdl-西安-钟楼-01', 72400, 12935, 8011, 4924, 1388, 517, 310, 142, 117),
('2024-08-31', 'hdl-西安-钟楼-01', 73277, 13031, 7821, 5210, 1390, 521, 313, 143, 97),
('2024-09-30', 'hdl-西安-钟楼-01', 74159, 13125, 7628, 5497, 1392, 525, 315, 144, 109),
('2024-10-31', 'hdl-西安-钟楼-01', 93467, 14824, 8908, 5916, 1367, 593, 356, 163, 125),
('2024-11-30', 'hdl-西安-钟楼-01', 94349, 14884, 8661, 6223, 1363, 595, 357, 164, 124),
('2024-12-31', 'hdl-西安-钟楼-01', 95222, 14943, 9006, 5937, 1359, 598, 359, 164, 113),
('2025-01-31', 'hdl-西安-钟楼-01', 95564, 14409, 8562, 5847, 1327, 576, 346, 158, 112),
('2025-02-28', 'hdl-西安-钟楼-01', 94306, 14307, 8740, 5567, 1307, 572, 343, 157, 118),
('2025-03-31', 'hdl-西安-钟楼-01', 93307, 14225, 8427, 5798, 1292, 569, 341, 156, 124),
('2025-04-30', 'hdl-西安-钟楼-01', 92173, 14129, 8638, 5491, 1274, 565, 339, 155, 112),
('2025-05-31', 'hdl-西安-钟楼-01', 91049, 14033, 8288, 5745, 1678, 561, 337, 154, 125),
('2025-06-30', 'hdl-西安-钟楼-01', 89915, 13934, 8494, 5440, 1657, 557, 334, 153, 124),
('2025-07-31', 'hdl-西安-钟楼-01', 88792, 13833, 8145, 5688, 1637, 553, 332, 152, 113),
('2025-08-31', 'hdl-西安-钟楼-01', 87664, 13731, 8347, 5384, 1616, 549, 330, 151, 113),
('2025-09-30', 'hdl-西安-钟楼-01', 86530, 13626, 7997, 5629, 1595, 545, 327, 150, 113),
('2025-10-31', 'hdl-西安-钟楼-01', 115706, 20348, 12355, 7993, 2101, 814, 488, 224, 121),
('2025-11-30', 'hdl-西安-钟楼-01', 114572, 20245, 11868, 8377, 2078, 810, 486, 223, 106),
('2025-12-31', 'hdl-西安-钟楼-01', 113449, 20141, 12193, 7948, 2055, 806, 483, 222, 97),
('2026-01-31', 'hdl-西安-钟楼-01', 128268, 22582, 13601, 8981, 2329, 903, 542, 248, 118),
('2026-02-28', 'hdl-西安-钟楼-01', 126870, 22454, 13899, 8555, 2300, 898, 539, 247, 127),
('2026-03-31', 'hdl-西安-钟楼-01', 125760, 22351, 13422, 8929, 2277, 894, 536, 246, 106),
('2026-04-30', 'hdl-西安-钟楼-01', 124500, 22232, 13773, 8459, 2251, 889, 534, 245, 108),
('2026-05-31', 'hdl-西安-钟楼-01', 123252, 22111, 13238, 8873, 2225, 884, 531, 243, 121),
('2026-06-30', 'hdl-西安-钟楼-01', 121992, 17108, 10568, 6540, 1711, 684, 411, 188, 105),
('2024-01-31', 'hdl-西安-钟楼-02', 72841, 11263, 6914, 4349, 1343, 451, 270, 124, 97),
('2024-02-29', 'hdl-西安-钟楼-02', 73815, 11482, 6856, 4626, 1361, 459, 276, 126, 95),
('2024-03-31', 'hdl-西安-钟楼-02', 74596, 11659, 7178, 4481, 1375, 466, 280, 128, 116),
('2024-04-30', 'hdl-西安-钟楼-02', 75478, 11861, 7077, 4784, 1391, 474, 285, 130, 98),
('2024-05-31', 'hdl-西安-钟楼-02', 76352, 12061, 7448, 4613, 1407, 482, 289, 133, 104),
('2024-06-30', 'hdl-西安-钟楼-02', 77234, 12266, 7341, 4925, 1424, 491, 294, 135, 110),
('2024-07-31', 'hdl-西安-钟楼-02', 78107, 12469, 7722, 4747, 1439, 499, 299, 137, 123),
('2024-08-31', 'hdl-西安-钟楼-02', 78985, 12676, 7608, 5068, 1455, 507, 304, 139, 126),
('2024-09-30', 'hdl-西安-钟楼-02', 79867, 12884, 7488, 5396, 1471, 515, 309, 142, 123),
('2024-10-31', 'hdl-西安-钟楼-02', 99175, 17823, 10710, 7113, 1789, 713, 428, 196, 106),
('2024-11-30', 'hdl-西安-钟楼-02', 100057, 14063, 8183, 5880, 1403, 563, 338, 155, 121),
('2024-12-31', 'hdl-西安-钟楼-02', 100930, 14269, 8600, 5669, 1415, 571, 342, 157, 118),
('2025-01-31', 'hdl-西安-钟楼-02', 127775, 22987, 13659, 9328, 2304, 919, 552, 253, 97),
('2025-02-28', 'hdl-西安-钟楼-02', 129033, 18172, 11101, 7071, 1809, 727, 436, 200, 113),
('2025-03-31', 'hdl-西安-钟楼-02', 130032, 18409, 10905, 7504, 1822, 736, 442, 202, 130),
('2025-04-30', 'hdl-西安-钟楼-02', 131166, 18680, 11421, 7259, 1837, 747, 448, 205, 97),
('2025-05-31', 'hdl-西安-钟楼-02', 132289, 18950, 11192, 7758, 1852, 758, 455, 208, 107),
('2025-06-30', 'hdl-西安-钟楼-02', 133423, 19225, 11720, 7505, 1867, 769, 461, 211, 120),
('2025-07-31', 'hdl-西安-钟楼-02', 134546, 19498, 11480, 8018, 1881, 780, 468, 214, 119),
('2025-08-31', 'hdl-西安-钟楼-02', 81675, 11905, 7237, 4668, 1141, 476, 286, 131, 120),
('2025-09-30', 'hdl-西安-钟楼-02', 82809, 12139, 7124, 5015, 1156, 486, 291, 134, 107),
('2025-10-31', 'hdl-西安-钟楼-02', 107633, 17758, 10783, 6975, 1979, 710, 426, 195, 124),
('2025-11-30', 'hdl-西安-钟楼-02', 108767, 18036, 10573, 7463, 1998, 721, 433, 198, 125),
('2025-12-31', 'hdl-西安-钟楼-02', 109890, 18314, 11087, 7227, 2018, 733, 440, 201, 112),
('2026-01-31', 'hdl-西安-钟楼-02', 119886, 19803, 11927, 7876, 2204, 792, 475, 218, 113),
('2026-02-28', 'hdl-西安-钟楼-02', 121284, 20147, 12471, 7676, 2228, 806, 484, 222, 117),
('2026-03-31', 'hdl-西安-钟楼-02', 122394, 20422, 12263, 8159, 2247, 817, 490, 225, 125),
('2026-04-30', 'hdl-西安-钟楼-02', 123654, 20736, 12846, 7890, 2269, 829, 498, 228, 114),
('2026-05-31', 'hdl-西安-钟楼-02', 124902, 21049, 12602, 8447, 2290, 842, 505, 232, 123),
('2026-06-30', 'hdl-西安-钟楼-02', 126162, 21367, 13198, 8169, 2311, 855, 513, 235, 126),
('2024-01-31', 'hdl-西安-小寨-01', 131006, 21902, 13446, 8456, 2404, 876, 526, 241, 129),
('2024-02-29', 'hdl-西安-小寨-01', 132955, 22351, 13346, 9005, 2438, 894, 536, 246, 129),
('2024-03-31', 'hdl-西安-小寨-01', 134518, 22714, 13985, 8729, 2465, 909, 545, 250, 99),
('2024-04-30', 'hdl-西安-小寨-01', 136282, 23127, 13800, 9327, 2495, 925, 555, 254, 128),
('2024-05-31', 'hdl-西安-小寨-01', 138029, 23538, 14535, 9003, 2525, 942, 565, 259, 111),
('2024-06-30', 'hdl-西安-小寨-01', 139793, 23956, 14338, 9618, 2555, 958, 575, 264, 116),
('2024-07-31', 'hdl-西安-小寨-01', 141540, 24373, 15094, 9279, 2584, 975, 585, 268, 122),
('2024-08-31', 'hdl-西安-小寨-01', 143296, 24795, 14882, 9913, 2613, 992, 595, 273, 127),
('2024-09-30', 'hdl-西安-小寨-01', 145060, 25222, 14659, 10563, 2642, 1009, 605, 277, 103),
('2024-10-31', 'hdl-西安-小寨-01', 183674, 27967, 16805, 11162, 2544, 1119, 671, 308, 120),
('2024-11-30', 'hdl-西安-小寨-01', 185438, 28391, 16521, 11870, 2565, 1136, 681, 312, 129),
('2024-12-31', 'hdl-西安-小寨-01', 187186, 28815, 17367, 11448, 3450, 1153, 692, 317, 108),
('2025-01-31', 'hdl-西安-小寨-01', 236682, 36085, 21442, 14643, 3277, 1443, 866, 397, 117),
('2025-02-28', 'hdl-西安-小寨-01', 239198, 36691, 22415, 14276, 3307, 1468, 881, 404, 113),
('2025-03-31', 'hdl-西安-小寨-01', 241196, 37176, 22023, 15153, 4445, 1487, 892, 409, 129),
('2025-04-30', 'hdl-西安-小寨-01', 243464, 37730, 23068, 14662, 4488, 1509, 906, 415, 118),
('2025-05-31', 'hdl-西安-小寨-01', 245711, 38283, 22610, 15673, 4530, 1531, 919, 421, 119),
('2025-06-30', 'hdl-西安-小寨-01', 247979, 38844, 23679, 15165, 4571, 1554, 932, 427, 130),
('2025-07-31', 'hdl-西安-小寨-01', 250225, 39404, 23201, 16203, 4613, 1576, 946, 433, 107),
('2025-08-31', 'hdl-西安-小寨-01', 252482, 39971, 24298, 15673, 4654, 1599, 959, 440, 119),
('2025-09-30', 'hdl-西安-小寨-01', 254750, 40544, 23795, 16749, 4695, 1622, 973, 446, 108),
('2025-10-31', 'hdl-西安-小寨-01', 196398, 34869, 21172, 13697, 3557, 1395, 837, 384, 126),
('2025-11-30', 'hdl-西安-小寨-01', 198666, 35438, 20774, 14664, 3593, 1418, 851, 390, 101),
('2025-12-31', 'hdl-西安-小寨-01', 200912, 36006, 21798, 14208, 3628, 1440, 864, 396, 103),
('2026-01-31', 'hdl-西安-小寨-01', 261192, 37158, 22380, 14778, 3717, 1486, 892, 409, 113),
('2026-02-28', 'hdl-西安-小寨-01', 258396, 36520, 22606, 13914, 3678, 1461, 876, 402, 98),
('2026-03-31', 'hdl-西安-小寨-01', 256176, 36016, 21628, 14388, 3647, 1441, 864, 396, 101),
('2026-04-30', 'hdl-西安-小寨-01', 253656, 45595, 28246, 17349, 4646, 1824, 1094, 502, 113),
('2026-05-31', 'hdl-西安-小寨-01', 251160, 44938, 26904, 18034, 4607, 1798, 1079, 494, 127),
('2026-06-30', 'hdl-西安-小寨-01', 248640, 44278, 27351, 16927, 4568, 1771, 1063, 487, 100)
on conflict (month, poi_id) do update set exposure = excluded.exposure, visits = excluded.visits;
