-- 沙盘下钻全量种子数据
-- 统计周期: 2024-01-01 至 2026-06-30
-- 粒度: 品牌 → 城市 → 商圈(business_area) → 门店

insert into public.dim_brand (brand_id, brand_name, category, brand_level, headquarter_city, store_count, ka_owner, cooperation_status)
values ('haidilao', '海底捞', '火锅', '全国 KA', '北京', 30, 'KA 城市经理', '深度合作')
on conflict (brand_id) do update set store_count = excluded.store_count;

insert into public.dim_poi (poi_id, brand_id, poi_name, city, district, business_area, category, address, poi_status)
values
('hdl-上海-静安大悦城-01', 'haidilao', '海底捞上海静安大悦城店', '上海', '静安', '静安大悦城', '火锅', 'Demo：上海静安大悦城', 'active'),
('hdl-上海-静安大悦城-02', 'haidilao', '海底捞上海南京西路店', '上海', '静安', '静安大悦城', '火锅', 'Demo：上海静安大悦城', 'active'),
('hdl-上海-陆家嘴-01', 'haidilao', '海底捞上海陆家嘴店', '上海', '浦东', '陆家嘴', '火锅', 'Demo：上海陆家嘴', 'active'),
('hdl-北京-朝阳合生汇-01', 'haidilao', '海底捞北京朝阳合生汇店', '北京', '朝阳', '朝阳合生汇', '火锅', 'Demo：北京朝阳合生汇', 'active'),
('hdl-北京-朝阳合生汇-02', 'haidilao', '海底捞北京三里屯店', '北京', '朝阳', '朝阳合生汇', '火锅', 'Demo：北京朝阳合生汇', 'active'),
('hdl-北京-西单大悦城-01', 'haidilao', '海底捞北京西单店', '北京', '西城', '西单大悦城', '火锅', 'Demo：北京西单大悦城', 'active'),
('hdl-深圳-万象天地-01', 'haidilao', '海底捞深圳南山万象天地店', '深圳', '南山', '万象天地', '火锅', 'Demo：深圳万象天地', 'active'),
('hdl-深圳-万象天地-02', 'haidilao', '海底捞深圳海岸城店', '深圳', '南山', '万象天地', '火锅', 'Demo：深圳万象天地', 'active'),
('hdl-深圳-福田coco-01', 'haidilao', '海底捞深圳福田店', '深圳', '福田', '福田COCO', '火锅', 'Demo：深圳福田COCO', 'active'),
('hdl-成都-春熙路-01', 'haidilao', '海底捞成都春熙路店', '成都', '锦江', '春熙路', '火锅', 'Demo：成都春熙路', 'active'),
('hdl-成都-春熙路-02', 'haidilao', '海底捞成都IFS店', '成都', '锦江', '春熙路', '火锅', 'Demo：成都春熙路', 'active'),
('hdl-成都-太古里-01', 'haidilao', '海底捞成都太古里店', '成都', '武侯', '太古里', '火锅', 'Demo：成都太古里', 'active'),
('hdl-杭州-滨江龙湖-01', 'haidilao', '海底捞杭州滨江龙湖店', '杭州', '滨江', '滨江龙湖', '火锅', 'Demo：杭州滨江龙湖', 'active'),
('hdl-杭州-滨江龙湖-02', 'haidilao', '海底捞杭州万象城店', '杭州', '滨江', '滨江龙湖', '火锅', 'Demo：杭州滨江龙湖', 'active'),
('hdl-杭州-湖滨银泰-01', 'haidilao', '海底捞杭州湖滨店', '杭州', '上城', '湖滨银泰', '火锅', 'Demo：杭州湖滨银泰', 'active'),
('hdl-广州-天河城-01', 'haidilao', '海底捞广州天河城店', '广州', '天河', '天河城', '火锅', 'Demo：广州天河城', 'active'),
('hdl-广州-天河城-02', 'haidilao', '海底捞广州正佳店', '广州', '天河', '天河城', '火锅', 'Demo：广州天河城', 'active'),
('hdl-广州-北京路-01', 'haidilao', '海底捞广州北京路店', '广州', '越秀', '北京路', '火锅', 'Demo：广州北京路', 'active'),
('hdl-南京-新街口-01', 'haidilao', '海底捞南京新街口店', '南京', '秦淮', '新街口', '火锅', 'Demo：南京新街口', 'active'),
('hdl-南京-新街口-02', 'haidilao', '海底捞南京德基店', '南京', '秦淮', '新街口', '火锅', 'Demo：南京新街口', 'active'),
('hdl-南京-河西万达-01', 'haidilao', '海底捞南京河西店', '南京', '建邺', '河西万达', '火锅', 'Demo：南京河西万达', 'active'),
('hdl-武汉-江汉路-01', 'haidilao', '海底捞武汉江汉路店', '武汉', '江汉', '江汉路', '火锅', 'Demo：武汉江汉路', 'active'),
('hdl-武汉-江汉路-02', 'haidilao', '海底捞武汉国际广场店', '武汉', '江汉', '江汉路', '火锅', 'Demo：武汉江汉路', 'active'),
('hdl-武汉-光谷-01', 'haidilao', '海底捞武汉光谷店', '武汉', '东湖高新', '光谷', '火锅', 'Demo：武汉光谷', 'active'),
('hdl-重庆-解放碑-01', 'haidilao', '海底捞重庆解放碑店', '重庆', '渝中', '解放碑', '火锅', 'Demo：重庆解放碑', 'active'),
('hdl-重庆-解放碑-02', 'haidilao', '海底捞重庆来福士店', '重庆', '渝中', '解放碑', '火锅', 'Demo：重庆解放碑', 'active'),
('hdl-重庆-观音桥-01', 'haidilao', '海底捞重庆观音桥店', '重庆', '江北', '观音桥', '火锅', 'Demo：重庆观音桥', 'active'),
('hdl-西安-钟楼-01', 'haidilao', '海底捞西安钟楼店', '西安', '碑林', '钟楼', '火锅', 'Demo：西安钟楼', 'active'),
('hdl-西安-钟楼-02', 'haidilao', '海底捞西安大悦城店', '西安', '碑林', '钟楼', '火锅', 'Demo：西安钟楼', 'active'),
('hdl-西安-小寨-01', 'haidilao', '海底捞西安小寨店', '西安', '雁塔', '小寨', '火锅', 'Demo：西安小寨', 'active')
on conflict (poi_id) do update set
  poi_name = excluded.poi_name, city = excluded.city, district = excluded.district, business_area = excluded.business_area;

delete from public.fact_city_brand_monthly where brand_id = 'haidilao' and month >= '2024-01-01' and month <= '2026-06-30';
insert into public.fact_city_brand_monthly (month, brand_id, city, store_count, search_impressions, poi_visits, paid_orders, verified_orders, gmv, coupon_reduce_amount, ad_spend, roi, avg_order_value)
values
('2024-01-31', 'haidilao', '上海', 3, 8254104, 1216394, 27812, 23686, 8688530, 156394, 224699, 38.67, 312.4),
('2024-02-29', 'haidilao', '上海', 3, 8360557, 1232082, 28087, 23959, 8800586, 158411, 158826, 55.41, 313.33),
('2024-03-31', 'haidilao', '上海', 3, 8445903, 1244659, 28307, 24178, 8890424, 160028, 161770, 54.96, 314.07),
('2024-04-30', 'haidilao', '上海', 3, 8542261, 1258860, 28554, 24425, 8991854, 161853, 165126, 54.45, 314.91),
('2024-05-31', 'haidilao', '上海', 3, 8637702, 1272925, 28796, 24668, 9092318, 163662, 168484, 53.97, 315.75),
('2024-06-30', 'haidilao', '上海', 3, 8734061, 1287125, 29040, 24914, 9193748, 165487, 171908, 53.48, 316.59),
('2024-07-31', 'haidilao', '上海', 3, 8829501, 1301190, 29281, 25157, 9294212, 167296, 175333, 53.01, 317.41),
('2024-08-31', 'haidilao', '上海', 3, 8925401, 1315322, 29521, 25401, 9395159, 169113, 178809, 52.54, 318.25),
('2024-09-30', 'haidilao', '上海', 3, 9021760, 1329522, 29761, 25645, 9496589, 170939, 182335, 52.08, 319.1),
('2024-10-31', 'haidilao', '上海', 3, 6542593, 964172, 20407, 16923, 6886940, 123965, 157557, 43.71, 337.48),
('2024-11-30', 'haidilao', '上海', 3, 6638952, 978372, 20656, 17155, 6988370, 125791, 161051, 43.39, 338.32),
('2024-12-31', 'haidilao', '上海', 3, 6734392, 992437, 20902, 17386, 7088834, 127599, 164546, 43.08, 339.15),
('2025-01-31', 'haidilao', '上海', 3, 12256634, 1806241, 40027, 33205, 12901720, 232231, 272010, 47.43, 322.33),
('2025-02-28', 'haidilao', '上海', 3, 12136892, 1788595, 39751, 33031, 12775676, 229962, 266971, 47.85, 321.39),
('2025-03-31', 'haidilao', '上海', 3, 12041819, 1774584, 39531, 32892, 12675599, 228161, 263003, 48.2, 320.65),
('2025-04-30', 'haidilao', '上海', 3, 11933897, 1758680, 39279, 32732, 12561997, 226116, 258536, 48.59, 319.81),
('2025-05-31', 'haidilao', '上海', 3, 11827004, 1742927, 39029, 32573, 12449478, 224091, 254149, 48.98, 318.98),
('2025-06-30', 'haidilao', '上海', 3, 11719082, 1727023, 38775, 32409, 12335876, 222046, 249757, 49.39, 318.14),
('2025-07-31', 'haidilao', '上海', 3, 11612188, 1711270, 38522, 32246, 12223356, 220020, 245445, 49.8, 317.31),
('2025-08-31', 'haidilao', '上海', 3, 11504781, 1695441, 38267, 32081, 12110296, 217985, 241150, 50.22, 316.47),
('2025-09-30', 'haidilao', '上海', 3, 11396859, 1679537, 38008, 31911, 11996694, 215940, 236872, 50.65, 315.64),
('2025-10-31', 'haidilao', '上海', 3, 9034406, 1331386, 28199, 24454, 9509901, 171178, 228877, 41.55, 337.24),
('2025-11-30', 'haidilao', '上海', 3, 8926484, 1315482, 27932, 24257, 9396299, 169133, 224564, 41.84, 336.4),
('2025-12-31', 'haidilao', '上海', 3, 8819591, 1299729, 27666, 24061, 9283780, 167108, 220330, 42.14, 335.57),
('2026-01-31', 'haidilao', '上海', 3, 9813620, 1446218, 30649, 25516, 10330126, 185942, 248212, 41.62, 337.05),
('2026-02-28', 'haidilao', '上海', 3, 9683187, 1426996, 30325, 25204, 10192828, 183471, 243013, 41.94, 336.12),
('2026-03-31', 'haidilao', '上海', 3, 9579624, 1411734, 30067, 24956, 10083815, 181509, 238922, 42.21, 335.38),
('2026-04-30', 'haidilao', '上海', 3, 9462067, 1394410, 29773, 24675, 9960070, 179281, 234317, 42.51, 334.53),
('2026-05-31', 'haidilao', '上海', 3, 9345629, 1377251, 29480, 24395, 9837504, 177075, 229796, 42.81, 333.7),
('2026-06-30', 'haidilao', '上海', 3, 9228072, 1359926, 29182, 24112, 9713760, 174848, 225274, 43.12, 332.87),
('2024-01-31', 'haidilao', '北京', 3, 7376782, 1087105, 23889, 19664, 7765034, 139771, 176875, 43.9, 325.05),
('2024-02-29', 'haidilao', '北京', 3, 7483236, 1102793, 24165, 19858, 7877090, 141788, 177966, 44.26, 325.97),
('2024-03-31', 'haidilao', '北京', 3, 7568582, 1115370, 24385, 20012, 7966928, 143405, 178810, 44.56, 326.71),
('2024-04-30', 'haidilao', '北京', 3, 7664940, 1129570, 24632, 21661, 8068358, 145230, 179731, 44.89, 327.56),
('2024-05-31', 'haidilao', '北京', 3, 7760381, 1143635, 24876, 21845, 8168822, 147039, 180609, 45.23, 328.38),
('2024-06-30', 'haidilao', '北京', 3, 7856739, 1157835, 25120, 22027, 8270252, 148865, 181463, 45.58, 329.23),
('2024-07-31', 'haidilao', '北京', 3, 7952180, 1171900, 25362, 22208, 8370716, 150673, 182274, 45.92, 330.05),
('2024-08-31', 'haidilao', '北京', 3, 8048080, 1186033, 25603, 22387, 8471663, 152490, 183056, 46.28, 330.89),
('2024-09-30', 'haidilao', '北京', 3, 8144438, 1200233, 25843, 22564, 8573093, 154316, 183807, 46.64, 331.74),
('2024-10-31', 'haidilao', '北京', 3, 10253772, 1511082, 34804, 29428, 10793444, 194282, 278065, 38.82, 310.12),
('2024-11-30', 'haidilao', '北京', 3, 10350130, 1525282, 35036, 29580, 10894874, 196108, 278848, 39.07, 310.96),
('2024-12-31', 'haidilao', '北京', 3, 10445571, 1539347, 35265, 29729, 10995338, 197916, 279589, 39.33, 311.79),
('2025-01-31', 'haidilao', '北京', 3, 8100114, 1193701, 27477, 23225, 8526436, 153476, 205603, 41.47, 310.31),
('2025-02-28', 'haidilao', '北京', 3, 7980372, 1176055, 26989, 22775, 8400392, 151207, 204130, 41.15, 311.25),
('2025-03-31', 'haidilao', '北京', 3, 7885298, 1162044, 26605, 22421, 8300314, 149406, 202926, 40.9, 311.98),
('2025-04-30', 'haidilao', '北京', 3, 7777377, 1146140, 26170, 22021, 8186713, 147361, 201524, 40.62, 312.83),
('2025-05-31', 'haidilao', '北京', 3, 7670483, 1130387, 25742, 21629, 8074193, 145335, 200098, 40.35, 313.66),
('2025-06-30', 'haidilao', '北京', 3, 7562562, 1114483, 25312, 21236, 7960592, 143291, 198620, 40.08, 314.5),
('2025-07-31', 'haidilao', '北京', 3, 7455668, 1098730, 24888, 20849, 7848072, 141265, 197118, 39.81, 315.34),
('2025-08-31', 'haidilao', '北京', 3, 7348260, 1082902, 24465, 20464, 7735011, 139230, 195572, 39.55, 316.17),
('2025-09-30', 'haidilao', '北京', 3, 7240340, 1066997, 24042, 20080, 7621410, 137185, 193980, 39.29, 317),
('2025-10-31', 'haidilao', '北京', 3, 10017005, 1476190, 31438, 27276, 10544216, 189796, 222795, 47.33, 335.4),
('2025-11-30', 'haidilao', '北京', 3, 9909084, 1460286, 31022, 26876, 10430615, 187751, 222147, 46.95, 336.23),
('2025-12-31', 'haidilao', '北京', 3, 9802190, 1444533, 30611, 26482, 10318095, 185726, 221468, 46.59, 337.07),
('2026-01-31', 'haidilao', '北京', 3, 10883951, 1603951, 35316, 30631, 11456791, 206222, 242527, 47.24, 324.41),
('2026-02-28', 'haidilao', '北京', 3, 10753518, 1584729, 34993, 30301, 11319493, 203751, 241730, 46.83, 323.48),
('2026-03-31', 'haidilao', '北京', 3, 10649956, 1569467, 34736, 30040, 11210480, 201789, 241061, 46.5, 322.73),
('2026-04-30', 'haidilao', '北京', 3, 10532398, 1552143, 34442, 29743, 11086735, 199561, 240263, 46.14, 321.9),
('2026-05-31', 'haidilao', '北京', 3, 10415961, 1534984, 34149, 29447, 10964169, 197355, 239431, 45.79, 321.07),
('2026-06-30', 'haidilao', '北京', 3, 10298404, 1517660, 33853, 29149, 10840425, 195128, 238550, 45.44, 320.22),
('2024-01-31', 'haidilao', '深圳', 3, 10443217, 1539000, 32429, 27066, 10992860, 197871, 224342, 49, 338.98),
('2024-02-29', 'haidilao', '深圳', 3, 10350649, 1525359, 32054, 26798, 10895420, 196118, 220332, 49.45, 339.91),
('2024-03-31', 'haidilao', '深圳', 3, 10276435, 1514422, 31755, 26583, 10817300, 194711, 217142, 49.82, 340.65),
('2024-04-30', 'haidilao', '深圳', 3, 10192645, 1502074, 31418, 26341, 10729100, 193124, 213569, 50.24, 341.5),
('2024-05-31', 'haidilao', '深圳', 3, 10109653, 1489844, 31087, 26102, 10641740, 191551, 210059, 50.66, 342.32),
('2024-06-30', 'haidilao', '深圳', 3, 10025863, 1477496, 30754, 25861, 10553540, 189964, 206545, 51.1, 343.16),
('2024-07-31', 'haidilao', '深圳', 3, 9942871, 1465265, 30425, 25622, 10466180, 188391, 203094, 51.53, 344),
('2024-08-31', 'haidilao', '深圳', 3, 9859480, 1452976, 30097, 25384, 10378400, 186811, 199656, 51.98, 344.83),
('2024-09-30', 'haidilao', '深圳', 3, 9775690, 1440628, 29769, 25145, 10290200, 185224, 196230, 52.44, 345.67),
('2024-10-31', 'haidilao', '深圳', 3, 7941487, 1170324, 25796, 22500, 8359460, 150470, 195544, 42.75, 324.06),
('2024-11-30', 'haidilao', '深圳', 3, 7857697, 1157976, 25458, 22238, 8271260, 148883, 192092, 43.06, 324.9),
('2024-12-31', 'haidilao', '深圳', 3, 7774705, 1145746, 25125, 21978, 8183900, 147310, 188701, 43.37, 325.73),
('2025-01-31', 'haidilao', '深圳', 3, 8872569, 1307536, 28803, 23833, 9339546, 168112, 218105, 42.82, 324.26),
('2025-02-28', 'haidilao', '深圳', 3, 8768445, 1292192, 28383, 23446, 9229942, 166139, 213825, 43.17, 325.19),
('2025-03-31', 'haidilao', '深圳', 3, 8685772, 1280009, 28052, 23142, 9142918, 164573, 210455, 43.44, 325.93),
('2025-04-30', 'haidilao', '深圳', 3, 8591927, 1266179, 27678, 22798, 9044134, 162794, 206662, 43.76, 326.76),
('2025-05-31', 'haidilao', '深圳', 3, 8498976, 1252481, 27309, 22460, 8946291, 161033, 202938, 44.08, 327.59),
('2025-06-30', 'haidilao', '深圳', 3, 8405132, 1238651, 26938, 22121, 8847507, 159255, 199210, 44.41, 328.44),
('2025-07-31', 'haidilao', '深圳', 3, 8312181, 1224953, 26573, 23383, 8749664, 157494, 195551, 44.74, 329.27),
('2025-08-31', 'haidilao', '深圳', 3, 8218783, 1211189, 26208, 23029, 8651350, 155724, 191908, 45.08, 330.1),
('2025-09-30', 'haidilao', '深圳', 3, 8124938, 1197359, 25843, 22675, 8552566, 153946, 188280, 45.42, 330.94),
('2025-10-31', 'haidilao', '深圳', 3, 10539431, 1553179, 31758, 26989, 11094138, 199694, 203431, 54.54, 349.33),
('2025-11-30', 'haidilao', '深圳', 3, 10445586, 1539350, 35449, 30081, 10995354, 197916, 199772, 55.04, 310.17),
('2025-12-31', 'haidilao', '深圳', 3, 10352635, 1525651, 35039, 29690, 10897510, 196155, 196181, 55.55, 311.01),
('2026-01-31', 'haidilao', '深圳', 3, 12725147, 1875285, 38322, 32556, 13394892, 241108, 245094, 54.65, 349.54),
('2026-02-28', 'haidilao', '深圳', 3, 7970768, 1174639, 27025, 22921, 8390282, 151025, 151958, 55.21, 310.46),
('2026-03-31', 'haidilao', '深圳', 3, 8060822, 1187911, 27265, 23095, 8485076, 152731, 220300, 38.52, 311.21),
('2026-04-30', 'haidilao', '深圳', 3, 8163046, 1202975, 27537, 23290, 8592680, 154668, 221650, 38.77, 312.04),
('2026-05-31', 'haidilao', '深圳', 3, 8264296, 1217896, 27804, 23481, 8699259, 156587, 222952, 39.02, 312.88),
('2026-06-30', 'haidilao', '深圳', 3, 8366520, 1232961, 28073, 23673, 8806863, 158524, 224230, 39.28, 313.71),
('2024-01-31', 'haidilao', '成都', 3, 7510966, 1106879, 24800, 21068, 7906280, 142313, 144622, 54.67, 318.8),
('2024-02-29', 'haidilao', '成都', 3, 7418398, 1093238, 24423, 20714, 7808840, 140559, 141390, 55.23, 319.73),
('2024-03-31', 'haidilao', '成都', 3, 7344184, 1082301, 24123, 20432, 7730720, 139153, 200671, 38.52, 320.47),
('2024-04-30', 'haidilao', '成都', 3, 7260394, 1069953, 23785, 20116, 7642520, 137565, 197098, 38.78, 321.32),
('2024-05-31', 'haidilao', '成都', 3, 7177402, 1057722, 23453, 19806, 7555160, 135993, 193587, 39.03, 322.14),
('2024-06-30', 'haidilao', '成都', 3, 7093612, 1045374, 23119, 19495, 7466960, 134405, 190073, 39.28, 322.98),
('2024-07-31', 'haidilao', '成都', 3, 7010620, 1033144, 22789, 19188, 7379600, 132833, 186621, 39.54, 323.82),
('2024-08-31', 'haidilao', '成都', 3, 6927229, 1020855, 22460, 18883, 7291820, 131253, 183182, 39.81, 324.66),
('2024-09-30', 'haidilao', '成都', 3, 6843439, 1008507, 22131, 18578, 7203620, 129665, 179756, 40.07, 325.5),
('2024-10-31', 'haidilao', '成都', 3, 8999236, 1326203, 27547, 24018, 9472880, 170512, 201545, 47, 343.88),
('2024-11-30', 'haidilao', '成都', 3, 8915446, 1313855, 27224, 23702, 9384680, 168924, 198092, 47.38, 344.72),
('2024-12-31', 'haidilao', '成都', 3, 8832454, 1301625, 26906, 23392, 9297320, 167352, 194701, 47.75, 345.55),
('2025-01-31', 'haidilao', '成都', 3, 10057247, 1482121, 30768, 26817, 10586576, 190558, 218083, 48.54, 344.08),
('2025-02-28', 'haidilao', '成都', 3, 9953124, 1466776, 30367, 26425, 10476973, 188586, 217779, 48.11, 345.01),
('2025-03-31', 'haidilao', '成都', 3, 9870452, 1454593, 30051, 26117, 10389949, 187019, 217507, 47.77, 345.74),
('2025-04-30', 'haidilao', '成都', 3, 9776607, 1440763, 29693, 25768, 10291165, 185241, 217168, 47.39, 346.59),
('2025-05-31', 'haidilao', '成都', 3, 9683656, 1427065, 29340, 25425, 10193322, 183480, 216800, 47.02, 347.42),
('2025-06-30', 'haidilao', '成都', 3, 9589811, 1413235, 28986, 25082, 10094538, 181702, 216395, 46.65, 348.26),
('2025-07-31', 'haidilao', '成都', 3, 9496859, 1399537, 28636, 24744, 9996694, 179940, 215961, 46.29, 349.1),
('2025-08-31', 'haidilao', '成都', 3, 9403462, 1385773, 28287, 24406, 9898381, 178171, 215492, 45.93, 349.93),
('2025-09-30', 'haidilao', '成都', 3, 9309617, 1371944, 31533, 27167, 9799597, 176393, 214987, 45.58, 310.77),
('2025-10-31', 'haidilao', '成都', 3, 7255310, 1069204, 23202, 19350, 7637168, 137469, 195634, 39.04, 329.16),
('2025-11-30', 'haidilao', '成都', 3, 11630265, 1713934, 37099, 30893, 12242384, 220363, 315658, 38.78, 329.99),
('2025-12-31', 'haidilao', '成都', 3, 11537314, 1700236, 36710, 30523, 12144541, 218602, 315156, 38.54, 330.82),
('2026-01-31', 'haidilao', '成都', 3, 11434694, 1685113, 36403, 30946, 12036520, 216657, 308799, 38.98, 330.65),
('2026-02-28', 'haidilao', '成都', 3, 11548114, 1701827, 36868, 31393, 12155909, 218806, 314128, 38.7, 329.71),
('2026-03-31', 'haidilao', '成都', 3, 11638168, 1715098, 37239, 31750, 12250703, 220513, 318391, 38.48, 328.98),
('2026-04-30', 'haidilao', '成都', 3, 11740392, 1730163, 37662, 32158, 12358307, 222450, 224397, 55.07, 328.14),
('2026-05-31', 'haidilao', '成都', 3, 11841642, 1745084, 38084, 32566, 12464886, 224368, 228407, 54.57, 327.3),
('2026-06-30', 'haidilao', '成都', 3, 11943866, 1760149, 38511, 32980, 12572490, 226305, 232490, 54.08, 326.46),
('2024-01-31', 'haidilao', '杭州', 3, 6850222, 1009506, 22005, 18383, 7210760, 129794, 170860, 42.2, 327.69),
('2024-02-29', 'haidilao', '杭州', 3, 6942790, 1023148, 22366, 18716, 7308200, 131548, 174526, 41.87, 326.75),
('2024-03-31', 'haidilao', '杭州', 3, 7017004, 1034085, 22657, 18984, 7386320, 132954, 177490, 41.62, 326.01),
('2024-04-30', 'haidilao', '杭州', 3, 7100794, 1046433, 22987, 19290, 7474520, 134541, 180865, 41.33, 325.16),
('2024-05-31', 'haidilao', '杭州', 3, 7183786, 1058663, 23315, 19594, 7561880, 136114, 184238, 41.04, 324.34),
('2024-06-30', 'haidilao', '杭州', 3, 7267576, 1071011, 23648, 19904, 7650080, 137701, 187672, 40.76, 323.5),
('2024-07-31', 'haidilao', '杭州', 3, 7350568, 1083242, 23980, 20213, 7737440, 139274, 191102, 40.49, 322.66),
('2024-08-31', 'haidilao', '杭州', 3, 7433959, 1095531, 24315, 20526, 7825220, 140854, 194579, 40.22, 321.83),
('2024-09-30', 'haidilao', '杭州', 3, 7517749, 1107879, 24653, 20842, 7913420, 142442, 198101, 39.95, 320.99),
('2024-10-31', 'haidilao', '杭州', 3, 9351952, 1378182, 28734, 25085, 9844160, 177195, 203884, 48.28, 342.6),
('2024-11-30', 'haidilao', '杭州', 3, 9435742, 1390530, 29062, 25408, 9932360, 178782, 207380, 47.89, 341.76),
('2024-12-31', 'haidilao', '杭州', 3, 9518734, 1402761, 29390, 25732, 10019720, 180355, 210871, 47.52, 340.92),
('2025-01-31', 'haidilao', '杭州', 3, 8443116, 1244249, 25956, 22668, 8887491, 159975, 184419, 48.19, 342.41),
('2025-02-28', 'haidilao', '杭州', 3, 8338994, 1228904, 25706, 22485, 8777888, 158002, 183781, 47.76, 341.47),
('2025-03-31', 'haidilao', '杭州', 3, 8256321, 1216721, 25506, 22339, 8690864, 156436, 183245, 47.43, 340.74),
('2025-04-30', 'haidilao', '杭州', 3, 8162476, 1202891, 25279, 22172, 8592080, 154657, 182606, 47.05, 339.89),
('2025-05-31', 'haidilao', '杭州', 3, 8069525, 1189193, 25052, 22004, 8494237, 152896, 181940, 46.69, 339.06),
('2025-06-30', 'haidilao', '杭州', 3, 7975680, 1175363, 24822, 21833, 8395453, 151118, 181234, 46.32, 338.23),
('2025-07-31', 'haidilao', '杭州', 3, 7882730, 1161665, 24594, 20188, 8297610, 149357, 180503, 45.97, 337.38),
('2025-08-31', 'haidilao', '杭州', 3, 7789331, 1147901, 24363, 20029, 8199296, 147587, 179735, 45.62, 336.55),
('2025-09-30', 'haidilao', '杭州', 3, 7695486, 1134072, 24129, 19867, 8100512, 145809, 178931, 45.27, 335.72),
('2025-10-31', 'haidilao', '杭州', 3, 10109979, 1489892, 33537, 28538, 10642083, 191557, 274208, 38.81, 317.32),
('2025-11-30', 'haidilao', '杭州', 3, 10016134, 1476062, 33314, 28390, 10543299, 189779, 273434, 38.56, 316.48),
('2025-12-31', 'haidilao', '杭州', 3, 9923183, 1462364, 33092, 28242, 10445456, 188018, 189071, 55.25, 315.65),
('2026-01-31', 'haidilao', '杭州', 3, 10988804, 1619403, 34835, 29652, 11567162, 208209, 210458, 54.96, 332.06),
('2026-02-28', 'haidilao', '杭州', 3, 10875383, 1602688, 34379, 29312, 11447772, 206060, 206151, 55.53, 332.99),
('2026-03-31', 'haidilao', '杭州', 3, 10785329, 1589417, 34019, 29043, 11352978, 204354, 293588, 38.67, 333.72),
('2026-04-30', 'haidilao', '杭州', 3, 10683105, 1574352, 33612, 28738, 11245374, 202417, 288916, 38.92, 334.56),
('2026-05-31', 'haidilao', '杭州', 3, 10581855, 1559431, 33210, 28436, 11138795, 200498, 284324, 39.18, 335.4),
('2026-06-30', 'haidilao', '杭州', 3, 10479631, 1544367, 32807, 28132, 11031191, 198561, 279725, 39.44, 336.25),
('2024-01-31', 'haidilao', '广州', 3, 9177988, 1352546, 27742, 24153, 9661040, 173899, 197031, 49.03, 348.25),
('2024-02-29', 'haidilao', '广州', 3, 9085420, 1338904, 27389, 23884, 9563600, 172145, 196819, 48.59, 349.18),
('2024-03-31', 'haidilao', '广州', 3, 9011206, 1327967, 27108, 23669, 9485480, 170739, 196623, 48.24, 349.91),
('2024-04-30', 'haidilao', '广州', 3, 8927416, 1315619, 30240, 26442, 9397280, 169151, 196373, 47.85, 310.76),
('2024-05-31', 'haidilao', '广州', 3, 8844424, 1303389, 29879, 26164, 9309920, 167579, 196097, 47.48, 311.59),
('2024-06-30', 'haidilao', '广州', 3, 8760634, 1291041, 29516, 25883, 9221720, 165991, 195788, 47.1, 312.43),
('2024-07-31', 'haidilao', '广州', 3, 8677642, 1278810, 29159, 25606, 9134360, 164418, 195453, 46.73, 313.26),
('2024-08-31', 'haidilao', '广州', 3, 8594251, 1266521, 28802, 25329, 9046580, 162838, 195088, 46.37, 314.1),
('2024-09-30', 'haidilao', '广州', 3, 8510461, 1254173, 28445, 23344, 8958380, 161251, 194691, 46.01, 314.94),
('2024-10-31', 'haidilao', '广州', 3, 6676258, 983870, 21083, 17884, 7027640, 126498, 178575, 39.35, 333.33),
('2024-11-30', 'haidilao', '广州', 3, 6592468, 971522, 20766, 17641, 6939440, 124910, 177500, 39.1, 334.17),
('2024-12-31', 'haidilao', '广州', 3, 6509476, 959291, 20454, 17402, 6852080, 123337, 176405, 38.84, 335),
('2025-01-31', 'haidilao', '广州', 3, 7455512, 1098707, 23530, 19966, 7847907, 141262, 145582, 53.91, 333.53),
('2025-02-28', 'haidilao', '广州', 3, 7351389, 1083363, 23137, 19665, 7738304, 139289, 142106, 54.45, 334.46),
('2025-03-31', 'haidilao', '广州', 3, 7268716, 1071179, 22826, 19426, 7651280, 137723, 139376, 54.9, 335.2),
('2025-04-30', 'haidilao', '广州', 3, 11643671, 1715909, 36474, 31088, 12256496, 220617, 221205, 55.41, 336.03),
('2025-05-31', 'haidilao', '广州', 3, 11550720, 1702211, 36093, 30808, 12158653, 218856, 314685, 38.64, 336.87),
('2025-06-30', 'haidilao', '广州', 3, 11456876, 1688382, 35711, 30527, 12059869, 217078, 310103, 38.89, 337.71),
('2025-07-31', 'haidilao', '广州', 3, 11363925, 1674684, 35334, 30249, 11962026, 215316, 305596, 39.14, 338.54),
('2025-08-31', 'haidilao', '广州', 3, 11270526, 1660920, 34957, 29970, 11863712, 213547, 301101, 39.4, 339.38),
('2025-09-30', 'haidilao', '广州', 3, 11176682, 1647090, 34581, 29691, 11764928, 211769, 296617, 39.66, 340.21),
('2025-10-31', 'haidilao', '广州', 3, 9122374, 1344350, 30139, 24900, 9602499, 172845, 206784, 46.44, 318.61),
('2025-11-30', 'haidilao', '广州', 3, 9028529, 1330520, 29751, 24617, 9503715, 171067, 203060, 46.8, 319.44),
('2025-12-31', 'haidilao', '广州', 3, 8935578, 1316822, 29368, 24337, 9405872, 169306, 199404, 47.17, 320.28),
('2026-01-31', 'haidilao', '广州', 3, 9400927, 1385400, 29003, 25335, 9895713, 178123, 212710, 46.52, 341.2),
('2026-02-28', 'haidilao', '广州', 3, 9514347, 1402114, 29433, 25670, 10015102, 180272, 213410, 46.93, 340.27),
('2026-03-31', 'haidilao', '广州', 3, 9604401, 1415385, 29776, 25936, 10109896, 181978, 213933, 47.26, 339.53),
('2026-04-30', 'haidilao', '广州', 3, 9706625, 1430450, 30168, 26239, 10217500, 183915, 214494, 47.64, 338.69),
('2026-05-31', 'haidilao', '广州', 3, 9807875, 1445371, 30558, 26540, 10324079, 185833, 215013, 48.02, 337.85),
('2026-06-30', 'haidilao', '广州', 3, 9910099, 1460436, 30953, 26844, 10431683, 187770, 215502, 48.41, 337.02),
('2024-01-31', 'haidilao', '南京', 3, 7487026, 1103351, 24939, 20510, 7881080, 141859, 173100, 45.53, 316.01),
('2024-02-29', 'haidilao', '南京', 3, 7579594, 1116993, 25322, 20860, 7978520, 143613, 176721, 45.15, 315.08),
('2024-03-31', 'haidilao', '南京', 3, 7653808, 1127930, 25630, 21143, 8056640, 145020, 179650, 44.85, 314.34),
('2024-04-30', 'haidilao', '南京', 3, 7737598, 1140278, 25980, 21464, 8144840, 146607, 182985, 44.51, 313.5),
('2024-05-31', 'haidilao', '南京', 3, 7820590, 1152508, 26329, 21785, 8232200, 148180, 186318, 44.18, 312.67),
('2024-06-30', 'haidilao', '南京', 3, 7904380, 1164856, 26682, 22111, 8320400, 149767, 189712, 43.86, 311.84),
('2024-07-31', 'haidilao', '南京', 3, 7987372, 1177086, 27035, 22437, 8407760, 151340, 193103, 43.54, 311),
('2024-08-31', 'haidilao', '南京', 3, 8070763, 1189376, 27390, 22766, 8495540, 152920, 196539, 43.23, 310.17),
('2024-09-30', 'haidilao', '南京', 3, 8154553, 1201724, 24572, 20455, 8583740, 154507, 200022, 42.91, 349.33),
('2024-10-31', 'haidilao', '南京', 3, 9988756, 1472027, 31772, 27325, 10514480, 189261, 199565, 52.69, 330.94),
('2024-11-30', 'haidilao', '南京', 3, 10072546, 1484375, 32120, 27665, 10602680, 190848, 203020, 52.22, 330.1),
('2024-12-31', 'haidilao', '南京', 3, 10155538, 1496606, 32466, 28003, 10690040, 192421, 206472, 51.77, 329.27),
('2025-01-31', 'haidilao', '南京', 3, 11209304, 1651897, 35675, 30692, 11799267, 212387, 224413, 52.58, 330.74),
('2025-02-28', 'haidilao', '南京', 3, 11313427, 1667242, 36108, 31115, 11908870, 214360, 228717, 52.07, 329.81),
('2025-03-31', 'haidilao', '南京', 3, 11396099, 1679425, 36454, 31454, 11995894, 215926, 232164, 51.67, 329.07),
('2025-04-30', 'haidilao', '南京', 3, 11489944, 1693255, 36848, 31840, 12094678, 217704, 236107, 51.23, 328.23),
('2025-05-31', 'haidilao', '南京', 3, 11582896, 1706953, 37241, 32226, 12192522, 219465, 240046, 50.79, 327.4),
('2025-06-30', 'haidilao', '南京', 3, 11676741, 1720783, 37639, 32618, 12291306, 221244, 244056, 50.36, 326.56),
('2025-07-31', 'haidilao', '南京', 3, 7300892, 1075921, 23594, 20476, 7685149, 138333, 153875, 49.94, 325.72),
('2025-08-31', 'haidilao', '南京', 3, 7394289, 1089685, 23957, 20821, 7783462, 140102, 157145, 49.53, 324.89),
('2025-09-30', 'haidilao', '南京', 3, 7488134, 1103514, 24324, 21171, 7882246, 141880, 160464, 49.12, 324.05),
('2025-10-31', 'haidilao', '南京', 3, 9542441, 1406255, 29059, 24350, 10044675, 180804, 241426, 41.61, 345.66),
('2025-11-30', 'haidilao', '南京', 3, 9636286, 1420084, 29417, 24687, 10143459, 182582, 245504, 41.32, 344.82),
('2025-12-31', 'haidilao', '南京', 3, 9729237, 1433782, 29772, 25022, 10241302, 184343, 249576, 41.03, 343.99),
('2026-01-31', 'haidilao', '南京', 3, 10211902, 1504912, 31274, 26215, 10749371, 193489, 214188, 50.19, 343.72),
('2026-02-28', 'haidilao', '南京', 3, 10098483, 1488197, 30843, 25897, 10629982, 191340, 209827, 50.66, 344.65),
('2026-03-31', 'haidilao', '南京', 3, 10008429, 1474926, 30502, 25644, 10535188, 189633, 206397, 51.04, 345.39),
('2026-04-30', 'haidilao', '南京', 3, 9906205, 1459862, 30117, 25359, 10427584, 187697, 202537, 51.48, 346.24),
('2026-05-31', 'haidilao', '南京', 3, 9804955, 1444941, 29738, 25077, 10321005, 185778, 198750, 51.93, 347.06),
('2026-06-30', 'haidilao', '南京', 3, 9702731, 1429876, 29357, 24792, 10213401, 183841, 194962, 52.39, 347.9),
('2024-01-31', 'haidilao', '武汉', 3, 8183680, 1206016, 24923, 21770, 8614400, 155059, 178966, 48.13, 345.64),
('2024-02-29', 'haidilao', '武汉', 3, 8091112, 1192374, 24575, 21500, 8516960, 153305, 178522, 47.71, 346.57),
('2024-03-31', 'haidilao', '武汉', 3, 8016898, 1181438, 24298, 21285, 8438840, 151899, 178141, 47.37, 347.31),
('2024-04-30', 'haidilao', '武汉', 3, 7933108, 1169090, 23986, 21042, 8350640, 150312, 177682, 47, 348.15),
('2024-05-31', 'haidilao', '武汉', 3, 7850116, 1156859, 23678, 20801, 8263280, 148739, 177198, 46.63, 348.99),
('2024-06-30', 'haidilao', '武汉', 3, 7766326, 1144511, 23369, 20559, 8175080, 147151, 176680, 46.27, 349.83),
('2024-07-31', 'haidilao', '武汉', 3, 7683334, 1132281, 26034, 21374, 8087720, 145579, 176138, 45.92, 310.66),
('2024-08-31', 'haidilao', '武汉', 3, 7599943, 1119992, 25683, 21118, 7999940, 143999, 175563, 45.57, 311.49),
('2024-09-30', 'haidilao', '武汉', 3, 7516153, 1107644, 25331, 20861, 7911740, 142411, 174957, 45.22, 312.33),
('2024-10-31', 'haidilao', '武汉', 3, 9671950, 1425340, 30784, 26201, 10181000, 183258, 262580, 38.77, 330.72),
('2024-11-30', 'haidilao', '武汉', 3, 9588160, 1412992, 30440, 25946, 10092800, 181670, 262001, 38.52, 331.56),
('2024-12-31', 'haidilao', '武汉', 3, 9505168, 1400762, 30101, 25695, 10005440, 180098, 181355, 55.17, 332.4),
('2025-01-31', 'haidilao', '武汉', 3, 10810687, 1593154, 34388, 29278, 11379670, 204834, 206764, 55.04, 330.92),
('2025-02-28', 'haidilao', '武汉', 3, 10706564, 1577809, 33962, 28963, 11270067, 202861, 292832, 38.49, 331.84),
('2025-03-31', 'haidilao', '武汉', 3, 10623891, 1565626, 33624, 28712, 11183043, 201295, 288916, 38.71, 332.59),
('2025-04-30', 'haidilao', '武汉', 3, 10530046, 1551796, 33243, 28429, 11084259, 199517, 284502, 38.96, 333.43),
('2025-05-31', 'haidilao', '武汉', 3, 10437095, 1538098, 32868, 28149, 10986416, 197755, 280162, 39.21, 334.26),
('2025-06-30', 'haidilao', '武汉', 3, 10343250, 1524268, 32491, 27867, 10887632, 195977, 275814, 39.47, 335.1),
('2025-07-31', 'haidilao', '武汉', 3, 10250300, 1510570, 32119, 27588, 10789789, 194216, 271540, 39.74, 335.93),
('2025-08-31', 'haidilao', '武汉', 3, 10156901, 1496807, 31747, 27308, 10691475, 192447, 267278, 40, 336.77),
('2025-09-30', 'haidilao', '武汉', 3, 10063056, 1482977, 31376, 27029, 10592691, 190668, 263029, 40.27, 337.6),
('2025-10-31', 'haidilao', '武汉', 3, 8008749, 1180237, 26678, 22117, 8430262, 151745, 178330, 47.27, 316),
('2025-11-30', 'haidilao', '武汉', 3, 7914904, 1166407, 26296, 21833, 8331478, 149967, 174841, 47.65, 316.83),
('2025-12-31', 'haidilao', '武汉', 3, 7821953, 1152709, 25919, 21553, 8233635, 148205, 171418, 48.03, 317.67),
('2026-01-31', 'haidilao', '武汉', 3, 10613983, 1564166, 32497, 28294, 11172614, 201107, 235903, 47.36, 343.8),
('2026-02-28', 'haidilao', '武汉', 3, 10727403, 1580880, 32933, 28628, 11292003, 203256, 236319, 47.78, 342.88),
('2026-03-31', 'haidilao', '武汉', 3, 10817457, 1594152, 33281, 28893, 11386797, 204962, 236618, 48.12, 342.14),
('2026-04-30', 'haidilao', '武汉', 3, 10919681, 1609216, 33679, 29197, 11494401, 206899, 236923, 48.52, 341.29),
('2026-05-31', 'haidilao', '武汉', 3, 11020931, 1624137, 34074, 29496, 11600980, 208818, 237189, 48.91, 340.46),
('2026-06-30', 'haidilao', '武汉', 3, 11123155, 1639202, 34475, 29800, 11708584, 210755, 237422, 49.32, 339.63),
('2024-01-31', 'haidilao', '重庆', 3, 7000246, 1031615, 23113, 19341, 7368680, 132636, 181264, 40.65, 318.81),
('2024-02-29', 'haidilao', '重庆', 3, 7092814, 1045257, 23487, 19622, 7466120, 134390, 182275, 40.96, 317.88),
('2024-03-31', 'haidilao', '重庆', 3, 7167028, 1056194, 23788, 19846, 7544240, 135796, 183059, 41.21, 317.14),
('2024-04-30', 'haidilao', '重庆', 3, 7250818, 1068542, 24130, 20101, 7632440, 137384, 183917, 41.5, 316.31),
('2024-05-31', 'haidilao', '重庆', 3, 7333810, 1080772, 24471, 20355, 7719800, 138956, 184738, 41.79, 315.47),
('2024-06-30', 'haidilao', '重庆', 3, 7417600, 1093120, 24816, 20611, 7808000, 140544, 185537, 42.08, 314.64),
('2024-07-31', 'haidilao', '重庆', 3, 7500592, 1105350, 25160, 20865, 7895360, 142116, 186299, 42.38, 313.81),
('2024-08-31', 'haidilao', '重庆', 3, 7583983, 1117640, 25508, 21121, 7983140, 143697, 187035, 42.68, 312.97),
('2024-09-30', 'haidilao', '重庆', 3, 7667773, 1129988, 25859, 21380, 8071340, 145284, 187746, 42.99, 312.13),
('2024-10-31', 'haidilao', '重庆', 3, 9501976, 1400291, 29970, 25750, 10002080, 180037, 195873, 51.06, 333.74),
('2024-11-30', 'haidilao', '重庆', 3, 9585766, 1412639, 30311, 26005, 10090280, 181625, 195905, 51.51, 332.89),
('2024-12-31', 'haidilao', '重庆', 3, 9668758, 1424870, 30650, 26257, 10177640, 183198, 195907, 51.95, 332.06),
('2025-01-31', 'haidilao', '重庆', 3, 10664110, 1571553, 33655, 28906, 11225379, 202057, 250245, 44.86, 333.54),
('2025-02-28', 'haidilao', '重庆', 3, 10768233, 1586897, 34079, 29223, 11334982, 204030, 254801, 44.49, 332.61),
('2025-03-31', 'haidilao', '重庆', 3, 10850906, 1599081, 34417, 29474, 11422006, 205596, 258448, 44.19, 331.87),
('2025-04-30', 'haidilao', '重庆', 3, 10944751, 1612911, 34803, 29761, 11520790, 207374, 262619, 43.87, 331.03),
('2025-05-31', 'haidilao', '重庆', 3, 11037702, 1626609, 35187, 30046, 11618634, 209135, 266782, 43.55, 330.2),
('2025-06-30', 'haidilao', '重庆', 3, 11131547, 1640439, 35577, 30334, 11717418, 210914, 271019, 43.23, 329.35),
('2025-07-31', 'haidilao', '重庆', 3, 11224498, 1654137, 35965, 30620, 11815261, 212675, 275248, 42.93, 328.52),
('2025-08-31', 'haidilao', '重庆', 3, 11317895, 1667900, 36356, 30907, 11913574, 214444, 279531, 42.62, 327.69),
('2025-09-30', 'haidilao', '重庆', 3, 11411740, 1681730, 36752, 31197, 12012358, 216222, 283866, 42.32, 326.85),
('2025-10-31', 'haidilao', '重庆', 3, 8997248, 1325910, 27179, 22322, 9470787, 170474, 182870, 51.79, 348.46),
('2025-11-30', 'haidilao', '重庆', 3, 9091092, 1339740, 27529, 22574, 9569571, 172252, 186385, 51.34, 347.62),
('2025-12-31', 'haidilao', '重庆', 3, 9184043, 1353438, 27877, 24497, 9667414, 174013, 189899, 50.91, 346.79),
('2026-01-31', 'haidilao', '重庆', 3, 9824426, 1447810, 30334, 26172, 10341501, 186147, 200087, 51.69, 340.92),
('2026-02-28', 'haidilao', '重庆', 3, 9937846, 1464525, 30601, 26445, 10460890, 188296, 204347, 51.19, 341.85),
('2026-03-31', 'haidilao', '重庆', 3, 10027900, 1477796, 30811, 26661, 10555684, 190002, 207761, 50.81, 342.59),
('2026-04-30', 'haidilao', '重庆', 3, 10130124, 1492860, 31049, 26906, 10663288, 191939, 211671, 50.38, 343.43),
('2026-05-31', 'haidilao', '重庆', 3, 10231374, 1507781, 31284, 27149, 10769867, 193858, 215578, 49.96, 344.26),
('2026-06-30', 'haidilao', '重庆', 3, 10333597, 1522846, 31519, 27392, 10877471, 195794, 219560, 49.54, 345.11),
('2024-01-31', 'haidilao', '西安', 3, 6495511, 957233, 19664, 16217, 6837380, 123073, 152249, 44.91, 347.71),
('2024-02-29', 'haidilao', '西安', 3, 6588079, 970875, 19891, 16432, 6934820, 124827, 155706, 44.54, 348.64),
('2024-03-31', 'haidilao', '西安', 3, 6662293, 981812, 20072, 16603, 7012940, 126233, 158504, 44.24, 349.39),
('2024-04-30', 'haidilao', '西安', 3, 6746083, 994160, 22890, 18963, 7101140, 127821, 161690, 43.92, 310.23),
('2024-05-31', 'haidilao', '西安', 3, 6829075, 1006390, 23110, 19174, 7188500, 129393, 164875, 43.6, 311.06),
('2024-06-30', 'haidilao', '西安', 3, 6912865, 1018738, 23330, 19386, 7276700, 130981, 168121, 43.28, 311.9),
('2024-07-31', 'haidilao', '西安', 3, 6995857, 1030968, 23548, 19597, 7364060, 132553, 171365, 42.97, 312.73),
('2024-08-31', 'haidilao', '西安', 3, 7079248, 1043258, 23765, 19807, 7451840, 134133, 174653, 42.67, 313.56),
('2024-09-30', 'haidilao', '西安', 3, 7163038, 1055606, 23982, 20018, 7540040, 135721, 177987, 42.36, 314.4),
('2024-10-31', 'haidilao', '西安', 3, 8997241, 1325909, 28458, 24540, 9470780, 170474, 182627, 51.86, 332.8),
('2024-11-30', 'haidilao', '西安', 3, 9081031, 1338257, 28651, 24742, 9558980, 172062, 185934, 51.41, 333.64),
('2024-12-31', 'haidilao', '西安', 3, 9164023, 1350488, 28841, 24942, 9646340, 173634, 189238, 50.97, 334.47),
('2025-01-31', 'haidilao', '西安', 3, 10098807, 1488245, 32508, 28041, 10630323, 191346, 262331, 40.52, 327.01),
('2025-02-28', 'haidilao', '西安', 3, 10202930, 1503590, 32937, 28458, 10739926, 193319, 263034, 40.83, 326.07),
('2025-03-31', 'haidilao', '西安', 3, 10285603, 1515773, 33279, 28790, 10826950, 194885, 263563, 41.08, 325.34),
('2025-04-30', 'haidilao', '西安', 3, 10379447, 1529603, 33670, 29171, 10925734, 196663, 264132, 41.36, 324.49),
('2025-05-31', 'haidilao', '西安', 3, 10472399, 1543301, 34059, 29550, 11023578, 198424, 264663, 41.65, 323.66),
('2025-06-30', 'haidilao', '西安', 3, 10566244, 1557131, 34453, 29935, 11122362, 200203, 265166, 41.94, 322.83),
('2025-07-31', 'haidilao', '西安', 3, 10659195, 1570829, 34846, 30320, 11220205, 201964, 265632, 42.24, 321.99),
('2025-08-31', 'haidilao', '西安', 3, 10752592, 1584593, 35243, 30710, 11318518, 203733, 266067, 42.54, 321.16),
('2025-09-30', 'haidilao', '西安', 3, 10846437, 1598422, 35644, 31104, 11417302, 205511, 266471, 42.85, 320.31),
('2025-10-31', 'haidilao', '西安', 3, 8431944, 1242602, 25958, 21810, 8875731, 159763, 174511, 50.86, 341.93),
('2025-11-30', 'haidilao', '西安', 3, 8525789, 1256432, 26311, 22140, 8974515, 161541, 174946, 51.3, 341.09),
('2025-12-31', 'haidilao', '西安', 3, 8618740, 1270130, 26663, 22470, 9072358, 163302, 175343, 51.74, 340.26),
('2026-01-31', 'haidilao', '西安', 3, 11421551, 1683176, 35182, 30238, 12022685, 216408, 235914, 50.96, 341.73),
('2026-02-28', 'haidilao', '西安', 3, 11308131, 1666461, 34928, 29971, 11903296, 214259, 231352, 51.45, 340.8),
('2026-03-31', 'haidilao', '西安', 3, 11218077, 1653190, 34725, 29759, 11808502, 212553, 227762, 51.85, 340.06),
('2026-04-30', 'haidilao', '西安', 3, 11115853, 1638126, 34494, 29517, 11700898, 210616, 223721, 52.3, 339.22),
('2026-05-31', 'haidilao', '西安', 3, 11014603, 1623205, 34263, 29277, 11594319, 208698, 219754, 52.76, 338.39),
('2026-06-30', 'haidilao', '西安', 3, 10912379, 1608140, 34030, 29035, 11486715, 206761, 215785, 53.23, 337.55)
on conflict (month, brand_id, city) do update set gmv = excluded.gmv, paid_orders = excluded.paid_orders, verified_orders = excluded.verified_orders;

delete from public.fact_brand_monthly where brand_id = 'haidilao' and month >= '2024-01-01' and month <= '2026-06-30';
insert into public.fact_brand_monthly (month, brand_id, active_users, purchase_frequency, avg_order_value, gtv, paid_orders, verified_orders, repeat_purchase_rate, commission_revenue, ad_revenue, merchant_revenue, subsidy_amount, operating_cost, ad_merchant_penetration, take_rate, subsidy_rate, data_confidence)
values
('2024-01-31', 'haidilao', 135756, 1.35, 329.97, 713163978, 251316, 211858, 0.2662, 25673903, 12836952, 37084527, 9984296, 8557968, 0.1623, 0.052, 0.014, 'demo_model'),
('2024-02-29', 'haidilao', 136684, 1.39, 330.28, 715091342, 251759, 212343, 0.2899, 25743288, 12871644, 37184750, 10011279, 8581096, 0.1744, 0.052, 0.014, 'demo_model'),
('2024-03-31', 'haidilao', 137428, 1.37, 330.51, 716636555, 252123, 212735, 0.2798, 25798916, 12899458, 37265101, 10032912, 8599639, 0.2166, 0.052, 0.014, 'demo_model'),
('2024-04-30', 'haidilao', 138268, 1.39, 323.02, 718381151, 258602, 219845, 0.2943, 25861721, 12930861, 37355820, 10057336, 8620574, 0.1677, 0.052, 0.014, 'demo_model'),
('2024-05-31', 'haidilao', 139100, 1.39, 323.3, 720109132, 258994, 220294, 0.2934, 25923929, 12961964, 37445675, 10081528, 8641310, 0.1829, 0.052, 0.014, 'demo_model'),
('2024-06-30', 'haidilao', 139940, 1.29, 323.59, 721853728, 259394, 220751, 0.2279, 25986734, 12993367, 37536394, 10105952, 8662245, 0.2318, 0.052, 0.014, 'demo_model'),
('2024-07-31', 'haidilao', 140772, 1.29, 320.19, 723581709, 262773, 222267, 0.227, 26048942, 13024471, 37626249, 10130144, 8682981, 0.204, 0.052, 0.014, 'demo_model'),
('2024-08-31', 'haidilao', 141608, 1.3, 320.51, 725317997, 263144, 222722, 0.2338, 26111448, 13055724, 37716536, 10154452, 8703816, 0.2254, 0.052, 0.014, 'demo_model'),
('2024-09-30', 'haidilao', 142448, 1.32, 324.73, 727062593, 260346, 218832, 0.2483, 26174253, 13087127, 37807255, 10178876, 8724751, 0.1766, 0.052, 0.014, 'demo_model'),
('2024-10-31', 'haidilao', 160836, 1.3, 331.31, 795954630, 279355, 239654, 0.23, 28654367, 14327183, 41389641, 11143365, 9551456, 0.1891, 0.052, 0.014, 'demo_model'),
('2024-11-30', 'haidilao', 161676, 1.32, 331.6, 797699226, 279724, 240082, 0.2445, 28717172, 14358586, 41480360, 11167789, 9572391, 0.162, 0.052, 0.014, 'demo_model'),
('2024-12-31', 'haidilao', 162508, 1.32, 331.87, 799427207, 280100, 240516, 0.2436, 28779379, 14389690, 41570215, 11191981, 9593126, 0.1898, 0.052, 0.014, 'demo_model'),
('2025-01-31', 'haidilao', 166968, 1.36, 329.7, 886869109, 312787, 266631, 0.2764, 31927288, 15963644, 46117194, 12416168, 10642429, 0.1904, 0.052, 0.014, 'demo_model'),
('2025-02-28', 'haidilao', 166036, 1.32, 329.63, 882815972, 311419, 265586, 0.2451, 31781375, 15890687, 45906431, 12359424, 10593792, 0.2008, 0.052, 0.014, 'demo_model'),
('2025-03-31', 'haidilao', 165296, 1.34, 329.56, 879597826, 310345, 264767, 0.2628, 31665522, 15832761, 45739087, 12314370, 10555174, 0.1885, 0.052, 0.014, 'demo_model'),
('2025-04-30', 'haidilao', 164456, 1.32, 329.76, 916399196, 323137, 275780, 0.2484, 32990371, 16495186, 47652758, 12829589, 10996790, 0.2196, 0.052, 0.014, 'demo_model'),
('2025-05-31', 'haidilao', 163624, 1.32, 329.7, 912780986, 321920, 274870, 0.2492, 32860115, 16430058, 47464611, 12778934, 10953372, 0.1674, 0.052, 0.014, 'demo_model'),
('2025-06-30', 'haidilao', 162784, 1.3, 329.63, 909127956, 320704, 273962, 0.2348, 32728606, 16364303, 47274654, 12727791, 10909535, 0.1798, 0.052, 0.014, 'demo_model'),
('2025-07-31', 'haidilao', 161952, 1.3, 329.72, 865055304, 305071, 260663, 0.2357, 31141991, 15570995, 44982876, 12110774, 10380664, 0.2321, 0.052, 0.014, 'demo_model'),
('2025-08-31', 'haidilao', 161116, 1.29, 329.65, 861419645, 303850, 259725, 0.2289, 31011107, 15505554, 44793822, 12059875, 10337036, 0.1974, 0.052, 0.014, 'demo_model'),
('2025-09-30', 'haidilao', 160276, 1.39, 325.7, 857766614, 306232, 261892, 0.2944, 30879598, 15439799, 44603864, 12008733, 10293199, 0.2285, 0.052, 0.014, 'demo_model'),
('2025-10-31', 'haidilao', 181888, 1.35, 333.81, 824322556, 287147, 242106, 0.2657, 29675612, 14837806, 42864773, 11540516, 9891871, 0.2171, 0.052, 0.014, 'demo_model'),
('2025-11-30', 'haidilao', 181048, 1.37, 329.25, 861123925, 304120, 256348, 0.2802, 31000461, 15500231, 44778444, 12055735, 10333487, 0.214, 0.052, 0.014, 'demo_model'),
('2025-12-31', 'haidilao', 180216, 1.37, 329.38, 857505682, 302717, 256877, 0.2793, 30870205, 15435102, 44590295, 12005080, 10290068, 0.1618, 0.052, 0.014, 'demo_model'),
('2026-01-31', 'haidilao', 203292, 1.37, 338.41, 971519425, 333815, 285555, 0.2793, 34974699, 17487350, 50519010, 13601272, 11658233, 0.2184, 0.052, 0.014, 'demo_model'),
('2026-02-28', 'haidilao', 202360, 1.3, 334.47, 927144990, 322328, 275742, 0.2306, 33377220, 16688610, 48211539, 12980030, 11125740, 0.2288, 0.052, 0.014, 'demo_model'),
('2026-03-31', 'haidilao', 201620, 1.39, 334.28, 926900423, 322421, 275777, 0.2929, 33368415, 16684208, 48198822, 12976606, 11122805, 0.1605, 0.052, 0.014, 'demo_model'),
('2026-04-30', 'haidilao', 200780, 1.29, 334.06, 926622798, 322533, 275822, 0.2274, 33358421, 16679210, 48184385, 12972719, 11119474, 0.1916, 0.052, 0.014, 'demo_model'),
('2026-05-31', 'haidilao', 199948, 1.29, 333.85, 926347822, 322644, 275864, 0.2265, 33348522, 16674261, 48170087, 12968870, 11116174, 0.2194, 0.052, 0.014, 'demo_model'),
('2026-06-30', 'haidilao', 199108, 1.31, 333.63, 926070214, 322760, 275909, 0.2409, 33338528, 16669264, 48155651, 12964983, 11112843, 0.2079, 0.052, 0.014, 'demo_model')
on conflict (month, brand_id) do update set gtv = excluded.gtv, paid_orders = excluded.paid_orders;

delete from public.fact_poi_monthly where month >= '2024-01-31' and month <= '2026-06-30' and poi_id like 'hdl-%';
insert into public.fact_poi_monthly (month, poi_id, exposure, visits, search_visits, deal_clicks, favorite_count, navigate_clicks, phone_clicks, avg_stay_seconds)
values
('2024-01-31', 'hdl-上海-静安大悦城-01', 104929, 14959, 3291, 1493, 598, 359, 165, 118),
('2024-02-29', 'hdl-上海-静安大悦城-01', 103954, 14724, 3239, 1480, 589, 353, 162, 104),
('2024-03-31', 'hdl-上海-静安大悦城-01', 103173, 14536, 3198, 1469, 581, 349, 160, 107),
('2024-04-30', 'hdl-上海-静安大悦城-01', 102291, 14326, 3152, 1457, 573, 344, 158, 107),
('2024-05-31', 'hdl-上海-静安大悦城-01', 101417, 18176, 3999, 1859, 727, 436, 200, 130),
('2024-06-30', 'hdl-上海-静安大悦城-01', 100535, 17933, 3945, 1846, 717, 430, 197, 106),
('2024-07-31', 'hdl-上海-静安大悦城-01', 99662, 17695, 3893, 1832, 708, 425, 195, 98),
('2024-08-31', 'hdl-上海-静安大悦城-01', 98784, 17456, 3840, 1819, 698, 419, 192, 117),
('2024-09-30', 'hdl-上海-静安大悦城-01', 97902, 17218, 3788, 1805, 689, 413, 189, 97),
('2024-10-31', 'hdl-上海-静安大悦城-01', 78595, 12377, 2723, 1468, 495, 297, 136, 115),
('2024-11-30', 'hdl-上海-静安大悦城-01', 77713, 12173, 2678, 1451, 487, 292, 134, 111),
('2024-12-31', 'hdl-上海-静安大悦城-01', 76839, 11972, 2634, 1435, 479, 287, 132, 98),
('2025-01-31', 'hdl-上海-静安大悦城-01', 100613, 15825, 3482, 1879, 633, 380, 174, 123),
('2025-02-28', 'hdl-上海-静安大悦城-01', 101871, 15928, 3504, 1903, 637, 382, 175, 103),
('2025-03-31', 'hdl-上海-静安大悦城-01', 102870, 16008, 3522, 1441, 640, 384, 176, 104),
('2025-04-30', 'hdl-上海-静安大悦城-01', 104004, 16097, 3541, 1459, 644, 386, 177, 122),
('2025-05-31', 'hdl-上海-静安大悦城-01', 105127, 16184, 3560, 1477, 647, 388, 178, 116),
('2025-06-30', 'hdl-上海-静安大悦城-01', 106261, 16269, 3579, 1495, 651, 390, 179, 111),
('2025-07-31', 'hdl-上海-静安大悦城-01', 107384, 16352, 3597, 1513, 654, 392, 180, 97),
('2025-08-31', 'hdl-上海-静安大悦城-01', 108513, 16433, 3615, 1531, 657, 394, 181, 129),
('2025-09-30', 'hdl-上海-静安大悦城-01', 109647, 16512, 3633, 1548, 660, 396, 182, 98),
('2025-10-31', 'hdl-上海-静安大悦城-01', 134471, 23157, 5095, 2491, 926, 556, 255, 114),
('2025-11-30', 'hdl-上海-静安大悦城-01', 81605, 13984, 3076, 1513, 559, 336, 154, 99),
('2025-12-31', 'hdl-上海-静安大悦城-01', 82728, 14108, 3104, 1535, 564, 339, 155, 103),
('2026-01-31', 'hdl-上海-静安大悦城-01', 149706, 25751, 5665, 2634, 1030, 618, 283, 123),
('2026-02-28', 'hdl-上海-静安大悦城-01', 91104, 15586, 3429, 1583, 623, 374, 171, 107),
('2026-03-31', 'hdl-上海-静安大悦城-01', 92214, 15708, 3456, 1587, 628, 377, 173, 126),
('2026-04-30', 'hdl-上海-静安大悦城-01', 93474, 15844, 3486, 1591, 634, 380, 174, 123),
('2026-05-31', 'hdl-上海-静安大悦城-01', 94722, 15977, 3515, 1594, 639, 383, 176, 114),
('2026-06-30', 'hdl-上海-静安大悦城-01', 95982, 16108, 3544, 1597, 644, 387, 177, 100),
('2024-01-31', 'hdl-上海-静安大悦城-02', 68779, 10553, 2322, 967, 422, 253, 116, 113),
('2024-02-29', 'hdl-上海-静安大悦城-02', 69754, 10638, 2340, 982, 426, 255, 117, 105),
('2024-03-31', 'hdl-上海-静安大悦城-02', 70535, 10705, 2355, 994, 428, 257, 118, 125),
('2024-04-30', 'hdl-上海-静安大悦城-02', 71417, 10779, 2371, 1008, 431, 259, 119, 102),
('2024-05-31', 'hdl-上海-静安大悦城-02', 72290, 10850, 2387, 1021, 434, 260, 119, 123),
('2024-06-30', 'hdl-上海-静安大悦城-02', 73172, 10921, 2403, 1035, 437, 262, 120, 125),
('2024-07-31', 'hdl-上海-静安大悦城-02', 74046, 10990, 2418, 1048, 440, 264, 121, 112),
('2024-08-31', 'hdl-上海-静安大悦城-02', 74924, 11058, 2433, 1062, 442, 265, 122, 115),
('2024-09-30', 'hdl-上海-静安大悦城-02', 75806, 11124, 2447, 1075, 445, 267, 122, 112),
('2024-10-31', 'hdl-上海-静安大悦城-02', 95113, 16013, 3523, 1769, 641, 384, 176, 122),
('2024-11-30', 'hdl-上海-静安大悦城-02', 95995, 16081, 3538, 1786, 643, 386, 177, 105),
('2024-12-31', 'hdl-上海-静安大悦城-02', 96869, 16147, 3552, 1804, 646, 388, 178, 99),
('2025-01-31', 'hdl-上海-静安大悦城-02', 93447, 15714, 3457, 1738, 629, 377, 173, 117),
('2025-02-28', 'hdl-上海-静安大悦城-02', 92189, 15417, 3392, 1716, 617, 370, 170, 129),
('2025-03-31', 'hdl-上海-静安大悦城-02', 91190, 15182, 3340, 1698, 607, 364, 167, 105),
('2025-04-30', 'hdl-上海-静安大悦城-02', 90056, 14918, 3282, 1678, 597, 358, 164, 109),
('2025-05-31', 'hdl-上海-静安大悦城-02', 88933, 14658, 3225, 1658, 586, 352, 161, 122),
('2025-06-30', 'hdl-上海-静安大悦城-02', 87799, 14397, 3167, 1637, 576, 346, 158, 104),
('2025-07-31', 'hdl-上海-静安大悦城-02', 86675, 14141, 3111, 1617, 566, 339, 156, 99),
('2025-08-31', 'hdl-上海-静安大悦城-02', 85547, 13885, 3055, 1597, 555, 333, 153, 115),
('2025-09-30', 'hdl-上海-静安大悦城-02', 84413, 13630, 2999, 1576, 545, 327, 150, 99),
('2025-10-31', 'hdl-上海-静安大悦城-02', 113589, 16253, 3576, 1616, 650, 390, 179, 117),
('2025-11-30', 'hdl-上海-静安大悦城-02', 112455, 15996, 3519, 1600, 640, 384, 176, 106),
('2025-12-31', 'hdl-上海-静安大悦城-02', 111332, 15744, 3464, 1585, 630, 378, 173, 96),
('2026-01-31', 'hdl-上海-静安大悦城-02', 125916, 20939, 4607, 2313, 838, 503, 230, 129),
('2026-02-28', 'hdl-上海-静安大悦城-02', 124518, 20823, 4581, 2285, 833, 500, 229, 101),
('2026-03-31', 'hdl-上海-静安大悦城-02', 123408, 20729, 4560, 2263, 829, 497, 228, 106),
('2026-04-30', 'hdl-上海-静安大悦城-02', 122148, 20620, 4536, 2239, 825, 495, 227, 121),
('2026-05-31', 'hdl-上海-静安大悦城-02', 120900, 20509, 4512, 2214, 820, 492, 226, 118),
('2026-06-30', 'hdl-上海-静安大悦城-02', 119640, 20396, 4487, 2189, 816, 490, 224, 106),
('2024-01-31', 'hdl-上海-陆家嘴-01', 150679, 23647, 5202, 2778, 946, 568, 260, 117),
('2024-02-29', 'hdl-上海-陆家嘴-01', 148730, 23479, 5165, 2742, 939, 563, 258, 101),
('2024-03-31', 'hdl-上海-陆家嘴-01', 147168, 23342, 5135, 2713, 934, 560, 257, 96),
('2024-04-30', 'hdl-上海-陆家嘴-01', 145404, 23184, 5100, 2680, 927, 556, 255, 118),
('2024-05-31', 'hdl-上海-陆家嘴-01', 143657, 23025, 5066, 2647, 921, 553, 253, 119),
('2024-06-30', 'hdl-上海-陆家嘴-01', 141893, 22862, 5030, 2614, 914, 549, 251, 129),
('2024-07-31', 'hdl-上海-陆家嘴-01', 140146, 22697, 4993, 2581, 908, 545, 250, 108),
('2024-08-31', 'hdl-上海-陆家嘴-01', 138390, 22528, 4956, 2547, 901, 541, 248, 119),
('2024-09-30', 'hdl-上海-陆家嘴-01', 136626, 22356, 4918, 2514, 894, 537, 246, 107),
('2024-10-31', 'hdl-上海-陆家嘴-01', 182011, 25848, 5687, 2550, 1034, 620, 284, 126),
('2024-11-30', 'hdl-上海-陆家嘴-01', 180247, 25749, 5665, 2524, 1030, 618, 283, 101),
('2024-12-31', 'hdl-上海-陆家嘴-01', 178500, 25648, 5643, 2498, 1026, 616, 282, 103),
('2025-01-31', 'hdl-上海-陆家嘴-01', 169312, 24078, 5297, 2372, 963, 578, 265, 113),
('2025-02-28', 'hdl-上海-陆家嘴-01', 171828, 24596, 5411, 2406, 984, 590, 271, 98),
('2025-03-31', 'hdl-上海-陆家嘴-01', 173826, 25011, 5502, 2432, 1000, 600, 275, 101),
('2025-04-30', 'hdl-上海-陆家嘴-01', 176094, 25485, 5607, 2463, 1019, 612, 280, 112),
('2025-05-31', 'hdl-上海-陆家嘴-01', 178340, 25958, 5711, 2492, 1038, 623, 286, 126),
('2025-06-30', 'hdl-上海-陆家嘴-01', 180608, 26440, 5817, 2522, 1058, 635, 291, 100),
('2025-07-31', 'hdl-上海-陆家嘴-01', 182855, 26921, 5923, 2551, 1077, 646, 296, 103),
('2025-08-31', 'hdl-上海-陆家嘴-01', 185112, 27408, 6030, 2580, 1096, 658, 301, 111),
('2025-09-30', 'hdl-上海-陆家嘴-01', 187380, 27902, 6138, 2609, 1116, 670, 307, 103),
('2025-10-31', 'hdl-上海-陆家嘴-01', 237028, 39653, 8724, 4350, 1586, 952, 436, 104),
('2025-11-30', 'hdl-上海-陆家嘴-01', 239296, 40233, 8851, 4388, 1609, 966, 443, 110),
('2025-12-31', 'hdl-上海-陆家嘴-01', 241542, 40812, 8979, 4426, 1632, 979, 449, 127),
('2026-01-31', 'hdl-上海-陆家嘴-01', 263952, 44209, 9726, 4843, 1768, 1061, 486, 98),
('2026-02-28', 'hdl-上海-陆家嘴-01', 266748, 44926, 9884, 4890, 1797, 1078, 494, 97),
('2026-03-31', 'hdl-上海-陆家嘴-01', 268968, 45499, 10010, 4928, 1820, 1092, 500, 110),
('2026-04-30', 'hdl-上海-陆家嘴-01', 271488, 46153, 10154, 4969, 1846, 1108, 508, 117),
('2026-05-31', 'hdl-上海-陆家嘴-01', 273984, 46805, 10297, 5010, 1872, 1123, 515, 103),
('2026-06-30', 'hdl-上海-陆家嘴-01', 276504, 47468, 10443, 5051, 1899, 1139, 522, 111),
('2024-01-31', 'hdl-北京-朝阳合生汇-01', 100010, 14857, 3269, 1393, 594, 357, 163, 125),
('2024-02-29', 'hdl-北京-朝阳合生汇-01', 99036, 14805, 3257, 1378, 592, 355, 163, 98),
('2024-03-31', 'hdl-北京-朝阳合生汇-01', 98255, 14761, 3247, 1365, 590, 354, 162, 102),
('2024-04-30', 'hdl-北京-朝阳合生汇-01', 97373, 14710, 3236, 1351, 588, 353, 162, 124),
('2024-05-31', 'hdl-北京-朝阳合生汇-01', 96499, 14659, 3225, 1338, 586, 352, 161, 114),
('2024-06-30', 'hdl-北京-朝阳合生汇-01', 95617, 14605, 3213, 1323, 584, 351, 161, 113),
('2024-07-31', 'hdl-北京-朝阳合生汇-01', 94744, 14550, 3201, 1746, 582, 349, 160, 126),
('2024-08-31', 'hdl-北京-朝阳合生汇-01', 93866, 14494, 3189, 1730, 580, 348, 159, 127),
('2024-09-30', 'hdl-北京-朝阳合生汇-01', 92984, 14436, 3176, 1714, 577, 346, 159, 100),
('2024-10-31', 'hdl-北京-朝阳合生汇-01', 73676, 12793, 2814, 1342, 512, 307, 141, 116),
('2024-11-30', 'hdl-北京-朝阳合生汇-01', 72794, 12701, 2794, 1325, 508, 305, 140, 98),
('2024-12-31', 'hdl-北京-朝阳合生汇-01', 71921, 12609, 2774, 1307, 504, 303, 139, 105),
('2025-01-31', 'hdl-北京-朝阳合生汇-01', 106936, 18589, 4090, 1948, 744, 446, 204, 121),
('2025-02-28', 'hdl-北京-朝阳合生汇-01', 108194, 18909, 4160, 1968, 756, 454, 208, 109),
('2025-03-31', 'hdl-北京-朝阳合生汇-01', 109193, 19164, 4216, 1984, 767, 460, 211, 98),
('2025-04-30', 'hdl-北京-朝阳合生汇-01', 110327, 19456, 4280, 2002, 778, 467, 214, 121),
('2025-05-31', 'hdl-北京-朝阳合生汇-01', 111451, 19747, 4344, 2020, 790, 474, 217, 116),
('2025-06-30', 'hdl-北京-朝阳合生汇-01', 112585, 20042, 4409, 2037, 802, 481, 220, 98),
('2025-07-31', 'hdl-北京-朝阳合生汇-01', 113708, 20337, 4474, 2055, 813, 488, 224, 104),
('2025-08-31', 'hdl-北京-朝阳合生汇-01', 114836, 20635, 4540, 2072, 825, 495, 227, 122),
('2025-09-30', 'hdl-北京-朝阳合生汇-01', 115970, 16297, 3585, 1626, 652, 391, 179, 111),
('2025-10-31', 'hdl-北京-朝阳合生汇-01', 86794, 13793, 3034, 1600, 552, 331, 152, 129),
('2025-11-30', 'hdl-北京-朝阳合生汇-01', 87928, 14047, 3090, 1620, 562, 337, 155, 97),
('2025-12-31', 'hdl-北京-朝阳合生汇-01', 89051, 14301, 3146, 1641, 572, 343, 157, 106),
('2026-01-31', 'hdl-北京-朝阳合生汇-01', 96732, 15391, 3386, 1786, 616, 369, 169, 109),
('2026-02-28', 'hdl-北京-朝阳合生汇-01', 98130, 15705, 3455, 1834, 628, 377, 173, 101),
('2026-03-31', 'hdl-北京-朝阳合生汇-01', 99240, 15956, 3510, 1872, 638, 383, 176, 97),
('2026-04-30', 'hdl-北京-朝阳合生汇-01', 100500, 16243, 3573, 1916, 650, 390, 179, 108),
('2026-05-31', 'hdl-北京-朝阳合生汇-01', 101748, 16530, 3637, 1960, 661, 397, 182, 95),
('2026-06-30', 'hdl-北京-朝阳合生汇-01', 103008, 16821, 3701, 2005, 673, 404, 185, 97),
('2024-01-31', 'hdl-北京-朝阳合生汇-02', 94303, 16756, 3686, 1708, 670, 402, 184, 119),
('2024-02-29', 'hdl-北京-朝阳合生汇-02', 93328, 16670, 3667, 1687, 667, 400, 183, 104),
('2024-03-31', 'hdl-北京-朝阳合生汇-02', 92547, 16599, 3652, 1671, 664, 398, 183, 107),
('2024-04-30', 'hdl-北京-朝阳合生汇-02', 91665, 12851, 2827, 1285, 514, 308, 141, 107),
('2024-05-31', 'hdl-北京-朝阳合生汇-02', 90791, 12804, 2817, 1273, 512, 307, 141, 95),
('2024-06-30', 'hdl-北京-朝阳合生汇-02', 89909, 12755, 2806, 1260, 510, 306, 140, 106),
('2024-07-31', 'hdl-北京-朝阳合生汇-02', 89036, 12705, 2795, 1247, 508, 305, 140, 97),
('2024-08-31', 'hdl-北京-朝阳合生汇-02', 88158, 12654, 2784, 1234, 506, 304, 139, 117),
('2024-09-30', 'hdl-北京-朝阳合生汇-02', 87276, 12601, 2772, 1221, 504, 302, 139, 97),
('2024-10-31', 'hdl-北京-朝阳合生汇-02', 67969, 11063, 2434, 1251, 443, 266, 122, 115),
('2024-11-30', 'hdl-北京-朝阳合生汇-02', 67087, 10976, 2415, 1234, 439, 263, 121, 112),
('2024-12-31', 'hdl-北京-朝阳合生汇-02', 66213, 10888, 2395, 1218, 436, 261, 120, 98),
('2025-01-31', 'hdl-北京-朝阳合生汇-02', 87124, 14198, 3124, 1604, 568, 341, 156, 123),
('2025-02-28', 'hdl-北京-朝阳合生汇-02', 85865, 14073, 3096, 1580, 563, 338, 155, 103),
('2025-03-31', 'hdl-北京-朝阳合生汇-02', 84866, 13972, 3074, 1561, 559, 335, 154, 104),
('2025-04-30', 'hdl-北京-朝阳合生汇-02', 83732, 13855, 3048, 1539, 554, 333, 152, 123),
('2025-05-31', 'hdl-北京-朝阳合生汇-02', 82609, 13738, 3022, 1517, 550, 330, 151, 116),
('2025-06-30', 'hdl-北京-朝阳合生汇-02', 81475, 13618, 2996, 1495, 545, 327, 150, 111),
('2025-07-31', 'hdl-北京-朝阳合生汇-02', 134352, 22568, 4965, 2464, 903, 542, 248, 98),
('2025-08-31', 'hdl-北京-朝阳合生汇-02', 133223, 22490, 4948, 2442, 900, 540, 247, 129),
('2025-09-30', 'hdl-北京-朝阳合生汇-02', 132089, 22409, 4930, 2419, 896, 538, 246, 98),
('2025-10-31', 'hdl-北京-朝阳合生汇-02', 107266, 15880, 3494, 1495, 635, 381, 175, 115),
('2025-11-30', 'hdl-北京-朝阳合生汇-02', 106132, 15801, 3476, 1478, 632, 379, 174, 99),
('2025-12-31', 'hdl-北京-朝阳合生汇-02', 105008, 15721, 3459, 1460, 629, 377, 173, 103),
('2026-01-31', 'hdl-北京-朝阳合生汇-02', 118890, 20421, 4493, 2203, 817, 490, 225, 122),
('2026-02-28', 'hdl-北京-朝阳合生汇-02', 117492, 20071, 4416, 2180, 803, 482, 221, 108),
('2026-03-31', 'hdl-北京-朝阳合生汇-02', 116382, 19796, 4355, 2161, 792, 475, 218, 126),
('2026-04-30', 'hdl-北京-朝阳合生汇-02', 115122, 19485, 4287, 2139, 779, 468, 214, 123),
('2026-05-31', 'hdl-北京-朝阳合生汇-02', 113874, 19179, 4219, 2117, 767, 460, 211, 114),
('2026-06-30', 'hdl-北京-朝阳合生汇-02', 112614, 18872, 4152, 2095, 755, 453, 208, 100),
('2024-01-31', 'hdl-北京-西单大悦城-01', 165404, 24799, 5456, 2338, 992, 595, 273, 122),
('2024-02-29', 'hdl-北京-西单大悦城-01', 167353, 24936, 5486, 2368, 997, 598, 274, 101),
('2024-03-31', 'hdl-北京-西单大悦城-01', 168916, 25043, 5509, 2392, 1002, 601, 275, 110),
('2024-04-30', 'hdl-北京-西单大悦城-01', 170680, 25162, 5536, 2419, 1006, 604, 277, 104),
('2024-05-31', 'hdl-北京-西单大悦城-01', 172427, 25276, 5561, 2446, 1011, 607, 278, 98),
('2024-06-30', 'hdl-北京-西单大悦城-01', 174191, 25388, 5585, 2473, 1016, 609, 279, 109),
('2024-07-31', 'hdl-北京-西单大悦城-01', 175938, 25496, 5609, 2499, 1020, 612, 280, 129),
('2024-08-31', 'hdl-北京-西单大悦城-01', 177694, 25602, 5632, 2526, 1024, 614, 282, 120),
('2024-09-30', 'hdl-北京-西单大悦城-01', 179458, 25706, 5655, 2552, 1028, 617, 283, 129),
('2024-10-31', 'hdl-北京-西单大悦城-01', 134072, 22102, 4862, 2499, 884, 530, 243, 112),
('2024-11-30', 'hdl-北京-西单大悦城-01', 135836, 22279, 4901, 2533, 891, 535, 245, 101),
('2024-12-31', 'hdl-北京-西单大悦城-01', 137584, 22451, 4939, 2567, 898, 539, 247, 101),
('2025-01-31', 'hdl-北京-西单大悦城-01', 259092, 37446, 8238, 3624, 1498, 899, 412, 124),
('2025-02-28', 'hdl-北京-西单大悦城-01', 256576, 37322, 8211, 3586, 1493, 896, 411, 106),
('2025-03-31', 'hdl-北京-西单大悦城-01', 254578, 37219, 8188, 3555, 1489, 893, 409, 101),
('2025-04-30', 'hdl-北京-西单大悦城-01', 252310, 37100, 8162, 3520, 1484, 890, 408, 126),
('2025-05-31', 'hdl-北京-西单大悦城-01', 250063, 36977, 8135, 3486, 1479, 887, 407, 113),
('2025-06-30', 'hdl-北京-西单大悦城-01', 247795, 36850, 8107, 3450, 1474, 884, 405, 114),
('2025-07-31', 'hdl-北京-西单大悦城-01', 245549, 36720, 8078, 3415, 1469, 881, 404, 100),
('2025-08-31', 'hdl-北京-西单大悦城-01', 243292, 36586, 8049, 3380, 1463, 878, 402, 126),
('2025-09-30', 'hdl-北京-西单大悦城-01', 241024, 36448, 8019, 3344, 1458, 875, 401, 101),
('2025-10-31', 'hdl-北京-西单大悦城-01', 191376, 32459, 7141, 3504, 1298, 779, 357, 118),
('2025-11-30', 'hdl-北京-西单大悦城-01', 189108, 32233, 7091, 3460, 1289, 774, 355, 96),
('2025-12-31', 'hdl-北京-西单大悦城-01', 186862, 32006, 7041, 3415, 1280, 768, 352, 110),
('2026-01-31', 'hdl-北京-西单大悦城-01', 212052, 36007, 7922, 3882, 1440, 864, 396, 120),
('2026-02-28', 'hdl-北京-西单大悦城-01', 209256, 35728, 7860, 3827, 1429, 857, 393, 105),
('2026-03-31', 'hdl-北京-西单大悦城-01', 207036, 35502, 7810, 3783, 1420, 852, 391, 129),
('2026-04-30', 'hdl-北京-西单大悦城-01', 204516, 35241, 7753, 3733, 1410, 846, 388, 120),
('2026-05-31', 'hdl-北京-西单大悦城-01', 202020, 34979, 7695, 3684, 1399, 839, 385, 117),
('2026-06-30', 'hdl-北京-西单大悦城-01', 199500, 34711, 7636, 3634, 1388, 833, 382, 97),
('2024-01-31', 'hdl-深圳-万象天地-01', 92282, 14014, 3083, 1301, 561, 336, 154, 115),
('2024-02-29', 'hdl-深圳-万象天地-01', 91308, 13781, 3032, 1289, 551, 331, 152, 107),
('2024-03-31', 'hdl-深圳-万象天地-01', 90527, 13596, 2991, 1279, 544, 326, 150, 104),
('2024-04-30', 'hdl-深圳-万象天地-01', 89645, 13388, 2945, 1268, 536, 321, 147, 115),
('2024-05-31', 'hdl-深圳-万象天地-01', 88771, 13184, 2900, 1257, 527, 316, 145, 124),
('2024-06-30', 'hdl-深圳-万象天地-01', 87889, 12979, 2855, 1246, 519, 311, 143, 103),
('2024-07-31', 'hdl-深圳-万象天地-01', 87016, 12777, 2811, 1234, 511, 307, 141, 100),
('2024-08-31', 'hdl-深圳-万象天地-01', 86138, 12576, 2767, 1223, 503, 302, 138, 114),
('2024-09-30', 'hdl-深圳-万象天地-01', 85256, 12376, 2723, 1211, 495, 297, 136, 100),
('2024-10-31', 'hdl-深圳-万象天地-01', 65948, 10999, 2420, 1228, 440, 264, 121, 107),
('2024-11-30', 'hdl-深圳-万象天地-01', 65066, 10797, 2375, 1212, 432, 259, 119, 107),
('2024-12-31', 'hdl-深圳-万象天地-01', 64193, 10599, 2332, 1197, 424, 254, 117, 130),
('2025-01-31', 'hdl-深圳-万象天地-01', 84526, 14080, 3098, 1383, 563, 338, 155, 95),
('2025-02-28', 'hdl-深圳-万象天地-01', 83268, 13793, 3034, 1345, 552, 331, 152, 100),
('2025-03-31', 'hdl-深圳-万象天地-01', 82269, 13567, 2985, 1315, 543, 326, 149, 107),
('2025-04-30', 'hdl-深圳-万象天地-01', 81135, 13312, 2929, 1282, 532, 319, 146, 120),
('2025-05-31', 'hdl-深圳-万象天地-01', 134012, 21876, 4813, 2094, 875, 525, 241, 106),
('2025-06-30', 'hdl-深圳-万象天地-01', 132878, 21579, 4747, 2052, 863, 518, 237, 108),
('2025-07-31', 'hdl-深圳-万象天地-01', 131755, 21287, 4683, 2011, 851, 511, 234, 129),
('2025-08-31', 'hdl-深圳-万象天地-01', 130626, 20995, 4619, 1970, 840, 504, 231, 97),
('2025-09-30', 'hdl-深圳-万象天地-01', 129492, 20704, 4555, 1930, 828, 497, 228, 130),
('2025-10-31', 'hdl-深圳-万象天地-01', 104668, 17551, 3861, 1920, 702, 421, 193, 111),
('2025-11-30', 'hdl-深圳-万象天地-01', 103534, 17448, 3839, 1898, 698, 419, 192, 123),
('2025-12-31', 'hdl-深圳-万象天地-01', 102411, 17344, 3816, 1876, 694, 416, 191, 116),
('2026-01-31', 'hdl-深圳-万象天地-01', 116004, 19475, 4285, 2128, 779, 467, 214, 99),
('2026-02-28', 'hdl-深圳-万象天地-01', 114606, 19347, 4256, 2100, 774, 464, 213, 111),
('2026-03-31', 'hdl-深圳-万象天地-01', 113496, 19243, 4233, 2078, 770, 462, 212, 123),
('2026-04-30', 'hdl-深圳-万象天地-01', 112236, 19124, 4207, 2053, 765, 459, 210, 126),
('2026-05-31', 'hdl-深圳-万象天地-01', 110988, 19004, 4181, 2029, 760, 456, 209, 111),
('2026-06-30', 'hdl-深圳-万象天地-01', 109728, 18880, 4154, 2004, 755, 453, 208, 122),
('2024-01-31', 'hdl-深圳-万象天地-02', 81425, 13250, 2915, 1519, 530, 318, 146, 116),
('2024-02-29', 'hdl-深圳-万象天地-02', 82400, 13333, 2933, 1538, 533, 320, 147, 102),
('2024-03-31', 'hdl-深圳-万象天地-02', 83181, 13397, 2947, 1553, 536, 322, 147, 97),
('2024-04-30', 'hdl-深圳-万象天地-02', 84063, 13469, 2963, 1570, 539, 323, 148, 117),
('2024-05-31', 'hdl-深圳-万象天地-02', 84937, 13538, 2978, 1586, 542, 325, 149, 121),
('2024-06-30', 'hdl-深圳-万象天地-02', 85819, 13606, 2993, 1603, 544, 327, 150, 128),
('2024-07-31', 'hdl-深圳-万象天地-02', 86692, 13673, 3008, 1619, 547, 328, 150, 109),
('2024-08-31', 'hdl-深圳-万象天地-02', 87570, 13738, 3022, 1636, 550, 330, 151, 108),
('2024-09-30', 'hdl-深圳-万象天地-02', 88452, 13802, 3036, 1652, 552, 331, 152, 106),
('2024-10-31', 'hdl-深圳-万象天地-02', 65759, 11682, 2570, 1209, 467, 280, 129, 125),
('2024-11-30', 'hdl-深圳-万象天地-02', 66641, 11783, 2592, 1227, 471, 283, 130, 102),
('2024-12-31', 'hdl-深圳-万象天地-02', 67515, 11881, 2614, 1244, 475, 285, 131, 101),
('2025-01-31', 'hdl-深圳-万象天地-02', 84812, 14565, 3204, 1549, 583, 350, 160, 114),
('2025-02-28', 'hdl-深圳-万象天地-02', 86071, 14861, 3269, 1570, 594, 357, 163, 97),
('2025-03-31', 'hdl-深圳-万象天地-02', 87070, 15098, 3322, 1587, 604, 362, 166, 102),
('2025-04-30', 'hdl-深圳-万象天地-02', 88204, 15369, 3381, 1606, 615, 369, 169, 113),
('2025-05-31', 'hdl-深圳-万象天地-02', 89327, 15639, 3441, 1624, 626, 375, 172, 125),
('2025-06-30', 'hdl-深圳-万象天地-02', 90461, 15913, 3501, 1643, 637, 382, 175, 101),
('2025-07-31', 'hdl-深圳-万象天地-02', 91584, 16187, 3561, 1661, 647, 388, 178, 102),
('2025-08-31', 'hdl-深圳-万象天地-02', 92713, 16464, 3622, 1679, 659, 395, 181, 112),
('2025-09-30', 'hdl-深圳-万象天地-02', 93847, 16744, 3684, 1697, 670, 402, 184, 123),
('2025-10-31', 'hdl-深圳-万象天地-02', 118670, 18608, 4094, 2188, 744, 447, 205, 105),
('2025-11-30', 'hdl-深圳-万象天地-02', 119804, 18887, 4155, 2209, 755, 453, 208, 109),
('2025-12-31', 'hdl-深圳-万象天地-02', 120928, 19165, 4216, 2229, 767, 460, 211, 128),
('2026-01-31', 'hdl-深圳-万象天地-02', 107850, 16933, 3725, 1988, 677, 406, 186, 97),
('2026-02-28', 'hdl-深圳-万象天地-02', 106452, 16813, 3699, 1962, 673, 404, 185, 98),
('2026-03-31', 'hdl-深圳-万象天地-02', 105342, 16715, 3677, 1942, 669, 401, 184, 109),
('2026-04-30', 'hdl-深圳-万象天地-02', 104082, 16603, 3653, 1918, 664, 398, 183, 118),
('2026-05-31', 'hdl-深圳-万象天地-02', 102834, 16489, 3628, 1895, 660, 396, 181, 105),
('2026-06-30', 'hdl-深圳-万象天地-02', 101574, 16373, 3602, 1871, 655, 393, 180, 109),
('2024-01-31', 'hdl-深圳-福田coco-01', 170050, 24316, 5350, 2419, 973, 584, 267, 125),
('2024-02-29', 'hdl-深圳-福田coco-01', 171998, 24435, 5376, 2448, 977, 586, 269, 128),
('2024-03-31', 'hdl-深圳-福田coco-01', 173561, 24528, 5396, 2471, 981, 589, 270, 102),
('2024-04-30', 'hdl-深圳-福田coco-01', 175325, 24630, 5419, 2496, 985, 591, 271, 126),
('2024-05-31', 'hdl-深圳-福田coco-01', 177072, 31811, 6998, 3244, 1272, 763, 350, 111),
('2024-06-30', 'hdl-深圳-福田coco-01', 178836, 31977, 7035, 3281, 1279, 767, 352, 102),
('2024-07-31', 'hdl-深圳-福田coco-01', 180583, 32139, 7071, 3318, 1286, 771, 354, 100),
('2024-08-31', 'hdl-深圳-福田coco-01', 182339, 32300, 7106, 3355, 1292, 775, 355, 127),
('2024-09-30', 'hdl-深圳-福田coco-01', 184103, 32457, 7141, 3392, 1298, 779, 357, 115),
('2024-10-31', 'hdl-深圳-福田coco-01', 138718, 21905, 4819, 2591, 876, 526, 241, 99),
('2024-11-30', 'hdl-深圳-福田coco-01', 140482, 22066, 4855, 2624, 883, 530, 243, 128),
('2024-12-31', 'hdl-深圳-福田coco-01', 142229, 22222, 4889, 2656, 889, 533, 244, 111),
('2025-01-31', 'hdl-深圳-福田coco-01', 253120, 38340, 8435, 3511, 1534, 920, 422, 105),
('2025-02-28', 'hdl-深圳-福田coco-01', 250603, 38192, 8402, 3471, 1528, 917, 420, 106),
('2025-03-31', 'hdl-深圳-福田coco-01', 248605, 38071, 8376, 3438, 1523, 914, 419, 128),
('2025-04-30', 'hdl-深圳-福田coco-01', 246337, 37931, 8345, 4540, 1517, 910, 417, 121),
('2025-05-31', 'hdl-深圳-福田coco-01', 244091, 37788, 8313, 4499, 1512, 907, 416, 99),
('2025-06-30', 'hdl-深圳-福田coco-01', 241823, 37640, 8281, 4458, 1506, 903, 414, 127),
('2025-07-31', 'hdl-深圳-福田coco-01', 239576, 37490, 8248, 4417, 1500, 900, 412, 111),
('2025-08-31', 'hdl-深圳-福田coco-01', 237319, 37335, 8214, 4375, 1493, 896, 411, 103),
('2025-09-30', 'hdl-深圳-福田coco-01', 235051, 37176, 8179, 4333, 1487, 892, 409, 111),
('2025-10-31', 'hdl-深圳-福田coco-01', 185404, 32733, 7201, 3364, 1309, 786, 360, 96),
('2025-11-30', 'hdl-深圳-福田coco-01', 183136, 32486, 7147, 3318, 1299, 780, 357, 118),
('2025-12-31', 'hdl-深圳-福田coco-01', 180889, 32238, 7092, 3272, 1290, 774, 355, 119),
('2026-01-31', 'hdl-深圳-福田coco-01', 205416, 36306, 7987, 3725, 1452, 871, 399, 106),
('2026-02-28', 'hdl-深圳-福田coco-01', 202620, 36001, 7920, 3669, 1440, 864, 396, 124),
('2026-03-31', 'hdl-深圳-福田coco-01', 200400, 35755, 7866, 3624, 1430, 858, 393, 118),
('2026-04-30', 'hdl-深圳-福田coco-01', 197880, 35471, 7804, 3573, 1419, 851, 390, 109),
('2026-05-31', 'hdl-深圳-福田coco-01', 195384, 27371, 6022, 2740, 1095, 657, 301, 130),
('2026-06-30', 'hdl-深圳-福田coco-01', 192864, 27180, 5980, 2704, 1087, 652, 299, 118),
('2024-01-31', 'hdl-成都-春熙路-01', 85726, 15057, 3313, 1581, 602, 361, 166, 119),
('2024-02-29', 'hdl-成都-春熙路-01', 84752, 14807, 3258, 1565, 592, 355, 163, 121),
('2024-03-31', 'hdl-成都-春熙路-01', 83971, 14608, 3214, 1552, 584, 351, 161, 109),
('2024-04-30', 'hdl-成都-春熙路-01', 83089, 14385, 3165, 1537, 575, 345, 158, 118),
('2024-05-31', 'hdl-成都-春熙路-01', 82215, 14165, 3116, 1523, 567, 340, 156, 120),
('2024-06-30', 'hdl-成都-春熙路-01', 81333, 13945, 3068, 1508, 558, 335, 153, 106),
('2024-07-31', 'hdl-成都-春熙路-01', 80459, 13728, 3020, 1493, 549, 329, 151, 128),
('2024-08-31', 'hdl-成都-春熙路-01', 79582, 13512, 2973, 1478, 540, 324, 149, 98),
('2024-09-30', 'hdl-成都-春熙路-01', 78700, 13296, 2925, 1463, 532, 319, 146, 128),
('2024-10-31', 'hdl-成都-春熙路-01', 101392, 15265, 3358, 1432, 611, 366, 168, 110),
('2024-11-30', 'hdl-成都-春熙路-01', 100510, 15048, 3311, 1421, 602, 361, 166, 104),
('2024-12-31', 'hdl-成都-春熙路-01', 99637, 14834, 3263, 1410, 593, 356, 163, 98),
('2025-01-31', 'hdl-成都-春熙路-01', 125302, 18840, 4145, 1770, 754, 452, 207, 127),
('2025-02-28', 'hdl-成都-春熙路-01', 126560, 18912, 4161, 1790, 756, 454, 208, 103),
('2025-03-31', 'hdl-成都-春熙路-01', 127559, 18966, 4173, 1806, 759, 455, 209, 121),
('2025-04-30', 'hdl-成都-春熙路-01', 128693, 19027, 4186, 1823, 761, 457, 209, 128),
('2025-05-31', 'hdl-成都-春熙路-01', 129816, 19085, 4199, 1841, 763, 458, 210, 109),
('2025-06-30', 'hdl-成都-春熙路-01', 130950, 19142, 4211, 1858, 766, 459, 211, 104),
('2025-07-31', 'hdl-成都-春熙路-01', 132073, 19196, 4223, 1876, 768, 461, 211, 98),
('2025-08-31', 'hdl-成都-春熙路-01', 133202, 19249, 4235, 1893, 770, 462, 212, 96),
('2025-09-30', 'hdl-成都-春熙路-01', 134336, 19300, 4246, 1910, 772, 463, 212, 117),
('2025-10-31', 'hdl-成都-春熙路-01', 105160, 17381, 3824, 1960, 695, 417, 191, 101),
('2025-11-30', 'hdl-成都-春熙路-01', 106294, 17479, 3845, 1982, 699, 419, 192, 126),
('2025-12-31', 'hdl-成都-春熙路-01', 107417, 17574, 3866, 2004, 703, 422, 193, 113),
('2026-01-31', 'hdl-成都-春熙路-01', 117138, 19338, 4254, 1878, 774, 464, 213, 103),
('2026-02-28', 'hdl-成都-春熙路-01', 118536, 19458, 4281, 1876, 778, 467, 214, 108),
('2026-03-31', 'hdl-成都-春熙路-01', 119646, 19552, 4301, 1874, 782, 469, 215, 126),
('2026-04-30', 'hdl-成都-春熙路-01', 120906, 19656, 4324, 1871, 786, 472, 216, 102),
('2026-05-31', 'hdl-成都-春熙路-01', 122154, 19757, 4347, 1869, 790, 474, 217, 101),
('2026-06-30', 'hdl-成都-春熙路-01', 123414, 19857, 4369, 1866, 794, 477, 218, 125),
('2024-01-31', 'hdl-成都-春熙路-02', 87982, 12890, 2836, 1248, 516, 309, 142, 112),
('2024-02-29', 'hdl-成都-春熙路-02', 88956, 12951, 2849, 1263, 518, 311, 142, 110),
('2024-03-31', 'hdl-成都-春熙路-02', 89737, 12998, 2860, 1275, 520, 312, 143, 101),
('2024-04-30', 'hdl-成都-春熙路-02', 90619, 13049, 2871, 1288, 522, 313, 144, 113),
('2024-05-31', 'hdl-成都-春熙路-02', 91493, 13099, 2882, 1301, 524, 314, 144, 124),
('2024-06-30', 'hdl-成都-春熙路-02', 92375, 13148, 2893, 1314, 526, 316, 145, 100),
('2024-07-31', 'hdl-成都-春熙路-02', 93248, 13194, 2903, 1327, 528, 317, 145, 104),
('2024-08-31', 'hdl-成都-春熙路-02', 94126, 13240, 2913, 1340, 530, 318, 146, 111),
('2024-09-30', 'hdl-成都-春熙路-02', 95008, 17084, 3758, 1740, 683, 410, 188, 103),
('2024-10-31', 'hdl-成都-春熙路-02', 72316, 11674, 2568, 1350, 467, 280, 128, 121),
('2024-11-30', 'hdl-成都-春熙路-02', 73198, 11755, 2586, 1367, 470, 282, 129, 110),
('2024-12-31', 'hdl-成都-春熙路-02', 74071, 11834, 2603, 1383, 473, 284, 130, 127),
('2025-01-31', 'hdl-成都-春熙路-02', 122758, 19793, 4354, 2292, 792, 475, 218, 98),
('2025-02-28', 'hdl-成都-春熙路-02', 121500, 19477, 4285, 2269, 779, 467, 214, 97),
('2025-03-31', 'hdl-成都-春熙路-02', 120501, 19228, 4230, 2251, 769, 461, 212, 110),
('2025-04-30', 'hdl-成都-春熙路-02', 119367, 18946, 4168, 2229, 758, 455, 208, 117),
('2025-05-31', 'hdl-成都-春熙路-02', 118244, 18670, 4107, 2209, 747, 448, 205, 122),
('2025-06-30', 'hdl-成都-春熙路-02', 117110, 18392, 4046, 2187, 736, 441, 202, 105),
('2025-07-31', 'hdl-成都-春熙路-02', 115987, 18119, 3986, 2166, 725, 435, 199, 126),
('2025-08-31', 'hdl-成都-春熙路-02', 114858, 17847, 3926, 1609, 714, 428, 196, 100),
('2025-09-30', 'hdl-成都-春熙路-02', 113724, 17575, 3867, 1596, 703, 422, 193, 127),
('2025-10-31', 'hdl-成都-春熙路-02', 88900, 15660, 3445, 1638, 626, 376, 172, 108),
('2025-11-30', 'hdl-成都-春熙路-02', 87766, 15387, 3385, 1619, 615, 369, 169, 105),
('2025-12-31', 'hdl-成都-春熙路-02', 86643, 15118, 3326, 1600, 605, 363, 166, 119),
('2026-01-31', 'hdl-成都-春熙路-02', 98484, 17060, 3753, 1796, 682, 409, 188, 129),
('2026-02-28', 'hdl-成都-春熙路-02', 97086, 16908, 3720, 1768, 676, 406, 186, 114),
('2026-03-31', 'hdl-成都-春熙路-02', 95976, 16786, 3693, 1746, 671, 403, 185, 120),
('2026-04-30', 'hdl-成都-春熙路-02', 94716, 16645, 3662, 1721, 666, 399, 183, 129),
('2026-05-31', 'hdl-成都-春熙路-02', 93468, 16503, 3631, 1696, 660, 396, 182, 108),
('2026-06-30', 'hdl-成都-春熙路-02', 92208, 16358, 3599, 1670, 654, 393, 180, 106),
('2024-01-31', 'hdl-成都-太古里-01', 164203, 24683, 5430, 2320, 987, 592, 272, 121),
('2024-02-29', 'hdl-成都-太古里-01', 166152, 24822, 5461, 2350, 993, 596, 273, 124),
('2024-03-31', 'hdl-成都-太古里-01', 167714, 24930, 5485, 2374, 997, 598, 274, 106),
('2024-04-30', 'hdl-成都-太古里-01', 169478, 25050, 5511, 2401, 1002, 601, 276, 121),
('2024-05-31', 'hdl-成都-太古里-01', 171226, 25166, 5537, 2428, 1007, 604, 277, 118),
('2024-06-30', 'hdl-成都-太古里-01', 172990, 25280, 5562, 2455, 1011, 607, 278, 109),
('2024-07-31', 'hdl-成都-太古里-01', 174737, 25390, 5586, 2482, 1016, 609, 279, 95),
('2024-08-31', 'hdl-成都-太古里-01', 176492, 25497, 5609, 2508, 1020, 612, 280, 96),
('2024-09-30', 'hdl-成都-太古里-01', 178256, 25603, 5633, 2535, 1024, 614, 282, 96),
('2024-10-31', 'hdl-成都-太古里-01', 132871, 21956, 4830, 2476, 878, 527, 242, 113),
('2024-11-30', 'hdl-成都-太古里-01', 134635, 22134, 4869, 2510, 885, 531, 243, 101),
('2024-12-31', 'hdl-成都-太古里-01', 136382, 22308, 4908, 2544, 892, 535, 245, 101),
('2025-01-31', 'hdl-成都-太古里-01', 171364, 28283, 6222, 3194, 1131, 679, 311, 124),
('2025-02-28', 'hdl-成都-太古里-01', 173880, 28536, 6278, 3243, 1141, 685, 314, 106),
('2025-03-31', 'hdl-成都-太古里-01', 175878, 28734, 6321, 3281, 1149, 690, 316, 124),
('2025-04-30', 'hdl-成都-太古里-01', 178146, 28954, 6370, 3324, 1158, 695, 318, 125),
('2025-05-31', 'hdl-成都-太古里-01', 180392, 29169, 6417, 3367, 1167, 700, 321, 112),
('2025-06-30', 'hdl-成都-太古里-01', 182660, 29383, 6464, 3411, 1175, 705, 323, 102),
('2025-07-31', 'hdl-成都-太古里-01', 184907, 29590, 6510, 3453, 1184, 710, 325, 100),
('2025-08-31', 'hdl-成都-太古里-01', 187164, 29795, 6555, 3496, 1192, 715, 328, 99),
('2025-09-30', 'hdl-成都-太古里-01', 189432, 29997, 6599, 3538, 1200, 720, 330, 115),
('2025-10-31', 'hdl-成都-太古里-01', 239080, 43026, 9466, 4378, 1721, 1033, 473, 98),
('2025-11-30', 'hdl-成都-太古里-01', 241348, 43231, 9511, 4426, 1729, 1038, 476, 129),
('2025-12-31', 'hdl-成都-太古里-01', 243594, 43431, 9555, 4473, 1737, 1042, 478, 110),
('2026-01-31', 'hdl-成都-太古里-01', 266232, 45104, 9923, 4876, 1804, 1082, 496, 105),
('2026-02-28', 'hdl-成都-太古里-01', 269028, 45828, 10082, 4922, 1833, 1100, 504, 105),
('2026-03-31', 'hdl-成都-太古里-01', 271248, 46407, 10210, 4959, 1856, 1114, 510, 129),
('2026-04-30', 'hdl-成都-太古里-01', 273768, 47068, 10355, 5000, 1883, 1130, 518, 105),
('2026-05-31', 'hdl-成都-太古里-01', 276264, 47727, 10500, 5040, 1909, 1145, 525, 99),
('2026-06-30', 'hdl-成都-太古里-01', 278784, 48397, 10647, 5080, 1936, 1162, 532, 128),
('2024-01-31', 'hdl-杭州-滨江龙湖-01', 103421, 17739, 3903, 1808, 710, 426, 195, 127),
('2024-02-29', 'hdl-杭州-滨江龙湖-01', 102446, 17476, 3845, 1769, 699, 419, 192, 129),
('2024-03-31', 'hdl-杭州-滨江龙湖-01', 101665, 17268, 3799, 1738, 691, 414, 190, 100),
('2024-04-30', 'hdl-杭州-滨江龙湖-01', 100783, 17033, 3747, 1704, 681, 409, 187, 126),
('2024-05-31', 'hdl-杭州-滨江龙湖-01', 99910, 16802, 3696, 1670, 672, 403, 185, 112),
('2024-06-30', 'hdl-杭州-滨江龙湖-01', 99028, 16571, 3646, 1637, 663, 398, 182, 115),
('2024-07-31', 'hdl-杭州-滨江龙湖-01', 98154, 16343, 3595, 1604, 654, 392, 180, 101),
('2024-08-31', 'hdl-杭州-滨江龙湖-01', 97276, 16116, 3546, 1572, 645, 387, 177, 125),
('2024-09-30', 'hdl-杭州-滨江龙湖-01', 96394, 15888, 3495, 1540, 636, 381, 175, 102),
('2024-10-31', 'hdl-杭州-滨江龙湖-01', 77087, 11289, 2484, 1277, 452, 271, 124, 118),
('2024-11-30', 'hdl-杭州-滨江龙湖-01', 76205, 11095, 2441, 1248, 444, 266, 122, 95),
('2024-12-31', 'hdl-杭州-滨江龙湖-01', 75331, 10906, 2399, 1220, 436, 262, 120, 107),
('2025-01-31', 'hdl-杭州-滨江龙湖-01', 98847, 16106, 3543, 1819, 644, 387, 177, 119),
('2025-02-28', 'hdl-杭州-滨江龙湖-01', 97589, 15992, 3518, 1795, 640, 384, 176, 111),
('2025-03-31', 'hdl-杭州-滨江龙湖-01', 96590, 15900, 3498, 1776, 636, 382, 175, 130),
('2025-04-30', 'hdl-杭州-滨江龙湖-01', 95456, 15793, 3474, 1754, 632, 379, 174, 119),
('2025-05-31', 'hdl-杭州-滨江龙湖-01', 94333, 15686, 3451, 1733, 627, 376, 173, 118),
('2025-06-30', 'hdl-杭州-滨江龙湖-01', 93199, 15576, 3427, 1711, 623, 374, 171, 96),
('2025-07-31', 'hdl-杭州-滨江龙湖-01', 92075, 15465, 3402, 1689, 619, 371, 170, 106),
('2025-08-31', 'hdl-杭州-滨江龙湖-01', 90947, 15351, 3377, 1667, 614, 368, 169, 105),
('2025-09-30', 'hdl-杭州-滨江龙湖-01', 89813, 15235, 3352, 1645, 609, 366, 168, 109),
('2025-10-31', 'hdl-杭州-滨江龙湖-01', 118989, 17613, 3875, 1658, 705, 423, 194, 127),
('2025-11-30', 'hdl-杭州-滨江龙湖-01', 117855, 17544, 3860, 1641, 702, 421, 193, 99),
('2025-12-31', 'hdl-杭州-滨江龙湖-01', 116732, 17474, 3844, 1623, 699, 419, 192, 104),
('2026-01-31', 'hdl-杭州-滨江龙湖-01', 131916, 19552, 4301, 1838, 782, 469, 215, 111),
('2026-02-28', 'hdl-杭州-滨江龙湖-01', 130518, 19466, 4283, 1816, 779, 467, 214, 99),
('2026-03-31', 'hdl-杭州-滨江龙湖-01', 129408, 19397, 4267, 1799, 776, 466, 213, 99),
('2026-04-30', 'hdl-杭州-滨江龙湖-01', 128148, 19315, 4249, 1779, 773, 464, 212, 110),
('2026-05-31', 'hdl-杭州-滨江龙湖-01', 126900, 19233, 4231, 1760, 769, 462, 212, 128),
('2026-06-30', 'hdl-杭州-滨江龙湖-01', 125640, 19148, 4213, 1740, 766, 460, 211, 99),
('2024-01-31', 'hdl-杭州-滨江龙湖-02', 70287, 11723, 2579, 1290, 469, 281, 129, 121),
('2024-02-29', 'hdl-杭州-滨江龙湖-02', 71261, 11952, 2629, 1307, 478, 287, 131, 102),
('2024-03-31', 'hdl-杭州-滨江龙湖-02', 72043, 12136, 2670, 1321, 485, 291, 133, 109),
('2024-04-30', 'hdl-杭州-滨江龙湖-02', 72925, 12346, 2716, 1336, 494, 296, 136, 105),
('2024-05-31', 'hdl-杭州-滨江龙湖-02', 73798, 12555, 2762, 1351, 502, 301, 138, 97),
('2024-06-30', 'hdl-杭州-滨江龙湖-02', 74680, 12768, 2809, 1365, 511, 306, 140, 108),
('2024-07-31', 'hdl-杭州-滨江龙湖-02', 75554, 12980, 2856, 1380, 519, 312, 143, 95),
('2024-08-31', 'hdl-杭州-滨江龙湖-02', 76432, 13195, 2903, 1395, 528, 317, 145, 119),
('2024-09-30', 'hdl-杭州-滨江龙湖-02', 77314, 13412, 2951, 1409, 536, 322, 148, 130),
('2024-10-31', 'hdl-杭州-滨江龙湖-02', 96621, 14674, 3228, 1339, 587, 352, 161, 113),
('2024-11-30', 'hdl-杭州-滨江龙湖-02', 97503, 14889, 3276, 1350, 596, 357, 164, 102),
('2024-12-31', 'hdl-杭州-滨江龙湖-02', 98377, 15105, 3323, 1360, 604, 363, 166, 100),
('2025-01-31', 'hdl-杭州-滨江龙湖-02', 124492, 18931, 4165, 1725, 757, 454, 208, 125),
('2025-02-28', 'hdl-杭州-滨江龙湖-02', 125750, 19239, 4233, 1740, 770, 462, 212, 105),
('2025-03-31', 'hdl-杭州-滨江龙湖-02', 126749, 19486, 4287, 2336, 779, 468, 214, 102),
('2025-04-30', 'hdl-杭州-滨江龙湖-02', 127883, 19768, 4349, 2357, 791, 474, 217, 125),
('2025-05-31', 'hdl-杭州-滨江龙湖-02', 129006, 20049, 4411, 2378, 802, 481, 221, 114),
('2025-06-30', 'hdl-杭州-滨江龙湖-02', 130140, 20334, 4473, 2399, 813, 488, 224, 102),
('2025-07-31', 'hdl-杭州-滨江龙湖-02', 131263, 20619, 4536, 2420, 825, 495, 227, 100),
('2025-08-31', 'hdl-杭州-滨江龙湖-02', 132392, 20907, 4600, 2441, 836, 502, 230, 127),
('2025-09-30', 'hdl-杭州-滨江龙湖-02', 133526, 21198, 4664, 2461, 848, 509, 233, 100),
('2025-10-31', 'hdl-杭州-滨江龙湖-02', 104350, 18485, 4067, 1891, 739, 444, 203, 117),
('2025-11-30', 'hdl-杭州-滨江龙湖-02', 105484, 18774, 4130, 1909, 751, 451, 207, 97),
('2025-12-31', 'hdl-杭州-滨江龙湖-02', 106607, 19063, 4194, 1926, 763, 458, 210, 111),
('2026-01-31', 'hdl-杭州-滨江龙湖-02', 123762, 21948, 4829, 2242, 878, 527, 241, 120),
('2026-02-28', 'hdl-杭州-滨江龙湖-02', 122364, 21814, 4799, 2213, 873, 524, 240, 106),
('2026-03-31', 'hdl-杭州-滨江龙湖-02', 121254, 21706, 4775, 2190, 868, 521, 239, 128),
('2026-04-30', 'hdl-杭州-滨江龙湖-02', 119994, 21581, 4748, 2164, 863, 518, 237, 121),
('2026-05-31', 'hdl-杭州-滨江龙湖-02', 118746, 16706, 3675, 1665, 668, 401, 184, 116),
('2026-06-30', 'hdl-杭州-滨江龙湖-02', 117486, 16627, 3658, 1647, 665, 399, 183, 98),
('2024-01-31', 'hdl-杭州-湖滨银泰-01', 132586, 22397, 4927, 2429, 896, 538, 246, 120),
('2024-02-29', 'hdl-杭州-湖滨银泰-01', 130637, 22189, 4882, 2391, 888, 533, 244, 118),
('2024-03-31', 'hdl-杭州-湖滨银泰-01', 129074, 22020, 4844, 2361, 881, 528, 242, 128),
('2024-04-30', 'hdl-杭州-湖滨银泰-01', 127310, 21826, 4802, 2326, 873, 524, 240, 120),
('2024-05-31', 'hdl-杭州-湖滨银泰-01', 209563, 36102, 7942, 3826, 1444, 866, 397, 117),
('2024-06-30', 'hdl-杭州-湖滨银泰-01', 207799, 35973, 7914, 3789, 1439, 863, 396, 97),
('2024-07-31', 'hdl-杭州-湖滨银泰-01', 206052, 35842, 7885, 3753, 1434, 860, 394, 105),
('2024-08-31', 'hdl-杭州-湖滨银泰-01', 204296, 35707, 7856, 3717, 1428, 857, 393, 104),
('2024-09-30', 'hdl-杭州-湖滨银泰-01', 202532, 35569, 7825, 3680, 1423, 854, 391, 110),
('2024-10-31', 'hdl-杭州-湖滨银泰-01', 163918, 25245, 5554, 3021, 1010, 606, 278, 129),
('2024-11-30', 'hdl-杭州-湖滨银泰-01', 162154, 25109, 5524, 2989, 1004, 603, 276, 98),
('2024-12-31', 'hdl-杭州-湖滨银泰-01', 160406, 24972, 5494, 2957, 999, 599, 275, 105),
('2025-01-31', 'hdl-杭州-湖滨银泰-01', 210222, 34854, 7668, 3917, 1394, 836, 383, 110),
('2025-02-28', 'hdl-杭州-湖滨银泰-01', 207706, 34243, 7533, 3872, 1370, 822, 377, 100),
('2025-03-31', 'hdl-杭州-湖滨银泰-01', 205708, 33762, 7428, 3836, 1350, 810, 371, 117),
('2025-04-30', 'hdl-杭州-湖滨银泰-01', 203440, 33218, 7308, 3795, 1329, 797, 365, 109),
('2025-05-31', 'hdl-杭州-湖滨银泰-01', 201193, 32684, 7190, 3755, 1307, 784, 360, 129),
('2025-06-30', 'hdl-杭州-湖滨银泰-01', 198925, 32149, 7073, 3713, 1286, 772, 354, 97),
('2025-07-31', 'hdl-杭州-湖滨银泰-01', 196679, 31622, 6957, 3672, 1265, 759, 348, 106),
('2025-08-31', 'hdl-杭州-湖滨银泰-01', 194422, 31097, 6841, 3631, 1244, 746, 342, 107),
('2025-09-30', 'hdl-杭州-湖滨银泰-01', 192154, 30572, 6726, 3589, 1223, 734, 336, 119),
('2025-10-31', 'hdl-杭州-湖滨银泰-01', 250506, 35250, 7755, 3567, 1410, 846, 388, 101),
('2025-11-30', 'hdl-杭州-湖滨银泰-01', 248238, 44652, 9823, 4546, 1786, 1072, 491, 113),
('2025-12-31', 'hdl-杭州-湖滨银泰-01', 245992, 44043, 9689, 4512, 1762, 1057, 484, 124),
('2026-01-31', 'hdl-杭州-湖滨银泰-01', 289800, 40723, 8959, 4126, 1629, 977, 448, 101),
('2026-02-28', 'hdl-杭州-湖滨银泰-01', 292596, 52547, 11560, 5361, 2102, 1261, 578, 129),
('2026-03-31', 'hdl-杭州-湖滨银泰-01', 294816, 52727, 11600, 5409, 2109, 1265, 580, 113),
('2026-04-30', 'hdl-杭州-湖滨银泰-01', 297336, 52928, 11644, 5463, 2117, 1270, 582, 102),
('2026-05-31', 'hdl-杭州-湖滨银泰-01', 299832, 53123, 11687, 5516, 2125, 1275, 584, 101),
('2026-06-30', 'hdl-杭州-湖滨银泰-01', 182352, 32155, 7074, 3359, 1286, 772, 354, 113),
('2024-01-31', 'hdl-广州-天河城-01', 104362, 17900, 3938, 1907, 716, 430, 197, 101),
('2024-02-29', 'hdl-广州-天河城-01', 103387, 17829, 3922, 1887, 713, 428, 196, 122),
('2024-03-31', 'hdl-广州-天河城-01', 102606, 17771, 3910, 1871, 711, 427, 195, 124),
('2024-04-30', 'hdl-广州-天河城-01', 101724, 17703, 3895, 1853, 708, 425, 195, 125),
('2024-05-31', 'hdl-广州-天河城-01', 100850, 17635, 3880, 1834, 705, 423, 194, 103),
('2024-06-30', 'hdl-广州-天河城-01', 99968, 17565, 3864, 1816, 703, 422, 193, 124),
('2024-07-31', 'hdl-广州-天河城-01', 99095, 17494, 3849, 1798, 700, 420, 192, 115),
('2024-08-31', 'hdl-广州-天河城-01', 98217, 17421, 3833, 1779, 697, 418, 192, 100),
('2024-09-30', 'hdl-广州-天河城-01', 97335, 17346, 3816, 1761, 694, 416, 191, 114),
('2024-10-31', 'hdl-广州-天河城-01', 78028, 12219, 2688, 1438, 489, 293, 134, 98),
('2024-11-30', 'hdl-广州-天河城-01', 77146, 12146, 2672, 1422, 486, 292, 134, 121),
('2024-12-31', 'hdl-广州-天河城-01', 76272, 12072, 2656, 1406, 483, 290, 133, 116),
('2025-01-31', 'hdl-广州-天河城-01', 100057, 16330, 3593, 1867, 653, 392, 180, 110),
('2025-02-28', 'hdl-广州-天河城-01', 98798, 16032, 3527, 1844, 641, 385, 176, 120),
('2025-03-31', 'hdl-广州-天河城-01', 97799, 15798, 3476, 1826, 632, 379, 174, 121),
('2025-04-30', 'hdl-广州-天河城-01', 96665, 15533, 3417, 1805, 621, 373, 171, 105),
('2025-05-31', 'hdl-广州-天河城-01', 95542, 15273, 3360, 1784, 611, 367, 168, 98),
('2025-06-30', 'hdl-广州-天河城-01', 94408, 15013, 3303, 1763, 601, 360, 165, 122),
('2025-07-31', 'hdl-广州-天河城-01', 93285, 14757, 3247, 1742, 590, 354, 162, 115),
('2025-08-31', 'hdl-广州-天河城-01', 92156, 14501, 3190, 1721, 580, 348, 160, 111),
('2025-09-30', 'hdl-广州-天河城-01', 91022, 14246, 3134, 1700, 570, 342, 157, 115),
('2025-10-31', 'hdl-广州-天河城-01', 120199, 21410, 4710, 2208, 856, 514, 236, 97),
('2025-11-30', 'hdl-广州-天河城-01', 119065, 21108, 4644, 2190, 844, 507, 232, 117),
('2025-12-31', 'hdl-广州-天河城-01', 117941, 20811, 4578, 2172, 832, 499, 229, 95),
('2026-01-31', 'hdl-广州-天河城-01', 133260, 23711, 5216, 2449, 948, 569, 261, 105),
('2026-02-28', 'hdl-广州-天河城-01', 131862, 23339, 5135, 2427, 934, 560, 257, 125),
('2026-03-31', 'hdl-广州-天河城-01', 130752, 23046, 5070, 2409, 922, 553, 254, 108),
('2026-04-30', 'hdl-广州-天河城-01', 129492, 22715, 4997, 2389, 909, 545, 250, 106),
('2026-05-31', 'hdl-广州-天河城-01', 128244, 22389, 4926, 2368, 896, 537, 246, 96),
('2026-06-30', 'hdl-广州-天河城-01', 126984, 22063, 4854, 2348, 883, 530, 243, 117),
('2024-01-31', 'hdl-广州-天河城-02', 69346, 11140, 2451, 1306, 446, 267, 123, 95),
('2024-02-29', 'hdl-广州-天河城-02', 70321, 11362, 2500, 1340, 454, 273, 125, 123),
('2024-03-31', 'hdl-广州-天河城-02', 71102, 11541, 2539, 1367, 462, 277, 127, 107),
('2024-04-30', 'hdl-广州-天河城-02', 71984, 11745, 2584, 1399, 470, 282, 129, 96),
('2024-05-31', 'hdl-广州-天河城-02', 72857, 11948, 2629, 1430, 478, 287, 131, 106),
('2024-06-30', 'hdl-广州-天河城-02', 73739, 12154, 2674, 1098, 486, 292, 134, 108),
('2024-07-31', 'hdl-广州-天河城-02', 74613, 12360, 2719, 1124, 494, 297, 136, 129),
('2024-08-31', 'hdl-广州-天河城-02', 75491, 12569, 2765, 1151, 503, 302, 138, 97),
('2024-09-30', 'hdl-广州-天河城-02', 76373, 12780, 2812, 1179, 511, 307, 141, 121),
('2024-10-31', 'hdl-广州-天河城-02', 95680, 13943, 3067, 1478, 558, 335, 153, 104),
('2024-11-30', 'hdl-广州-天河城-02', 96562, 14153, 3114, 1509, 566, 340, 156, 123),
('2024-12-31', 'hdl-广州-天河城-02', 97436, 14362, 3160, 1541, 574, 345, 158, 116),
('2025-01-31', 'hdl-广州-天河城-02', 123282, 21461, 4721, 2278, 858, 515, 236, 100),
('2025-02-28', 'hdl-广州-天河城-02', 124540, 21564, 4744, 2304, 863, 518, 237, 111),
('2025-03-31', 'hdl-广州-天河城-02', 125539, 21644, 4762, 2325, 866, 519, 238, 123),
('2025-04-30', 'hdl-广州-天河城-02', 126673, 21733, 4781, 2348, 869, 522, 239, 126),
('2025-05-31', 'hdl-广州-天河城-02', 127796, 21819, 4800, 2371, 873, 524, 240, 105),
('2025-06-30', 'hdl-广州-天河城-02', 128930, 21905, 4819, 2394, 876, 526, 241, 122),
('2025-07-31', 'hdl-广州-天河城-02', 130054, 21987, 4837, 2417, 879, 528, 242, 116),
('2025-08-31', 'hdl-广州-天河城-02', 131182, 22068, 4855, 2440, 883, 530, 243, 98),
('2025-09-30', 'hdl-广州-天河城-02', 132316, 22148, 4873, 2462, 886, 532, 244, 116),
('2025-10-31', 'hdl-广州-天河城-02', 103140, 15368, 3381, 1459, 615, 369, 169, 126),
('2025-11-30', 'hdl-广州-天河城-02', 104274, 15449, 3399, 1477, 618, 371, 170, 123),
('2025-12-31', 'hdl-广州-天河城-02', 105397, 15528, 3416, 1494, 621, 373, 171, 114),
('2026-01-31', 'hdl-广州-天河城-02', 125106, 18616, 4096, 1771, 745, 447, 205, 111),
('2026-02-28', 'hdl-广州-天河城-02', 123708, 18293, 4024, 1753, 732, 439, 201, 119),
('2026-03-31', 'hdl-广州-天河城-02', 122598, 18038, 3968, 1738, 722, 433, 198, 123),
('2026-04-30', 'hdl-广州-天河城-02', 121338, 17751, 3905, 1722, 710, 426, 195, 104),
('2026-05-31', 'hdl-广州-天河城-02', 120090, 17468, 3843, 1705, 699, 419, 192, 100),
('2026-06-30', 'hdl-广州-天河城-02', 118830, 17185, 3781, 1688, 687, 412, 189, 124),
('2024-01-31', 'hdl-广州-北京路-01', 129511, 19351, 4257, 1802, 774, 464, 213, 123),
('2024-02-29', 'hdl-广州-北京路-01', 127562, 19178, 4219, 1772, 767, 460, 211, 95),
('2024-03-31', 'hdl-广州-北京路-01', 126000, 19037, 4188, 1749, 761, 457, 209, 100),
('2024-04-30', 'hdl-广州-北京路-01', 208236, 31637, 6960, 2886, 1265, 759, 348, 127),
('2024-05-31', 'hdl-广州-北京路-01', 206489, 31543, 6939, 2858, 1262, 757, 347, 114),
('2024-06-30', 'hdl-广州-北京路-01', 204725, 31446, 6918, 3773, 1258, 755, 346, 100),
('2024-07-31', 'hdl-广州-北京路-01', 202978, 31346, 6896, 3741, 1254, 752, 345, 102),
('2024-08-31', 'hdl-广州-北京路-01', 201222, 31243, 6873, 3709, 1250, 750, 344, 124),
('2024-09-30', 'hdl-广州-北京路-01', 199458, 31137, 6850, 3677, 1245, 747, 343, 102),
('2024-10-31', 'hdl-广州-北京路-01', 160843, 28066, 6175, 2927, 1123, 674, 309, 97),
('2024-11-30', 'hdl-广州-北京路-01', 159079, 27892, 6136, 2892, 1116, 669, 307, 95),
('2024-12-31', 'hdl-广州-北京路-01', 157332, 27717, 6098, 2856, 1109, 665, 305, 108),
('2025-01-31', 'hdl-广州-北京路-01', 196528, 28557, 6283, 2791, 1142, 685, 314, 107),
('2025-02-28', 'hdl-广州-北京路-01', 199044, 28737, 6322, 2829, 1149, 690, 316, 103),
('2025-03-31', 'hdl-广州-北京路-01', 201042, 28877, 6353, 2859, 1155, 693, 318, 95),
('2025-04-30', 'hdl-广州-北京路-01', 203310, 29032, 6387, 2892, 1161, 697, 319, 119),
('2025-05-31', 'hdl-广州-北京路-01', 205556, 29182, 6420, 2925, 1167, 700, 321, 118),
('2025-06-30', 'hdl-广州-北京路-01', 207824, 29329, 6452, 2959, 1173, 704, 323, 130),
('2025-07-31', 'hdl-广州-北京路-01', 210071, 29471, 6484, 2991, 1179, 707, 324, 109),
('2025-08-31', 'hdl-广州-北京路-01', 212328, 38104, 8383, 3891, 1524, 914, 419, 105),
('2025-09-30', 'hdl-广州-北京路-01', 214596, 38330, 8433, 3939, 1533, 920, 422, 108),
('2025-10-31', 'hdl-广州-北京路-01', 264244, 42339, 9315, 4934, 1694, 1016, 466, 127),
('2025-11-30', 'hdl-广州-北京路-01', 266512, 42479, 9345, 4978, 1699, 1019, 467, 116),
('2025-12-31', 'hdl-广州-北京路-01', 268758, 42613, 9375, 5020, 1705, 1023, 469, 121),
('2026-01-31', 'hdl-广州-北京路-01', 294192, 47080, 10358, 5494, 1883, 1130, 518, 104),
('2026-02-28', 'hdl-广州-北京路-01', 296988, 47251, 10395, 5547, 1890, 1134, 520, 126),
('2026-03-31', 'hdl-广州-北京路-01', 299208, 47383, 10424, 5589, 1895, 1137, 521, 116),
('2026-04-30', 'hdl-广州-北京路-01', 181728, 28626, 6298, 3394, 1145, 687, 315, 111),
('2026-05-31', 'hdl-广州-北京路-01', 184224, 28866, 6351, 3441, 1155, 693, 318, 127),
('2026-06-30', 'hdl-广州-北京路-01', 186744, 29104, 6403, 3488, 1164, 698, 320, 99),
('2024-01-31', 'hdl-南京-新街口-01', 90527, 15018, 3304, 1369, 601, 360, 165, 95),
('2024-02-29', 'hdl-南京-新街口-01', 89552, 14939, 3287, 1372, 598, 359, 164, 123),
('2024-03-31', 'hdl-南京-新街口-01', 88771, 14875, 3273, 1374, 595, 357, 164, 107),
('2024-04-30', 'hdl-南京-新街口-01', 87889, 14801, 3256, 1377, 592, 355, 163, 120),
('2024-05-31', 'hdl-南京-新街口-01', 87016, 14727, 3240, 1379, 589, 353, 162, 106),
('2024-06-30', 'hdl-南京-新街口-01', 86134, 14650, 3223, 1381, 586, 352, 161, 108),
('2024-07-31', 'hdl-南京-新街口-01', 85260, 14572, 3206, 1383, 583, 350, 160, 129),
('2024-08-31', 'hdl-南京-新街口-01', 84382, 14492, 3188, 1384, 580, 348, 159, 97),
('2024-09-30', 'hdl-南京-新街口-01', 83500, 14411, 3170, 1386, 576, 346, 159, 130),
('2024-10-31', 'hdl-南京-新街口-01', 64193, 9692, 2132, 1066, 388, 233, 107, 112),
('2024-11-30', 'hdl-南京-新街口-01', 63311, 9612, 2115, 1063, 384, 231, 106, 123),
('2024-12-31', 'hdl-南京-新街口-01', 104437, 15942, 3507, 1773, 638, 383, 175, 116),
('2025-01-31', 'hdl-南京-新街口-01', 82269, 13889, 3056, 1529, 556, 333, 153, 100),
('2025-02-28', 'hdl-南京-新街口-01', 81011, 13601, 2992, 1507, 544, 326, 150, 111),
('2025-03-31', 'hdl-南京-新街口-01', 134012, 22401, 4928, 2494, 896, 538, 246, 123),
('2025-04-30', 'hdl-南京-新街口-01', 132878, 22100, 4862, 2475, 884, 530, 243, 126),
('2025-05-31', 'hdl-南京-新街口-01', 131755, 21803, 4797, 2455, 872, 523, 240, 111),
('2025-06-30', 'hdl-南京-新街口-01', 130621, 21506, 4731, 2435, 860, 516, 237, 122),
('2025-07-31', 'hdl-南京-新街口-01', 129497, 21213, 4667, 2415, 849, 509, 233, 116),
('2025-08-31', 'hdl-南京-新街口-01', 128369, 20921, 4603, 2395, 837, 502, 230, 98),
('2025-09-30', 'hdl-南京-新街口-01', 127235, 20629, 4538, 2375, 825, 495, 227, 116),
('2025-10-31', 'hdl-南京-新街口-01', 102411, 14721, 3239, 1456, 589, 353, 162, 99),
('2025-11-30', 'hdl-南京-新街口-01', 101277, 14473, 3184, 1441, 579, 347, 159, 128),
('2025-12-31', 'hdl-南京-新街口-01', 100154, 14229, 3130, 1425, 569, 341, 157, 114),
('2026-01-31', 'hdl-南京-新街口-01', 110280, 15831, 3483, 1568, 633, 380, 174, 104),
('2026-02-28', 'hdl-南京-新街口-01', 111678, 15928, 3504, 1589, 637, 382, 175, 119),
('2026-03-31', 'hdl-南京-新街口-01', 112788, 16002, 3520, 1605, 640, 384, 176, 123),
('2026-04-30', 'hdl-南京-新街口-01', 114048, 16085, 3539, 1624, 643, 386, 177, 104),
('2026-05-31', 'hdl-南京-新街口-01', 115296, 16165, 3556, 1642, 647, 388, 178, 100),
('2026-06-30', 'hdl-南京-新街口-01', 116556, 20906, 4599, 2136, 836, 502, 230, 127),
('2024-01-31', 'hdl-南京-新街口-02', 83181, 13723, 3019, 1550, 549, 329, 151, 114),
('2024-02-29', 'hdl-南京-新街口-02', 84155, 13806, 3037, 1569, 552, 331, 152, 109),
('2024-03-31', 'hdl-南京-新街口-02', 84937, 13871, 3052, 1585, 555, 333, 153, 102),
('2024-04-30', 'hdl-南京-新街口-02', 85819, 13943, 3067, 1602, 558, 335, 153, 113),
('2024-05-31', 'hdl-南京-新街口-02', 86692, 14013, 3083, 1618, 561, 336, 154, 125),
('2024-06-30', 'hdl-南京-新街口-02', 87574, 14082, 3098, 1635, 563, 338, 155, 102),
('2024-07-31', 'hdl-南京-新街口-02', 88448, 14148, 3113, 1652, 566, 340, 156, 102),
('2024-08-31', 'hdl-南京-新街口-02', 89326, 14214, 3127, 1668, 569, 341, 156, 112),
('2024-09-30', 'hdl-南京-新街口-02', 90208, 14279, 3141, 1685, 571, 343, 157, 124),
('2024-10-31', 'hdl-南京-新街口-02', 67515, 12146, 2672, 1236, 486, 292, 134, 105),
('2024-11-30', 'hdl-南京-新街口-02', 68397, 12247, 2694, 1254, 490, 294, 135, 109),
('2024-12-31', 'hdl-南京-新街口-02', 69271, 12346, 2716, 1272, 494, 296, 136, 129),
('2025-01-31', 'hdl-南京-新街口-02', 87070, 15647, 3442, 1595, 626, 376, 172, 97),
('2025-02-28', 'hdl-南京-新街口-02', 88328, 15791, 3474, 1621, 632, 379, 174, 98),
('2025-03-31', 'hdl-南京-新街口-02', 89327, 15903, 3499, 1641, 636, 382, 175, 109),
('2025-04-30', 'hdl-南京-新街口-02', 90461, 16029, 3526, 1664, 641, 385, 176, 97),
('2025-05-31', 'hdl-南京-新街口-02', 91584, 16152, 3553, 1687, 646, 388, 178, 105),
('2025-06-30', 'hdl-南京-新街口-02', 92718, 16274, 3580, 1710, 651, 391, 179, 109),
('2025-07-31', 'hdl-南京-新街口-02', 93841, 16393, 3606, 1733, 656, 393, 180, 128),
('2025-08-31', 'hdl-南京-新街口-02', 94970, 16511, 3632, 1756, 660, 396, 182, 98),
('2025-09-30', 'hdl-南京-新街口-02', 96104, 16627, 3658, 1778, 665, 399, 183, 128),
('2025-10-31', 'hdl-南京-新街口-02', 120928, 18698, 4114, 1697, 748, 449, 206, 105),
('2025-11-30', 'hdl-南京-新街口-02', 122062, 18771, 4130, 1715, 751, 451, 206, 121),
('2025-12-31', 'hdl-南京-新街口-02', 123185, 18841, 4145, 1733, 754, 452, 207, 117),
('2026-01-31', 'hdl-南京-新街口-02', 105342, 16268, 3579, 1479, 651, 390, 179, 98),
('2026-02-28', 'hdl-南京-新街口-02', 103944, 15955, 3510, 1461, 638, 383, 176, 112),
('2026-03-31', 'hdl-南京-新街口-02', 102834, 15709, 3456, 1448, 628, 377, 173, 121),
('2026-04-30', 'hdl-南京-新街口-02', 101574, 15431, 3395, 1432, 617, 370, 170, 128),
('2026-05-31', 'hdl-南京-新街口-02', 100326, 15158, 3335, 1416, 606, 364, 167, 106),
('2026-06-30', 'hdl-南京-新街口-02', 99066, 14884, 3274, 1400, 595, 357, 164, 121),
('2024-01-31', 'hdl-南京-河西万达-01', 151830, 25611, 5634, 2822, 1024, 615, 282, 128),
('2024-02-29', 'hdl-南京-河西万达-01', 153779, 25797, 5675, 2861, 1032, 619, 284, 125),
('2024-03-31', 'hdl-南京-河西万达-01', 155341, 25944, 5708, 2892, 1038, 623, 285, 105),
('2024-04-30', 'hdl-南京-河西万达-01', 157105, 26106, 5743, 2926, 1044, 627, 287, 122),
('2024-05-31', 'hdl-南京-河西万达-01', 158852, 26265, 5778, 2960, 1051, 630, 289, 108),
('2024-06-30', 'hdl-南京-河西万达-01', 160616, 26421, 5813, 2995, 1057, 634, 291, 105),
('2024-07-31', 'hdl-南京-河西万达-01', 162364, 26574, 5846, 3029, 1063, 638, 292, 97),
('2024-08-31', 'hdl-南京-河西万达-01', 164119, 26724, 5879, 3062, 1069, 641, 294, 130),
('2024-09-30', 'hdl-南京-河西万达-01', 165883, 26872, 5912, 3096, 1075, 645, 296, 97),
('2024-10-31', 'hdl-南京-河西万达-01', 204498, 29367, 6461, 2908, 1175, 705, 323, 102),
('2024-11-30', 'hdl-南京-河西万达-01', 206262, 29447, 6478, 2934, 1178, 707, 324, 125),
('2024-12-31', 'hdl-南京-河西万达-01', 208009, 29523, 6495, 2960, 1181, 709, 325, 114),
('2025-01-31', 'hdl-南京-河西万达-01', 263455, 37782, 8312, 3747, 1511, 907, 416, 102),
('2025-02-28', 'hdl-南京-河西万达-01', 265972, 37895, 8337, 3784, 1516, 909, 417, 109),
('2025-03-31', 'hdl-南京-河西万达-01', 267970, 37981, 8356, 3814, 1519, 912, 418, 125),
('2025-04-30', 'hdl-南京-河西万达-01', 162238, 22859, 5029, 2310, 914, 549, 251, 124),
('2025-05-31', 'hdl-南京-河西万达-01', 164484, 23038, 5068, 2342, 922, 553, 253, 113),
('2025-06-30', 'hdl-南京-河西万达-01', 166752, 29886, 6575, 3057, 1195, 717, 329, 124),
('2025-07-31', 'hdl-南京-河西万达-01', 168998, 30148, 6633, 3103, 1206, 724, 332, 114),
('2025-08-31', 'hdl-南京-河西万达-01', 171256, 30408, 6690, 3149, 1216, 730, 334, 100),
('2025-09-30', 'hdl-南京-河西万达-01', 173524, 30664, 6746, 3195, 1227, 736, 337, 114),
('2025-10-31', 'hdl-南京-河西万达-01', 223171, 35334, 7773, 4168, 1413, 848, 389, 97),
('2025-11-30', 'hdl-南京-河西万达-01', 225439, 35504, 7811, 4211, 1420, 852, 391, 121),
('2025-12-31', 'hdl-南京-河西万达-01', 227686, 35668, 7847, 4253, 1427, 856, 392, 116),
('2026-01-31', 'hdl-南京-河西万达-01', 231444, 34960, 7691, 3212, 1398, 839, 385, 109),
('2026-02-28', 'hdl-南京-河西万达-01', 228648, 34751, 7645, 3169, 1390, 834, 382, 121),
('2026-03-31', 'hdl-南京-河西万达-01', 226428, 34581, 7608, 3134, 1383, 830, 380, 121),
('2026-04-30', 'hdl-南京-河西万达-01', 223908, 34384, 7564, 4126, 1375, 825, 378, 106),
('2026-05-31', 'hdl-南京-河西万达-01', 221412, 34185, 7521, 4081, 1367, 820, 376, 98),
('2026-06-30', 'hdl-南京-河西万达-01', 218892, 33980, 7476, 4035, 1359, 816, 374, 121),
('2024-01-31', 'hdl-武汉-江汉路-01', 63794, 10271, 2260, 1175, 411, 247, 113, 109),
('2024-02-29', 'hdl-武汉-江汉路-01', 64768, 10488, 2307, 1193, 420, 252, 115, 111),
('2024-03-31', 'hdl-武汉-江汉路-01', 65549, 10663, 2346, 1207, 427, 256, 117, 119),
('2024-04-30', 'hdl-武汉-江汉路-01', 66431, 10863, 2390, 1222, 435, 261, 119, 108),
('2024-05-31', 'hdl-武汉-江汉路-01', 67305, 11061, 2433, 1238, 442, 265, 122, 96),
('2024-06-30', 'hdl-武汉-江汉路-01', 68187, 11264, 2478, 1253, 451, 270, 124, 96),
('2024-07-31', 'hdl-武汉-江汉路-01', 69061, 11466, 2523, 1269, 459, 275, 126, 118),
('2024-08-31', 'hdl-武汉-江汉路-01', 69938, 11670, 2567, 1284, 467, 280, 128, 109),
('2024-09-30', 'hdl-武汉-江汉路-01', 70820, 11876, 2613, 1299, 475, 285, 131, 118),
('2024-10-31', 'hdl-武汉-江汉路-01', 90128, 13166, 2897, 1259, 527, 316, 145, 100),
('2024-11-30', 'hdl-武汉-江汉路-01', 91010, 13372, 2942, 1270, 535, 321, 147, 114),
('2024-12-31', 'hdl-武汉-江汉路-01', 91883, 13576, 2987, 1281, 543, 326, 149, 128),
('2025-01-31', 'hdl-武汉-江汉路-01', 99857, 17347, 3816, 1846, 694, 416, 191, 102),
('2025-02-28', 'hdl-武汉-江汉路-01', 98599, 17037, 3748, 1825, 681, 409, 187, 123),
('2025-03-31', 'hdl-武汉-江汉路-01', 97600, 16792, 3694, 1808, 672, 403, 185, 111),
('2025-04-30', 'hdl-武汉-江汉路-01', 96466, 16516, 3634, 1789, 661, 396, 182, 103),
('2025-05-31', 'hdl-武汉-江汉路-01', 95342, 16244, 3574, 1770, 650, 390, 179, 99),
('2025-06-30', 'hdl-武汉-江汉路-01', 94208, 15972, 3514, 1750, 639, 383, 176, 115),
('2025-07-31', 'hdl-武汉-江汉路-01', 93085, 15704, 3455, 1730, 628, 377, 173, 122),
('2025-08-31', 'hdl-武汉-江汉路-01', 91957, 15437, 3396, 1711, 617, 370, 170, 121),
('2025-09-30', 'hdl-武汉-江汉路-01', 90823, 15170, 3337, 1691, 607, 364, 167, 128),
('2025-10-31', 'hdl-武汉-江汉路-01', 119999, 17837, 3924, 1699, 713, 428, 196, 111),
('2025-11-30', 'hdl-武汉-江汉路-01', 118865, 17568, 3865, 1684, 703, 422, 193, 116),
('2025-12-31', 'hdl-武汉-江汉路-01', 117742, 17304, 3807, 1670, 692, 415, 190, 123),
('2026-01-31', 'hdl-武汉-江汉路-01', 133038, 19749, 4345, 1884, 790, 474, 217, 128),
('2026-02-28', 'hdl-武汉-江汉路-01', 131640, 19418, 4272, 1866, 777, 466, 214, 118),
('2026-03-31', 'hdl-武汉-江汉路-01', 130530, 19158, 4215, 1851, 766, 460, 211, 100),
('2026-04-30', 'hdl-武汉-江汉路-01', 129270, 18865, 4150, 1835, 755, 453, 208, 127),
('2026-05-31', 'hdl-武汉-江汉路-01', 128022, 18576, 4087, 1818, 743, 446, 204, 112),
('2026-06-30', 'hdl-武汉-江汉路-01', 126762, 18287, 4023, 1802, 731, 439, 201, 115),
('2024-01-31', 'hdl-武汉-江汉路-02', 87142, 13082, 2878, 1211, 523, 314, 144, 102),
('2024-02-29', 'hdl-武汉-江汉路-02', 86167, 13016, 2864, 1196, 521, 312, 143, 120),
('2024-03-31', 'hdl-武汉-江汉路-02', 85386, 12962, 2852, 1184, 518, 311, 143, 125),
('2024-04-30', 'hdl-武汉-江汉路-02', 84504, 12899, 2838, 1170, 516, 310, 142, 123),
('2024-05-31', 'hdl-武汉-江汉路-02', 83630, 12835, 2824, 1156, 513, 308, 141, 102),
('2024-06-30', 'hdl-武汉-江汉路-02', 82748, 12769, 2809, 1525, 511, 306, 140, 125),
('2024-07-31', 'hdl-武汉-江汉路-02', 81875, 12702, 2794, 1509, 508, 305, 140, 114),
('2024-08-31', 'hdl-武汉-江汉路-02', 80997, 12634, 2779, 1493, 505, 303, 139, 101),
('2024-09-30', 'hdl-武汉-江汉路-02', 80115, 12564, 2764, 1477, 503, 302, 138, 113),
('2024-10-31', 'hdl-武汉-江汉路-02', 102808, 18013, 3963, 1869, 721, 432, 198, 97),
('2024-11-30', 'hdl-武汉-江汉路-02', 101926, 17944, 3948, 1851, 718, 431, 197, 120),
('2024-12-31', 'hdl-武汉-江汉路-02', 101052, 17874, 3932, 1832, 715, 429, 197, 117),
('2025-01-31', 'hdl-武汉-江汉路-02', 123482, 17855, 3928, 1755, 714, 429, 196, 109),
('2025-02-28', 'hdl-武汉-江汉路-02', 124740, 17921, 3943, 1774, 717, 430, 197, 122),
('2025-03-31', 'hdl-武汉-江汉路-02', 125739, 17971, 3954, 1789, 719, 431, 198, 120),
('2025-04-30', 'hdl-武汉-江汉路-02', 126873, 18027, 3966, 1805, 721, 433, 198, 106),
('2025-05-31', 'hdl-武汉-江汉路-02', 127996, 18080, 3978, 1822, 723, 434, 199, 97),
('2025-06-30', 'hdl-武汉-江汉路-02', 129130, 18131, 3989, 1839, 725, 435, 199, 121),
('2025-07-31', 'hdl-武汉-江汉路-02', 130253, 23391, 5146, 2387, 936, 561, 257, 116),
('2025-08-31', 'hdl-武汉-江汉路-02', 131382, 23484, 5166, 2411, 939, 564, 258, 110),
('2025-09-30', 'hdl-武汉-江汉路-02', 132516, 23575, 5187, 2435, 943, 566, 259, 117),
('2025-10-31', 'hdl-武汉-江汉路-02', 103340, 16484, 3626, 1930, 659, 396, 181, 98),
('2025-11-30', 'hdl-武汉-江汉路-02', 104474, 16578, 3647, 1951, 663, 398, 182, 116),
('2025-12-31', 'hdl-武汉-江汉路-02', 105597, 16668, 3667, 1972, 667, 400, 183, 129),
('2026-01-31', 'hdl-武汉-江汉路-02', 115116, 18340, 4035, 2150, 734, 440, 202, 104),
('2026-02-28', 'hdl-武汉-江汉路-02', 116514, 18454, 4060, 2176, 738, 443, 203, 124),
('2026-03-31', 'hdl-武汉-江汉路-02', 117624, 18543, 4079, 2197, 742, 445, 204, 109),
('2026-04-30', 'hdl-武汉-江汉路-02', 118884, 18642, 4101, 2220, 746, 447, 205, 104),
('2026-05-31', 'hdl-武汉-江汉路-02', 120132, 18738, 4122, 2244, 750, 450, 206, 98),
('2026-06-30', 'hdl-武汉-江汉路-02', 121392, 18832, 4143, 1702, 753, 452, 207, 116),
('2024-01-31', 'hdl-武汉-光谷-01', 197635, 35562, 7824, 3564, 1422, 853, 391, 100),
('2024-02-29', 'hdl-武汉-光谷-01', 199584, 28114, 6185, 2798, 1125, 675, 309, 118),
('2024-03-31', 'hdl-武汉-光谷-01', 201146, 28484, 6266, 2819, 1139, 684, 313, 113),
('2024-04-30', 'hdl-武汉-光谷-01', 202910, 28904, 6359, 2842, 1156, 694, 318, 101),
('2024-05-31', 'hdl-武汉-光谷-01', 204658, 29323, 6451, 2865, 1173, 704, 323, 101),
('2024-06-30', 'hdl-武汉-光谷-01', 206422, 29750, 6545, 2888, 1190, 714, 327, 113),
('2024-07-31', 'hdl-武汉-光谷-01', 208169, 30175, 6639, 2911, 1207, 724, 332, 124),
('2024-08-31', 'hdl-武汉-光谷-01', 209924, 30604, 6733, 2933, 1224, 734, 337, 102),
('2024-09-30', 'hdl-武汉-光谷-01', 127688, 18723, 4119, 1782, 749, 449, 206, 126),
('2024-10-31', 'hdl-武汉-光谷-01', 166303, 27443, 6037, 3057, 1098, 659, 302, 109),
('2024-11-30', 'hdl-武汉-光谷-01', 168067, 27875, 6133, 3088, 1115, 669, 307, 118),
('2024-12-31', 'hdl-武汉-光谷-01', 169814, 28306, 6227, 3118, 1132, 679, 311, 121),
('2025-01-31', 'hdl-武汉-光谷-01', 214348, 33178, 7299, 3007, 1327, 796, 365, 130),
('2025-02-28', 'hdl-武汉-光谷-01', 216864, 33366, 7341, 3047, 1335, 801, 367, 116),
('2025-03-31', 'hdl-武汉-光谷-01', 218862, 33511, 7372, 3079, 1340, 804, 369, 118),
('2025-04-30', 'hdl-武汉-光谷-01', 221130, 33673, 7408, 3115, 1347, 808, 370, 129),
('2025-05-31', 'hdl-武汉-光谷-01', 223376, 33829, 7442, 3151, 1353, 812, 372, 110),
('2025-06-30', 'hdl-武汉-光谷-01', 225644, 33983, 7476, 3186, 1359, 816, 374, 117),
('2025-07-31', 'hdl-武汉-光谷-01', 227891, 34132, 7509, 3222, 1365, 819, 375, 121),
('2025-08-31', 'hdl-武汉-光谷-01', 230148, 34277, 7541, 3257, 1371, 823, 377, 128),
('2025-09-30', 'hdl-武汉-光谷-01', 232416, 34420, 7572, 3292, 1377, 826, 379, 121),
('2025-10-31', 'hdl-武汉-光谷-01', 174064, 29540, 6499, 3233, 1182, 709, 325, 121),
('2025-11-30', 'hdl-武汉-光谷-01', 176332, 29777, 6551, 3277, 1191, 715, 328, 128),
('2025-12-31', 'hdl-武汉-光谷-01', 178578, 30008, 6602, 3322, 1200, 720, 330, 109),
('2026-01-31', 'hdl-武汉-光谷-01', 286008, 48482, 10666, 5313, 1939, 1164, 533, 116),
('2026-02-28', 'hdl-武汉-光谷-01', 283212, 47744, 10504, 5265, 1910, 1146, 525, 114),
('2026-03-31', 'hdl-武汉-光谷-01', 280992, 47162, 10376, 5227, 1886, 1132, 519, 128),
('2026-04-30', 'hdl-武汉-光谷-01', 278472, 46505, 10231, 5184, 1860, 1116, 512, 99),
('2026-05-31', 'hdl-武汉-光谷-01', 275976, 45858, 10089, 5140, 1834, 1101, 504, 120),
('2026-06-30', 'hdl-武汉-光谷-01', 273456, 45210, 9946, 5096, 1808, 1085, 497, 129),
('2024-01-31', 'hdl-重庆-解放碑-01', 71686, 11508, 2532, 1348, 460, 276, 127, 105),
('2024-02-29', 'hdl-重庆-解放碑-01', 72660, 11731, 2581, 1382, 469, 282, 129, 107),
('2024-03-31', 'hdl-重庆-解放碑-01', 73441, 11912, 2621, 1410, 476, 286, 131, 122),
('2024-04-30', 'hdl-重庆-解放碑-01', 74323, 12118, 2666, 1442, 485, 291, 133, 104),
('2024-05-31', 'hdl-重庆-解放碑-01', 75197, 12323, 2711, 1474, 493, 296, 136, 99),
('2024-06-30', 'hdl-重庆-解放碑-01', 76079, 12531, 2757, 1131, 501, 301, 138, 128),
('2024-07-31', 'hdl-重庆-解放碑-01', 76952, 12739, 2803, 1158, 510, 306, 140, 111),
('2024-08-31', 'hdl-重庆-解放碑-01', 77830, 12949, 2849, 1185, 518, 311, 142, 112),
('2024-09-30', 'hdl-重庆-解放碑-01', 78712, 13162, 2896, 1213, 526, 316, 145, 115),
('2024-10-31', 'hdl-重庆-解放碑-01', 98020, 14272, 3140, 1512, 571, 343, 157, 96),
('2024-11-30', 'hdl-重庆-解放碑-01', 98902, 14484, 3186, 1543, 579, 348, 159, 117),
('2024-12-31', 'hdl-重庆-解放碑-01', 99775, 14695, 3233, 1575, 588, 353, 162, 120),
('2025-01-31', 'hdl-重庆-解放碑-01', 126290, 21999, 4840, 2333, 880, 528, 242, 106),
('2025-02-28', 'hdl-重庆-解放碑-01', 127548, 22099, 4862, 2360, 884, 530, 243, 124),
('2025-03-31', 'hdl-重庆-解放碑-01', 128547, 22177, 4879, 2380, 887, 532, 244, 108),
('2025-04-30', 'hdl-重庆-解放碑-01', 129681, 22264, 4898, 2404, 891, 534, 245, 106),
('2025-05-31', 'hdl-重庆-解放碑-01', 130804, 22348, 4917, 2427, 894, 536, 246, 96),
('2025-06-30', 'hdl-重庆-解放碑-01', 131938, 22431, 4935, 2450, 897, 538, 247, 118),
('2025-07-31', 'hdl-重庆-解放碑-01', 133061, 22511, 4952, 2472, 900, 540, 248, 119),
('2025-08-31', 'hdl-重庆-解放碑-01', 134190, 22590, 4970, 2495, 904, 542, 248, 107),
('2025-09-30', 'hdl-重庆-解放碑-01', 81324, 13622, 2997, 1513, 545, 327, 150, 96),
('2025-10-31', 'hdl-重庆-解放碑-01', 106148, 15828, 3482, 1502, 633, 380, 174, 114),
('2025-11-30', 'hdl-重庆-解放碑-01', 107282, 15907, 3500, 1519, 636, 382, 175, 112),
('2025-12-31', 'hdl-重庆-解放碑-01', 108405, 15984, 3516, 1537, 639, 384, 176, 126),
('2026-01-31', 'hdl-重庆-解放碑-01', 118236, 17608, 3874, 1673, 704, 423, 194, 124),
('2026-02-28', 'hdl-重庆-解放碑-01', 119634, 17704, 3895, 1695, 708, 425, 195, 121),
('2026-03-31', 'hdl-重庆-解放碑-01', 120744, 17779, 3911, 1712, 711, 427, 196, 112),
('2026-04-30', 'hdl-重庆-解放碑-01', 122004, 17862, 3930, 1731, 714, 429, 196, 123),
('2026-05-31', 'hdl-重庆-解放碑-01', 123252, 17943, 3947, 1750, 718, 431, 197, 115),
('2026-06-30', 'hdl-重庆-解放碑-01', 124512, 18021, 3965, 1769, 721, 433, 198, 112),
('2024-01-31', 'hdl-重庆-解放碑-02', 79250, 13500, 2970, 1471, 540, 324, 149, 99),
('2024-02-29', 'hdl-重庆-解放碑-02', 78275, 13261, 2917, 1454, 530, 318, 146, 124),
('2024-03-31', 'hdl-重庆-解放碑-02', 77494, 13071, 2876, 1441, 523, 314, 144, 122),
('2024-04-30', 'hdl-重庆-解放碑-02', 76612, 12858, 2829, 1425, 514, 309, 141, 127),
('2024-05-31', 'hdl-重庆-解放碑-02', 75739, 12649, 2783, 1410, 506, 304, 139, 110),
('2024-06-30', 'hdl-重庆-解放碑-02', 74857, 12439, 2737, 1394, 498, 299, 137, 121),
('2024-07-31', 'hdl-重庆-解放碑-02', 73983, 12232, 2691, 1379, 489, 294, 135, 117),
('2024-08-31', 'hdl-重庆-解放碑-02', 73105, 12025, 2646, 1363, 481, 289, 132, 97),
('2024-09-30', 'hdl-重庆-解放碑-02', 72223, 11820, 2600, 1347, 473, 284, 130, 117),
('2024-10-31', 'hdl-重庆-解放碑-02', 94916, 13788, 3033, 1348, 552, 331, 152, 100),
('2024-11-30', 'hdl-重庆-解放碑-02', 94034, 13581, 2988, 1336, 543, 326, 149, 127),
('2024-12-31', 'hdl-重庆-解放碑-02', 93160, 13377, 2943, 1325, 535, 321, 147, 113),
('2025-01-31', 'hdl-重庆-解放碑-02', 121770, 17665, 3886, 1730, 707, 424, 194, 104),
('2025-02-28', 'hdl-重庆-解放碑-02', 120512, 17371, 3822, 1713, 695, 417, 191, 118),
('2025-03-31', 'hdl-重庆-解放碑-02', 119513, 17138, 3770, 1700, 686, 411, 189, 124),
('2025-04-30', 'hdl-重庆-解放碑-02', 118379, 16876, 3713, 1684, 675, 405, 186, 103),
('2025-05-31', 'hdl-重庆-解放碑-02', 117256, 16618, 3656, 1669, 665, 399, 183, 101),
('2025-06-30', 'hdl-重庆-解放碑-02', 116122, 16360, 3599, 1653, 654, 393, 180, 126),
('2025-07-31', 'hdl-重庆-解放碑-02', 114998, 16106, 3543, 1638, 644, 387, 177, 113),
('2025-08-31', 'hdl-重庆-解放碑-02', 113870, 20408, 4490, 2088, 816, 490, 224, 114),
('2025-09-30', 'hdl-重庆-解放碑-02', 112736, 20110, 4424, 2070, 804, 483, 221, 113),
('2025-10-31', 'hdl-重庆-解放碑-02', 87912, 14065, 3094, 1642, 563, 338, 155, 130),
('2025-11-30', 'hdl-重庆-解放碑-02', 86778, 13811, 3038, 1621, 552, 331, 152, 119),
('2025-12-31', 'hdl-重庆-解放碑-02', 85655, 13561, 2983, 1600, 542, 325, 149, 118),
('2026-01-31', 'hdl-重庆-解放碑-02', 126390, 20197, 4443, 2360, 808, 485, 222, 107),
('2026-02-28', 'hdl-重庆-解放碑-02', 127788, 20301, 4466, 2387, 812, 487, 223, 123),
('2026-03-31', 'hdl-重庆-解放碑-02', 128898, 20382, 4484, 2408, 815, 489, 224, 106),
('2026-04-30', 'hdl-重庆-解放碑-02', 130158, 20472, 4504, 2431, 819, 491, 225, 108),
('2026-05-31', 'hdl-重庆-解放碑-02', 131406, 20559, 4523, 2454, 822, 493, 226, 129),
('2026-06-30', 'hdl-重庆-解放碑-02', 132666, 20644, 4542, 1858, 826, 495, 227, 120),
('2024-01-31', 'hdl-重庆-观音桥-01', 151116, 22995, 5059, 2129, 920, 552, 253, 107),
('2024-02-29', 'hdl-重庆-观音桥-01', 149167, 22560, 4963, 2105, 902, 541, 248, 109),
('2024-03-31', 'hdl-重庆-观音桥-01', 147605, 22214, 4887, 2085, 889, 533, 244, 120),
('2024-04-30', 'hdl-重庆-观音桥-01', 145841, 21826, 4802, 2062, 873, 524, 240, 106),
('2024-05-31', 'hdl-重庆-观音桥-01', 144094, 21445, 4718, 2039, 858, 515, 236, 97),
('2024-06-30', 'hdl-重庆-观音桥-01', 142330, 21063, 4634, 2016, 843, 506, 232, 130),
('2024-07-31', 'hdl-重庆-观音桥-01', 140582, 20687, 4551, 1993, 827, 496, 228, 116),
('2024-08-31', 'hdl-重庆-观音桥-01', 138827, 20313, 4469, 1970, 813, 488, 223, 110),
('2024-09-30', 'hdl-重庆-观音桥-01', 137063, 19939, 4387, 1946, 798, 479, 219, 117),
('2024-10-31', 'hdl-重庆-观音桥-01', 182448, 30485, 6707, 3396, 1219, 732, 335, 98),
('2024-11-30', 'hdl-重庆-观音桥-01', 180684, 30038, 6608, 3365, 1202, 721, 330, 116),
('2024-12-31', 'hdl-重庆-观音桥-01', 178937, 29599, 6512, 3335, 1184, 710, 326, 122),
('2025-01-31', 'hdl-重庆-观音桥-01', 234047, 33303, 7327, 3279, 1332, 799, 366, 104),
('2025-02-28', 'hdl-重庆-观音桥-01', 231530, 33161, 7295, 3242, 1326, 796, 365, 126),
('2025-03-31', 'hdl-重庆-观音桥-01', 229532, 33044, 7270, 3212, 1322, 793, 363, 109),
('2025-04-30', 'hdl-重庆-观音桥-01', 227264, 32909, 7240, 3178, 1316, 790, 362, 104),
('2025-05-31', 'hdl-重庆-观音桥-01', 225018, 32771, 7210, 3144, 1311, 787, 360, 98),
('2025-06-30', 'hdl-重庆-观音桥-01', 222750, 32628, 7178, 3110, 1305, 783, 359, 116),
('2025-07-31', 'hdl-重庆-观音桥-01', 220504, 32482, 7146, 3076, 1299, 780, 357, 121),
('2025-08-31', 'hdl-重庆-观音桥-01', 218246, 32332, 7113, 3041, 1293, 776, 356, 120),
('2025-09-30', 'hdl-重庆-观音桥-01', 215978, 32177, 7079, 3006, 1287, 772, 354, 129),
('2025-10-31', 'hdl-重庆-观音桥-01', 166331, 27839, 6125, 3052, 1114, 668, 306, 112),
('2025-11-30', 'hdl-重庆-观音桥-01', 164063, 27597, 6071, 3008, 1104, 662, 304, 114),
('2025-12-31', 'hdl-重庆-观音桥-01', 269816, 45611, 10034, 4944, 1824, 1095, 502, 124),
('2026-01-31', 'hdl-重庆-观音桥-01', 263328, 44125, 9708, 4831, 1765, 1059, 485, 126),
('2026-02-28', 'hdl-重庆-观音桥-01', 266124, 44842, 9865, 4879, 1794, 1076, 493, 119),
('2026-03-31', 'hdl-重庆-观音桥-01', 268344, 45415, 9991, 4916, 1817, 1090, 500, 101),
('2026-04-30', 'hdl-重庆-观音桥-01', 270864, 46069, 10135, 4957, 1843, 1106, 507, 125),
('2026-05-31', 'hdl-重庆-观音桥-01', 273360, 46721, 10279, 4998, 1869, 1121, 514, 113),
('2026-06-30', 'hdl-重庆-观音桥-01', 275880, 47383, 10424, 5039, 1895, 1137, 521, 114),
('2024-01-31', 'hdl-西安-钟楼-01', 67133, 9646, 2122, 1071, 386, 232, 106, 99),
('2024-02-29', 'hdl-西安-钟楼-01', 68107, 9722, 2139, 1073, 389, 233, 107, 124),
('2024-03-31', 'hdl-西安-钟楼-01', 68888, 9783, 2152, 1074, 391, 235, 108, 122),
('2024-04-30', 'hdl-西安-钟楼-01', 69770, 9849, 2167, 1075, 394, 236, 108, 98),
('2024-05-31', 'hdl-西安-钟楼-01', 70644, 9914, 2181, 1076, 397, 238, 109, 105),
('2024-06-30', 'hdl-西安-钟楼-01', 71526, 12839, 2825, 1385, 514, 308, 141, 122),
('2024-07-31', 'hdl-西安-钟楼-01', 72400, 12935, 2846, 1388, 517, 310, 142, 117),
('2024-08-31', 'hdl-西安-钟楼-01', 73277, 13031, 2867, 1390, 521, 313, 143, 97),
('2024-09-30', 'hdl-西安-钟楼-01', 74159, 13125, 2888, 1392, 525, 315, 144, 109),
('2024-10-31', 'hdl-西安-钟楼-01', 93467, 14824, 3261, 1367, 593, 356, 163, 125),
('2024-11-30', 'hdl-西安-钟楼-01', 94349, 14884, 3274, 1363, 595, 357, 164, 124),
('2024-12-31', 'hdl-西安-钟楼-01', 95222, 14943, 3287, 1359, 598, 359, 164, 113),
('2025-01-31', 'hdl-西安-钟楼-01', 95564, 14409, 3170, 1327, 576, 346, 158, 112),
('2025-02-28', 'hdl-西安-钟楼-01', 94306, 14307, 3148, 1307, 572, 343, 157, 118),
('2025-03-31', 'hdl-西安-钟楼-01', 93307, 14225, 3130, 1292, 569, 341, 156, 124),
('2025-04-30', 'hdl-西安-钟楼-01', 92173, 14129, 3108, 1274, 565, 339, 155, 112),
('2025-05-31', 'hdl-西安-钟楼-01', 91049, 14033, 3087, 1678, 561, 337, 154, 125),
('2025-06-30', 'hdl-西安-钟楼-01', 89915, 13934, 3065, 1657, 557, 334, 153, 124),
('2025-07-31', 'hdl-西安-钟楼-01', 88792, 13833, 3043, 1637, 553, 332, 152, 113),
('2025-08-31', 'hdl-西安-钟楼-01', 87664, 13731, 3021, 1616, 549, 330, 151, 113),
('2025-09-30', 'hdl-西安-钟楼-01', 86530, 13626, 2998, 1595, 545, 327, 150, 113),
('2025-10-31', 'hdl-西安-钟楼-01', 115706, 20348, 4477, 2101, 814, 488, 224, 121),
('2025-11-30', 'hdl-西安-钟楼-01', 114572, 20245, 4454, 2078, 810, 486, 223, 106),
('2025-12-31', 'hdl-西安-钟楼-01', 113449, 20141, 4431, 2055, 806, 483, 222, 97),
('2026-01-31', 'hdl-西安-钟楼-01', 128268, 22582, 4968, 2329, 903, 542, 248, 118),
('2026-02-28', 'hdl-西安-钟楼-01', 126870, 22454, 4940, 2300, 898, 539, 247, 127),
('2026-03-31', 'hdl-西安-钟楼-01', 125760, 22351, 4917, 2277, 894, 536, 246, 106),
('2026-04-30', 'hdl-西安-钟楼-01', 124500, 22232, 4891, 2251, 889, 534, 245, 108),
('2026-05-31', 'hdl-西安-钟楼-01', 123252, 22111, 4864, 2225, 884, 531, 243, 121),
('2026-06-30', 'hdl-西安-钟楼-01', 121992, 17108, 3764, 1711, 684, 411, 188, 105),
('2024-01-31', 'hdl-西安-钟楼-02', 72841, 11263, 2478, 1343, 451, 270, 124, 97),
('2024-02-29', 'hdl-西安-钟楼-02', 73815, 11482, 2526, 1361, 459, 276, 126, 95),
('2024-03-31', 'hdl-西安-钟楼-02', 74596, 11659, 2565, 1375, 466, 280, 128, 116),
('2024-04-30', 'hdl-西安-钟楼-02', 75478, 11861, 2609, 1391, 474, 285, 130, 98),
('2024-05-31', 'hdl-西安-钟楼-02', 76352, 12061, 2653, 1407, 482, 289, 133, 104),
('2024-06-30', 'hdl-西安-钟楼-02', 77234, 12266, 2699, 1424, 491, 294, 135, 110),
('2024-07-31', 'hdl-西安-钟楼-02', 78107, 12469, 2743, 1439, 499, 299, 137, 123),
('2024-08-31', 'hdl-西安-钟楼-02', 78985, 12676, 2789, 1455, 507, 304, 139, 126),
('2024-09-30', 'hdl-西安-钟楼-02', 79867, 12884, 2834, 1471, 515, 309, 142, 123),
('2024-10-31', 'hdl-西安-钟楼-02', 99175, 17823, 3921, 1789, 713, 428, 196, 106),
('2024-11-30', 'hdl-西安-钟楼-02', 100057, 14063, 3094, 1403, 563, 338, 155, 121),
('2024-12-31', 'hdl-西安-钟楼-02', 100930, 14269, 3139, 1415, 571, 342, 157, 118),
('2025-01-31', 'hdl-西安-钟楼-02', 127775, 22987, 5057, 2304, 919, 552, 253, 97),
('2025-02-28', 'hdl-西安-钟楼-02', 129033, 18172, 3998, 1809, 727, 436, 200, 113),
('2025-03-31', 'hdl-西安-钟楼-02', 130032, 18409, 4050, 1822, 736, 442, 202, 130),
('2025-04-30', 'hdl-西安-钟楼-02', 131166, 18680, 4110, 1837, 747, 448, 205, 97),
('2025-05-31', 'hdl-西安-钟楼-02', 132289, 18950, 4169, 1852, 758, 455, 208, 107),
('2025-06-30', 'hdl-西安-钟楼-02', 133423, 19225, 4230, 1867, 769, 461, 211, 120),
('2025-07-31', 'hdl-西安-钟楼-02', 134546, 19498, 4290, 1881, 780, 468, 214, 119),
('2025-08-31', 'hdl-西安-钟楼-02', 81675, 11905, 2619, 1141, 476, 286, 131, 120),
('2025-09-30', 'hdl-西安-钟楼-02', 82809, 12139, 2671, 1156, 486, 291, 134, 107),
('2025-10-31', 'hdl-西安-钟楼-02', 107633, 17758, 3907, 1979, 710, 426, 195, 124),
('2025-11-30', 'hdl-西安-钟楼-02', 108767, 18036, 3968, 1998, 721, 433, 198, 125),
('2025-12-31', 'hdl-西安-钟楼-02', 109890, 18314, 4029, 2018, 733, 440, 201, 112),
('2026-01-31', 'hdl-西安-钟楼-02', 119886, 19803, 4357, 2204, 792, 475, 218, 113),
('2026-02-28', 'hdl-西安-钟楼-02', 121284, 20147, 4432, 2228, 806, 484, 222, 117),
('2026-03-31', 'hdl-西安-钟楼-02', 122394, 20422, 4493, 2247, 817, 490, 225, 125),
('2026-04-30', 'hdl-西安-钟楼-02', 123654, 20736, 4562, 2269, 829, 498, 228, 114),
('2026-05-31', 'hdl-西安-钟楼-02', 124902, 21049, 4631, 2290, 842, 505, 232, 123),
('2026-06-30', 'hdl-西安-钟楼-02', 126162, 21367, 4701, 2311, 855, 513, 235, 126),
('2024-01-31', 'hdl-西安-小寨-01', 131006, 21902, 4818, 2404, 876, 526, 241, 129),
('2024-02-29', 'hdl-西安-小寨-01', 132955, 22351, 4917, 2438, 894, 536, 246, 129),
('2024-03-31', 'hdl-西安-小寨-01', 134518, 22714, 4997, 2465, 909, 545, 250, 99),
('2024-04-30', 'hdl-西安-小寨-01', 136282, 23127, 5088, 2495, 925, 555, 254, 128),
('2024-05-31', 'hdl-西安-小寨-01', 138029, 23538, 5178, 2525, 942, 565, 259, 111),
('2024-06-30', 'hdl-西安-小寨-01', 139793, 23956, 5270, 2555, 958, 575, 264, 116),
('2024-07-31', 'hdl-西安-小寨-01', 141540, 24373, 5362, 2584, 975, 585, 268, 122),
('2024-08-31', 'hdl-西安-小寨-01', 143296, 24795, 5455, 2613, 992, 595, 273, 127),
('2024-09-30', 'hdl-西安-小寨-01', 145060, 25222, 5549, 2642, 1009, 605, 277, 103),
('2024-10-31', 'hdl-西安-小寨-01', 183674, 27967, 6153, 2544, 1119, 671, 308, 120),
('2024-11-30', 'hdl-西安-小寨-01', 185438, 28391, 6246, 2565, 1136, 681, 312, 129),
('2024-12-31', 'hdl-西安-小寨-01', 187186, 28815, 6339, 3450, 1153, 692, 317, 108),
('2025-01-31', 'hdl-西安-小寨-01', 236682, 36085, 7939, 3277, 1443, 866, 397, 117),
('2025-02-28', 'hdl-西安-小寨-01', 239198, 36691, 8072, 3307, 1468, 881, 404, 113),
('2025-03-31', 'hdl-西安-小寨-01', 241196, 37176, 8179, 4445, 1487, 892, 409, 129),
('2025-04-30', 'hdl-西安-小寨-01', 243464, 37730, 8301, 4488, 1509, 906, 415, 118),
('2025-05-31', 'hdl-西安-小寨-01', 245711, 38283, 8422, 4530, 1531, 919, 421, 119),
('2025-06-30', 'hdl-西安-小寨-01', 247979, 38844, 8546, 4571, 1554, 932, 427, 130),
('2025-07-31', 'hdl-西安-小寨-01', 250225, 39404, 8669, 4613, 1576, 946, 433, 107),
('2025-08-31', 'hdl-西安-小寨-01', 252482, 39971, 8794, 4654, 1599, 959, 440, 119),
('2025-09-30', 'hdl-西安-小寨-01', 254750, 40544, 8920, 4695, 1622, 973, 446, 108),
('2025-10-31', 'hdl-西安-小寨-01', 196398, 34869, 7671, 3557, 1395, 837, 384, 126),
('2025-11-30', 'hdl-西安-小寨-01', 198666, 35438, 7796, 3593, 1418, 851, 390, 101),
('2025-12-31', 'hdl-西安-小寨-01', 200912, 36006, 7921, 3628, 1440, 864, 396, 103),
('2026-01-31', 'hdl-西安-小寨-01', 261192, 37158, 8175, 3717, 1486, 892, 409, 113),
('2026-02-28', 'hdl-西安-小寨-01', 258396, 36520, 8034, 3678, 1461, 876, 402, 98),
('2026-03-31', 'hdl-西安-小寨-01', 256176, 36016, 7924, 3647, 1441, 864, 396, 101),
('2026-04-30', 'hdl-西安-小寨-01', 253656, 45595, 10031, 4646, 1824, 1094, 502, 113),
('2026-05-31', 'hdl-西安-小寨-01', 251160, 44938, 9886, 4607, 1798, 1079, 494, 127),
('2026-06-30', 'hdl-西安-小寨-01', 248640, 44278, 9741, 4568, 1771, 1063, 487, 100)
on conflict (month, poi_id) do update set exposure = excluded.exposure, visits = excluded.visits;
